Episode,Score,Success,Fish,Difficulty,Behavior,Episode_Length,Epsilon,Win_Streak,Avg_Score_100,Win_Rate_100,Easy_Success_Rate,Medium_Success_Rate,Hard_Success_Rate
1,-11.23,0,Carp,15,mixed,167,0.2000,0,-11.23,0.0,0.0,0.0,0.0
2,-17.40,0,Perch,35,dart,222,0.2000,0,-14.31,0.0,0.0,0.0,0.0
3,-19.91,0,Bream,35,smooth,300,0.2000,0,-16.18,0.0,0.0,0.0,0.0
4,-18.33,0,Anchovy,30,dart,190,0.2000,0,-16.72,0.0,0.0,0.0,0.0
5,-19.03,0,Sunfish,30,mixed,177,0.2000,0,-17.18,0.0,0.0,0.0,0.0
6,-18.17,0,Sardine,30,dart,167,0.2000,0,-17.34,0.0,0.0,0.0,0.0
7,-16.31,0,Anchovy,30,dart,222,0.2000,0,-17.20,0.0,0.0,0.0,0.0
8,-8.27,0,Chub,35,dart,419,0.2000,0,-16.08,0.0,0.0,0.0,0.0
9,-10.13,0,Carp,15,mixed,189,0.2000,0,-15.42,0.0,0.0,0.0,0.0
10,-5.32,0,Anchovy,30,dart,362,0.2000,0,-14.41,0.0,0.0,0.0,0.0
11,-13.71,0,Herring,25,dart,197,0.2000,0,-14.35,0.0,0.0,0.0,0.0
12,-9.99,0,Carp,15,mixed,195,0.2000,0,-13.98,0.0,0.0,0.0,0.0
13,3.13,0,Sardine,30,dart,564,0.2000,0,-12.67,7.7,0.0,0.0,0.0
14,-11.76,0,Smallmouth Bass,28,mixed,267,0.2000,0,-12.60,7.1,0.0,0.0,0.0
15,-10.22,0,Carp,15,mixed,204,0.2000,0,-12.44,6.7,0.0,0.0,0.0
16,-14.11,0,Sunfish,30,mixed,209,0.2000,0,-12.55,6.2,0.0,0.0,0.0
17,-10.71,0,Carp,15,mixed,167,0.2000,0,-12.44,5.9,0.0,0.0,0.0
18,-13.11,0,Smallmouth Bass,28,mixed,222,0.2000,0,-12.48,5.6,0.0,0.0,0.0
19,-10.86,0,Carp,15,mixed,167,0.2000,0,-12.39,5.3,0.0,0.0,0.0
20,-16.67,0,Sardine,30,dart,185,0.2000,0,-12.61,5.0,0.0,0.0,0.0
21,-11.30,0,Smallmouth Bass,28,mixed,354,0.2000,0,-12.54,4.8,0.0,0.0,0.0
22,65.21,1,Sunfish,30,mixed,1440,0.2000,1,-9.01,9.1,4.5,0.0,0.0
23,19.12,0,Smallmouth Bass,28,mixed,1205,0.2000,0,-7.79,13.0,4.3,0.0,0.0
24,-3.51,0,Herring,25,dart,492,0.2000,0,-7.61,12.5,4.2,0.0,0.0
25,54.75,1,Sardine,30,dart,703,0.2000,1,-5.11,16.0,8.0,0.0,0.0
26,48.78,1,Smallmouth Bass,28,mixed,518,0.2000,2,-3.04,19.2,11.5,0.0,0.0
27,70.14,1,Perch,35,dart,893,0.2000,3,-0.33,22.2,14.8,0.0,0.0
28,-19.68,0,Sea Cucumber,40,sinker,167,0.2000,0,-1.02,21.4,14.3,0.0,0.0
29,56.57,1,Smallmouth Bass,28,mixed,720,0.2000,1,0.96,24.1,17.2,0.0,0.0
30,49.02,1,Smallmouth Bass,28,mixed,383,0.2000,2,2.57,26.7,20.0,0.0,0.0
31,83.33,1,Red Snapper,40,mixed,663,0.2000,3,5.17,29.0,22.6,0.0,0.0
32,51.24,1,Smallmouth Bass,28,mixed,320,0.2000,4,6.61,31.2,25.0,0.0,0.0
33,61.94,1,Red Snapper,40,mixed,323,0.2000,5,8.29,33.3,27.3,0.0,0.0
34,50.83,1,Anchovy,30,dart,335,0.2000,6,9.54,35.3,29.4,0.0,0.0
35,46.49,1,Smallmouth Bass,28,mixed,323,0.2000,7,10.59,37.1,31.4,0.0,0.0
36,45.84,1,Sardine,30,dart,328,0.2000,8,11.57,38.9,33.3,0.0,0.0
37,61.38,1,Red Snapper,40,mixed,325,0.2000,9,12.92,40.5,35.1,0.0,0.0
38,50.57,1,Sardine,30,dart,350,0.2000,10,13.91,42.1,36.8,0.0,0.0
39,26.72,1,Carp,15,mixed,325,0.2000,11,14.24,43.6,38.5,0.0,0.0
40,64.95,1,Red Snapper,40,mixed,335,0.2000,12,15.51,45.0,40.0,0.0,0.0
41,53.36,1,Chub,35,dart,340,0.2000,13,16.43,46.3,41.5,0.0,0.0
42,66.21,1,Sea Cucumber,40,sinker,540,0.2000,14,17.62,47.6,42.9,0.0,0.0
43,53.12,1,Perch,35,dart,413,0.2000,15,18.44,48.8,44.2,0.0,0.0
44,52.92,1,Chub,35,dart,338,0.2000,16,19.22,50.0,45.5,0.0,0.0
45,61.94,1,Sea Cucumber,40,sinker,335,0.2000,17,20.17,51.1,46.7,0.0,0.0
46,47.30,1,Smallmouth Bass,28,mixed,333,0.2000,18,20.76,52.2,47.8,0.0,0.0
47,47.10,1,Smallmouth Bass,28,mixed,333,0.2000,19,21.32,53.2,48.9,0.0,0.0
48,59.13,1,Bream,35,smooth,328,0.2000,20,22.11,54.2,50.0,0.0,0.0
49,50.87,1,Sunfish,30,mixed,330,0.2000,21,22.70,55.1,51.0,0.0,0.0
50,74.48,1,Sea Cucumber,40,sinker,513,0.2000,22,23.73,56.0,52.0,0.0,0.0
51,50.26,1,Smallmouth Bass,28,mixed,325,0.2000,23,24.25,56.9,52.9,0.0,0.0
52,66.79,1,Red Snapper,40,mixed,330,0.2000,24,25.07,57.7,53.8,0.0,0.0
53,58.09,1,Chub,35,dart,330,0.2000,25,25.70,58.5,54.7,0.0,0.0
54,50.93,1,Smallmouth Bass,28,mixed,335,0.2000,26,26.16,59.3,55.6,0.0,0.0
55,57.19,1,Bream,35,smooth,323,0.2000,27,26.73,60.0,56.4,0.0,0.0
56,46.28,1,Sardine,30,dart,353,0.2000,28,27.08,60.7,57.1,0.0,0.0
57,57.84,1,Bream,35,smooth,338,0.2000,29,27.62,61.4,57.9,0.0,0.0
58,49.37,1,Sardine,30,dart,330,0.2000,30,27.99,62.1,58.6,0.0,0.0
59,32.62,1,Carp,15,mixed,340,0.2000,31,28.07,62.7,59.3,0.0,0.0
60,29.76,1,Carp,15,mixed,323,0.2000,32,28.10,63.3,60.0,0.0,0.0
61,45.78,1,Smallmouth Bass,28,mixed,318,0.2000,33,28.39,63.9,60.7,0.0,0.0
62,62.47,1,Red Snapper,40,mixed,323,0.2000,34,28.94,64.5,61.3,0.0,0.0
63,43.37,1,Herring,25,dart,320,0.2000,35,29.17,65.1,61.9,0.0,0.0
64,57.80,1,Bream,35,smooth,340,0.2000,36,29.61,65.6,62.5,0.0,0.0
65,48.28,1,Anchovy,30,dart,325,0.2000,37,29.90,66.2,63.1,0.0,0.0
66,69.46,1,Red Snapper,40,mixed,335,0.2000,38,30.50,66.7,63.6,0.0,0.0
67,68.53,1,Red Snapper,40,mixed,325,0.2000,39,31.07,67.2,64.2,0.0,0.0
68,62.04,1,Sea Cucumber,40,sinker,318,0.2000,40,31.52,67.6,64.7,0.0,0.0
69,60.52,1,Red Snapper,40,mixed,325,0.2000,41,31.94,68.1,65.2,0.0,0.0
70,71.05,1,Sea Cucumber,40,sinker,453,0.2000,42,32.50,68.6,65.7,0.0,0.0
71,58.54,1,Perch,35,dart,330,0.2000,43,32.87,69.0,66.2,0.0,0.0
72,48.01,1,Sunfish,30,mixed,318,0.2000,44,33.08,69.4,66.7,0.0,0.0
73,44.29,1,Smallmouth Bass,28,mixed,318,0.2000,45,33.23,69.9,67.1,0.0,0.0
74,46.81,1,Anchovy,30,dart,350,0.2000,46,33.42,70.3,67.6,0.0,0.0
75,30.58,1,Carp,15,mixed,328,0.2000,47,33.38,70.7,68.0,0.0,0.0
76,48.18,1,Sardine,30,dart,323,0.2000,48,33.57,71.1,68.4,0.0,0.0
77,53.95,1,Sunfish,30,mixed,323,0.2000,49,33.84,71.4,68.8,0.0,0.0
78,37.12,1,Herring,25,dart,343,0.2000,50,33.88,71.8,69.2,0.0,0.0
79,42.29,1,Herring,25,dart,325,0.2000,51,33.99,72.2,69.6,0.0,0.0
80,60.99,1,Perch,35,dart,328,0.2000,52,34.32,72.5,70.0,0.0,0.0
81,59.20,1,Chub,35,dart,320,0.2000,53,34.63,72.8,70.4,0.0,0.0
82,79.84,1,Sea Cucumber,40,sinker,605,0.2000,54,35.18,73.2,70.7,0.0,0.0
83,52.50,1,Sunfish,30,mixed,338,0.2000,55,35.39,73.5,71.1,0.0,0.0
84,56.12,1,Chub,35,dart,318,0.2000,56,35.64,73.8,71.4,0.0,0.0
85,48.34,1,Smallmouth Bass,28,mixed,325,0.2000,57,35.79,74.1,71.8,0.0,0.0
86,49.80,1,Smallmouth Bass,28,mixed,328,0.2000,58,35.95,74.4,72.1,0.0,0.0
87,68.83,1,Red Snapper,40,mixed,330,0.2000,59,36.33,74.7,72.4,0.0,0.0
88,59.24,1,Perch,35,dart,335,0.2000,60,36.59,75.0,72.7,0.0,0.0
89,49.00,1,Smallmouth Bass,28,mixed,330,0.2000,61,36.73,75.3,73.0,0.0,0.0
90,57.26,1,Bream,35,smooth,328,0.2000,62,36.96,75.6,73.3,0.0,0.0
91,49.83,1,Anchovy,30,dart,375,0.2000,63,37.10,75.8,73.6,0.0,0.0
92,51.14,1,Sardine,30,dart,325,0.2000,64,37.25,76.1,73.9,0.0,0.0
93,56.99,1,Perch,35,dart,373,0.2000,65,37.46,76.3,74.2,0.0,0.0
94,57.49,1,Bream,35,smooth,330,0.2000,66,37.68,76.6,74.5,0.0,0.0
95,52.55,1,Anchovy,30,dart,315,0.2000,67,37.83,76.8,74.7,0.0,0.0
96,58.72,1,Perch,35,dart,333,0.2000,68,38.05,77.1,75.0,0.0,0.0
97,60.99,1,Red Snapper,40,mixed,340,0.2000,69,38.29,77.3,75.3,0.0,0.0
98,70.01,1,Red Snapper,40,mixed,333,0.2000,70,38.61,77.6,75.5,0.0,0.0
99,46.85,1,Anchovy,30,dart,340,0.2000,71,38.69,77.8,75.8,0.0,0.0
100,52.08,1,Sunfish,30,mixed,325,0.2000,72,38.83,78.0,76.0,0.0,0.0
101,65.70,1,Red Snapper,40,mixed,448,0.1999,73,39.60,79.0,76.2,0.0,0.0
102,50.60,1,Smallmouth Bass,28,mixed,328,0.1999,74,40.28,80.0,76.5,0.0,0.0
103,50.96,1,Smallmouth Bass,28,mixed,333,0.1999,75,40.99,81.0,76.7,0.0,0.0
104,62.17,1,Sea Cucumber,40,sinker,335,0.1999,76,41.79,82.0,76.9,0.0,0.0
105,63.64,1,Sea Cucumber,40,sinker,348,0.1999,77,42.62,83.0,77.1,0.0,0.0
106,60.89,1,Perch,35,dart,328,0.1999,78,43.41,84.0,77.4,0.0,0.0
107,52.18,1,Anchovy,30,dart,330,0.1999,79,44.09,85.0,77.6,0.0,0.0
108,58.63,1,Chub,35,dart,333,0.1999,80,44.76,86.0,77.8,0.0,0.0
109,59.68,1,Bream,35,smooth,335,0.1999,81,45.46,87.0,78.0,0.0,0.0
110,59.67,1,Bream,35,smooth,330,0.1999,82,46.11,88.0,78.2,0.0,0.0
111,58.23,1,Bream,35,smooth,338,0.1999,83,46.83,89.0,78.4,0.0,0.0
112,48.46,1,Sardine,30,dart,333,0.1999,84,47.41,90.0,78.6,0.0,0.0
113,54.18,1,Sardine,30,dart,325,0.1999,85,47.92,90.0,78.8,0.0,0.0
114,39.41,1,Herring,25,dart,348,0.1999,86,48.44,91.0,78.9,0.0,0.0
115,56.70,1,Bream,35,smooth,335,0.1999,87,49.10,92.0,79.1,0.0,0.0
116,77.69,1,Sea Cucumber,40,sinker,595,0.1999,88,50.02,93.0,79.3,0.0,0.0
117,48.70,1,Sardine,30,dart,325,0.1999,89,50.62,94.0,79.5,0.0,0.0
118,53.84,1,Anchovy,30,dart,333,0.1999,90,51.29,95.0,79.7,0.0,0.0
119,53.99,1,Sunfish,30,mixed,330,0.1999,91,51.93,96.0,79.8,0.0,0.0
120,57.12,1,Perch,35,dart,328,0.1999,92,52.67,97.0,80.0,0.0,0.0
121,-19.12,0,Sea Cucumber,40,sinker,167,0.1999,0,52.59,97.0,79.3,0.0,0.0
122,41.54,1,Herring,25,dart,350,0.1999,1,52.36,97.0,79.5,0.0,0.0
123,55.35,1,Sardine,30,dart,328,0.1999,2,52.72,97.0,79.7,0.0,0.0
124,57.04,1,Bream,35,smooth,335,0.1999,3,53.33,98.0,79.8,0.0,0.0
125,55.77,1,Chub,35,dart,350,0.1999,4,53.34,98.0,80.0,0.0,0.0
126,60.32,1,Perch,35,dart,338,0.1999,5,53.45,98.0,80.2,0.0,0.0
127,71.37,1,Red Snapper,40,mixed,338,0.1999,6,53.46,98.0,80.3,0.0,0.0
128,55.51,1,Perch,35,dart,333,0.1999,7,54.22,99.0,80.5,0.0,0.0
129,59.64,1,Perch,35,dart,393,0.1999,8,54.25,99.0,80.6,0.0,0.0
130,56.52,1,Perch,35,dart,345,0.1999,9,54.32,99.0,80.8,0.0,0.0
131,47.76,1,Smallmouth Bass,28,mixed,323,0.1999,10,53.97,99.0,80.9,0.0,0.0
132,59.25,1,Perch,35,dart,325,0.1999,11,54.05,99.0,81.1,0.0,0.0
133,32.77,1,Carp,15,mixed,328,0.1999,12,53.75,99.0,81.2,0.0,0.0
134,30.31,1,Carp,15,mixed,325,0.1999,13,53.55,99.0,81.3,0.0,0.0
135,-18.74,0,Sea Cucumber,40,sinker,167,0.1999,0,52.90,98.0,80.7,0.0,0.0
136,54.47,1,Sunfish,30,mixed,350,0.1999,1,52.98,98.0,80.9,0.0,0.0
137,62.24,1,Sea Cucumber,40,sinker,345,0.1999,2,52.99,98.0,81.0,0.0,0.0
138,32.01,1,Carp,15,mixed,333,0.1999,3,52.81,98.0,81.2,0.0,0.0
139,52.25,1,Sunfish,30,mixed,323,0.1999,4,53.06,98.0,81.3,0.0,0.0
140,58.51,1,Perch,35,dart,330,0.1999,5,53.00,98.0,81.4,0.0,0.0
141,59.22,1,Red Snapper,40,mixed,368,0.1999,6,53.06,98.0,81.6,0.0,0.0
142,54.49,1,Sunfish,30,mixed,340,0.1999,7,52.94,98.0,81.7,0.0,0.0
143,49.74,1,Sardine,30,dart,340,0.1999,8,52.90,98.0,81.8,0.0,0.0
144,57.02,1,Perch,35,dart,340,0.1999,9,52.95,98.0,81.9,0.0,0.0
145,32.23,1,Carp,15,mixed,325,0.1999,10,52.65,98.0,82.1,0.0,0.0
146,53.32,1,Anchovy,30,dart,345,0.1999,11,52.71,98.0,82.2,0.0,0.0
147,51.48,1,Chub,35,dart,328,0.1999,12,52.75,98.0,82.3,0.0,0.0
148,46.08,1,Anchovy,30,dart,343,0.1999,13,52.62,98.0,82.4,0.0,0.0
149,31.90,1,Carp,15,mixed,328,0.1999,14,52.43,98.0,82.6,0.0,0.0
150,56.61,1,Perch,35,dart,345,0.1999,15,52.25,98.0,82.7,0.0,0.0
151,54.10,1,Sardine,30,dart,335,0.1999,16,52.29,98.0,82.8,0.0,0.0
152,54.00,1,Anchovy,30,dart,338,0.1999,17,52.16,98.0,82.9,0.0,0.0
153,58.35,1,Bream,35,smooth,338,0.1999,18,52.17,98.0,83.0,0.0,0.0
154,59.56,1,Perch,35,dart,368,0.1999,19,52.25,98.0,83.1,0.0,0.0
155,59.64,1,Bream,35,smooth,333,0.1999,20,52.28,98.0,83.2,0.0,0.0
156,-19.30,0,Sea Cucumber,40,sinker,167,0.1999,0,51.62,97.0,82.7,0.0,0.0
157,55.89,1,Sea Cucumber,40,sinker,328,0.1999,1,51.60,97.0,82.8,0.0,0.0
158,50.10,1,Anchovy,30,dart,340,0.1999,2,51.61,97.0,82.9,0.0,0.0
159,57.48,1,Bream,35,smooth,338,0.1999,3,51.86,97.0,83.0,0.0,0.0
160,57.16,1,Bream,35,smooth,335,0.1999,4,52.13,97.0,83.1,0.0,0.0
161,30.58,1,Carp,15,mixed,323,0.1999,5,51.98,97.0,83.2,0.0,0.0
162,55.09,1,Chub,35,dart,330,0.1999,6,51.91,97.0,83.3,0.0,0.0
163,68.42,1,Sea Cucumber,40,sinker,355,0.1999,7,52.16,97.0,83.4,0.0,0.0
164,53.22,1,Perch,35,dart,343,0.1999,8,52.11,97.0,83.5,0.0,0.0
165,68.98,1,Red Snapper,40,mixed,333,0.1999,9,52.32,97.0,83.6,0.0,0.0
166,50.31,1,Sunfish,30,mixed,333,0.1999,10,52.13,97.0,83.7,0.0,0.0
167,50.17,1,Smallmouth Bass,28,mixed,323,0.1999,11,51.94,97.0,83.8,0.0,0.0
168,52.52,1,Sardine,30,dart,328,0.1999,12,51.85,97.0,83.9,0.0,0.0
169,49.81,1,Smallmouth Bass,28,mixed,328,0.1999,13,51.74,97.0,84.0,0.0,0.0
170,54.30,1,Sunfish,30,mixed,328,0.1999,14,51.57,97.0,84.1,0.0,0.0
171,49.88,1,Anchovy,30,dart,325,0.1999,15,51.49,97.0,84.2,0.0,0.0
172,64.89,1,Sea Cucumber,40,sinker,340,0.1999,16,51.65,97.0,84.3,0.0,0.0
173,58.87,1,Perch,35,dart,318,0.1999,17,51.80,97.0,84.4,0.0,0.0
174,64.73,1,Red Snapper,40,mixed,343,0.1999,18,51.98,97.0,84.5,0.0,0.0
175,42.78,1,Herring,25,dart,365,0.1998,19,52.10,97.0,84.6,0.0,0.0
176,58.71,1,Bream,35,smooth,338,0.1998,20,52.21,97.0,84.7,0.0,0.0
177,53.00,1,Anchovy,30,dart,328,0.1998,21,52.20,97.0,84.7,0.0,0.0
178,31.67,1,Carp,15,mixed,333,0.1998,22,52.14,97.0,84.8,0.0,0.0
179,50.73,1,Anchovy,30,dart,330,0.1998,23,52.23,97.0,84.9,0.0,0.0
180,58.46,1,Perch,35,dart,325,0.1998,24,52.20,97.0,85.0,0.0,0.0
181,47.24,1,Herring,25,dart,325,0.1998,25,52.08,97.0,85.1,0.0,0.0
182,61.83,1,Perch,35,dart,330,0.1998,26,51.90,97.0,85.2,0.0,0.0
183,53.70,1,Sunfish,30,mixed,328,0.1998,27,51.91,97.0,85.2,0.0,0.0
184,43.86,1,Herring,25,dart,328,0.1998,28,51.79,97.0,85.3,0.0,0.0
185,32.07,1,Carp,15,mixed,330,0.1998,29,51.63,97.0,85.4,0.0,0.0
186,54.99,1,Chub,35,dart,325,0.1998,30,51.68,97.0,85.5,0.0,0.0
187,66.10,1,Sea Cucumber,40,sinker,340,0.1998,31,51.65,97.0,85.6,0.0,0.0
188,57.57,1,Chub,35,dart,343,0.1998,32,51.64,97.0,85.6,0.0,0.0
189,54.08,1,Sunfish,30,mixed,328,0.1998,33,51.69,97.0,85.7,0.0,0.0
190,59.88,1,Chub,35,dart,340,0.1998,34,51.71,97.0,85.8,0.0,0.0
191,60.25,1,Bream,35,smooth,335,0.1998,35,51.82,97.0,85.9,0.0,0.0
192,65.18,1,Sea Cucumber,40,sinker,348,0.1998,36,51.96,97.0,85.9,0.0,0.0
193,60.55,1,Chub,35,dart,333,0.1998,37,51.99,97.0,86.0,0.0,0.0
194,44.64,1,Herring,25,dart,330,0.1998,38,51.87,97.0,86.1,0.0,0.0
195,54.32,1,Sunfish,30,mixed,330,0.1998,39,51.88,97.0,86.2,0.0,0.0
196,66.91,1,Sea Cucumber,40,sinker,353,0.1998,40,51.96,97.0,86.2,0.0,0.0
197,59.56,1,Chub,35,dart,323,0.1998,41,51.95,97.0,86.3,0.0,0.0
198,29.16,1,Carp,15,mixed,333,0.1998,42,51.54,97.0,86.4,0.0,0.0
199,51.19,1,Anchovy,30,dart,335,0.1998,43,51.59,97.0,86.4,0.0,0.0
200,52.72,1,Anchovy,30,dart,338,0.1998,44,51.59,97.0,86.5,0.0,0.0
201,80.86,1,Tilapia,50,mixed,340,0.1998,45,51.74,97.0,86.5,100.0,0.0
202,28.70,1,Carp,15,mixed,353,0.1998,46,51.52,97.0,86.6,100.0,0.0
203,55.46,1,Sunfish,30,mixed,333,0.1998,47,51.57,97.0,86.6,100.0,0.0
204,-23.77,0,Blue Discus,60,dart,254,0.1998,0,50.71,96.0,86.6,50.0,0.0
205,68.09,1,Walleye,45,smooth,340,0.1998,1,50.75,96.0,86.6,66.7,0.0
206,54.24,1,Sunfish,30,mixed,333,0.1998,2,50.69,96.0,86.7,66.7,0.0
207,54.26,1,Sunfish,30,mixed,330,0.1998,3,50.71,96.0,86.8,66.7,0.0
208,31.70,1,Carp,15,mixed,345,0.1998,4,50.44,96.0,86.8,66.7,0.0
209,103.27,1,Goby,55,dart,575,0.1998,5,50.88,96.0,86.8,75.0,0.0
210,31.19,1,Carp,15,mixed,663,0.1998,6,50.59,96.0,86.9,75.0,0.0
211,53.39,1,Sardine,30,dart,330,0.1998,7,50.54,96.0,87.0,75.0,0.0
212,57.81,1,Chub,35,dart,330,0.1998,8,50.64,96.0,87.0,75.0,0.0
213,50.21,1,Smallmouth Bass,28,mixed,333,0.1998,9,50.60,96.0,87.1,75.0,0.0
214,87.95,1,Pike,60,dart,373,0.1998,10,51.08,96.0,87.1,80.0,0.0
215,-31.01,0,Sandfish,65,mixed,194,0.1998,0,50.20,95.0,87.1,66.7,0.0
216,63.21,1,Sea Cucumber,40,sinker,343,0.1998,1,50.06,95.0,87.1,66.7,0.0
217,54.74,1,Sunfish,30,mixed,335,0.1998,2,50.12,95.0,87.2,66.7,0.0
218,65.90,1,Sea Cucumber,40,sinker,338,0.1998,3,50.24,95.0,87.3,66.7,0.0
219,47.85,1,Smallmouth Bass,28,mixed,325,0.1998,4,50.18,95.0,87.3,66.7,0.0
220,44.22,1,Herring,25,dart,378,0.1998,5,50.05,95.0,87.4,66.7,0.0
221,60.46,1,Chub,35,dart,323,0.1998,6,50.85,96.0,87.4,66.7,0.0
222,49.71,1,Smallmouth Bass,28,mixed,325,0.1998,7,50.93,96.0,87.5,66.7,0.0
223,30.51,1,Carp,15,mixed,338,0.1998,8,50.68,96.0,87.6,66.7,0.0
224,54.13,1,Sardine,30,dart,343,0.1998,9,50.65,96.0,87.6,66.7,0.0
225,65.88,1,Sea Cucumber,40,sinker,333,0.1998,10,50.75,96.0,87.7,66.7,0.0
226,31.70,1,Carp,15,mixed,363,0.1997,11,50.46,96.0,87.7,66.7,0.0
227,60.09,1,Chub,35,dart,353,0.1997,12,50.35,96.0,87.8,66.7,0.0
228,49.96,1,Smallmouth Bass,28,mixed,333,0.1997,13,50.30,96.0,87.8,66.7,0.0
229,-26.85,0,Blue Discus,60,dart,167,0.1997,0,49.43,95.0,87.8,57.1,0.0
230,77.27,1,Walleye,45,smooth,333,0.1997,1,49.64,95.0,87.8,62.5,0.0
231,58.82,1,Bream,35,smooth,330,0.1997,2,49.75,95.0,87.9,62.5,0.0
232,60.08,1,Chub,35,dart,328,0.1997,3,49.76,95.0,87.9,62.5,0.0
233,59.98,1,Bream,35,smooth,328,0.1997,4,50.03,95.0,88.0,62.5,0.0
234,76.52,1,Shad,45,smooth,328,0.1997,5,50.49,95.0,88.0,66.7,0.0
235,51.30,1,Sardine,30,dart,338,0.1997,6,51.19,96.0,88.1,66.7,0.0
236,58.51,1,Perch,35,dart,323,0.1997,7,51.23,96.0,88.1,66.7,0.0
237,52.00,1,Sardine,30,dart,318,0.1997,8,51.13,96.0,88.2,66.7,0.0
238,80.72,1,Salmon,50,mixed,328,0.1997,9,51.62,96.0,88.2,70.0,0.0
239,92.41,1,Blue Discus,60,dart,378,0.1997,10,52.02,96.0,88.2,72.7,0.0
240,66.03,1,Red Snapper,40,mixed,320,0.1997,11,52.09,96.0,88.2,72.7,0.0
241,48.34,1,Anchovy,30,dart,325,0.1997,12,51.99,96.0,88.3,72.7,0.0
242,86.92,1,Blue Discus,60,dart,415,0.1997,13,52.31,96.0,88.3,75.0,0.0
243,54.27,1,Sunfish,30,mixed,338,0.1997,14,52.36,96.0,88.3,75.0,0.0
244,65.75,1,Red Snapper,40,mixed,323,0.1997,15,52.44,96.0,88.4,75.0,0.0
245,58.32,1,Chub,35,dart,323,0.1997,16,52.70,96.0,88.4,75.0,0.0
246,56.86,1,Sea Cucumber,40,sinker,343,0.1997,17,52.74,96.0,88.5,75.0,0.0
247,64.98,1,Sea Cucumber,40,sinker,330,0.1997,18,52.87,96.0,88.5,75.0,0.0
248,64.77,1,Sea Cucumber,40,sinker,330,0.1997,19,53.06,96.0,88.6,75.0,0.0
249,66.71,1,Sea Cucumber,40,sinker,333,0.1997,20,53.41,96.0,88.6,75.0,0.0
250,55.88,1,Chub,35,dart,323,0.1997,21,53.40,96.0,88.7,75.0,0.0
251,66.88,1,Red Snapper,40,mixed,330,0.1997,22,53.53,96.0,88.7,75.0,0.0
252,51.43,1,Sardine,30,dart,330,0.1997,23,53.50,96.0,88.8,75.0,0.0
253,85.05,1,Albacore,60,mixed,345,0.1997,24,53.77,96.0,88.8,76.9,0.0
254,50.33,1,Smallmouth Bass,28,mixed,325,0.1997,25,53.68,96.0,88.8,76.9,0.0
255,62.35,1,Sea Cucumber,40,sinker,325,0.1997,26,53.71,96.0,88.8,76.9,0.0
256,-6.14,0,Albacore,60,mixed,452,0.1997,0,53.84,96.0,88.8,71.4,0.0
257,48.25,1,Sardine,30,dart,320,0.1997,1,53.76,96.0,88.9,71.4,0.0
258,53.90,1,Anchovy,30,dart,345,0.1997,2,53.80,96.0,88.9,71.4,0.0
259,61.22,1,Bream,35,smooth,328,0.1997,3,53.84,96.0,89.0,71.4,0.0
260,64.06,1,Perch,35,dart,368,0.1997,4,53.91,96.0,89.0,71.4,0.0
261,31.17,1,Carp,15,mixed,343,0.1997,5,53.91,96.0,89.1,71.4,0.0
262,52.17,1,Anchovy,30,dart,325,0.1997,6,53.88,96.0,89.1,71.4,0.0
263,53.50,1,Sardine,30,dart,323,0.1997,7,53.73,96.0,89.2,71.4,0.0
264,52.83,1,Anchovy,30,dart,325,0.1997,8,53.73,96.0,89.2,71.4,0.0
265,105.82,1,Blue Discus,60,dart,628,0.1997,9,54.10,96.0,89.2,73.3,0.0
266,71.45,1,Red Snapper,40,mixed,323,0.1997,10,54.31,96.0,89.2,73.3,0.0
267,52.29,1,Smallmouth Bass,28,mixed,338,0.1997,11,54.33,96.0,89.3,73.3,0.0
268,47.62,1,Herring,25,dart,338,0.1996,12,54.28,96.0,89.3,73.3,0.0
269,56.57,1,Bream,35,smooth,323,0.1996,13,54.35,96.0,89.4,73.3,0.0
270,31.77,1,Carp,15,mixed,370,0.1996,14,54.12,96.0,89.4,73.3,0.0
271,59.55,1,Perch,35,dart,323,0.1996,15,54.22,96.0,89.5,73.3,0.0
272,63.05,1,Bream,35,smooth,333,0.1996,16,54.20,96.0,89.5,73.3,0.0
273,47.46,1,Herring,25,dart,340,0.1996,17,54.09,96.0,89.5,73.3,0.0
274,65.17,1,Red Snapper,40,mixed,320,0.1996,18,54.09,96.0,89.6,73.3,0.0
275,64.21,1,Red Snapper,40,mixed,320,0.1996,19,54.31,96.0,89.6,73.3,0.0
276,52.28,1,Anchovy,30,dart,323,0.1996,20,54.24,96.0,89.7,73.3,0.0
277,67.17,1,Red Snapper,40,mixed,328,0.1996,21,54.38,96.0,89.7,73.3,0.0
278,65.11,1,Sea Cucumber,40,sinker,343,0.1996,22,54.72,96.0,89.7,73.3,0.0
279,51.23,1,Smallmouth Bass,28,mixed,335,0.1996,23,54.72,96.0,89.8,73.3,0.0
280,33.23,1,Carp,15,mixed,365,0.1996,24,54.47,96.0,89.8,73.3,0.0
281,51.77,1,Smallmouth Bass,28,mixed,335,0.1996,25,54.52,96.0,89.8,73.3,0.0
282,78.45,1,Walleye,45,smooth,328,0.1996,26,54.68,96.0,89.8,75.0,0.0
283,52.58,1,Sunfish,30,mixed,330,0.1996,27,54.67,96.0,89.9,75.0,0.0
284,53.02,1,Sardine,30,dart,335,0.1996,28,54.76,96.0,89.9,75.0,0.0
285,51.64,1,Anchovy,30,dart,338,0.1996,29,54.96,96.0,90.0,75.0,0.0
286,33.22,1,Carp,15,mixed,360,0.1996,30,54.74,96.0,90.0,75.0,0.0
287,64.08,1,Bream,35,smooth,335,0.1996,31,54.72,96.0,90.0,75.0,0.0
288,53.68,1,Sardine,30,dart,328,0.1996,32,54.68,96.0,90.1,75.0,0.0
289,33.03,1,Carp,15,mixed,375,0.1996,33,54.47,96.0,90.1,75.0,0.0
290,50.47,1,Smallmouth Bass,28,mixed,333,0.1996,34,54.38,96.0,90.1,75.0,0.0
291,59.81,1,Bream,35,smooth,338,0.1996,35,54.37,96.0,90.2,75.0,0.0
292,88.12,1,Pike,60,dart,355,0.1996,36,54.60,96.0,90.2,76.5,0.0
293,79.88,1,Goby,55,dart,323,0.1996,37,54.79,96.0,90.2,77.8,0.0
294,52.72,1,Anchovy,30,dart,330,0.1996,38,54.88,96.0,90.2,77.8,0.0
295,66.67,1,Red Snapper,40,mixed,318,0.1996,39,55.00,96.0,90.3,77.8,0.0
296,82.68,1,Tiger Trout,60,dart,328,0.1996,40,55.16,96.0,90.3,78.9,0.0
297,32.81,1,Carp,15,mixed,345,0.1996,41,54.89,96.0,90.3,78.9,0.0
298,55.95,1,Chub,35,dart,318,0.1996,42,55.16,96.0,90.3,78.9,0.0
299,54.84,1,Sardine,30,dart,328,0.1996,43,55.19,96.0,90.4,78.9,0.0
300,58.62,1,Bream,35,smooth,318,0.1996,44,55.25,96.0,90.4,78.9,0.0
301,105.62,1,Goby,55,dart,558,0.1996,45,55.50,96.0,90.4,80.0,0.0
302,60.31,1,Perch,35,dart,315,0.1996,46,55.82,96.0,90.4,80.0,0.0
303,71.57,1,Red Snapper,40,mixed,368,0.1995,47,55.98,96.0,90.5,80.0,0.0
304,66.52,1,Sea Cucumber,40,sinker,333,0.1995,48,56.88,97.0,90.5,80.0,0.0
305,53.02,1,Sunfish,30,mixed,330,0.1995,49,56.73,97.0,90.5,80.0,0.0
306,48.46,1,Smallmouth Bass,28,mixed,338,0.1995,50,56.67,97.0,90.6,80.0,0.0
307,58.80,1,Perch,35,dart,323,0.1995,51,56.72,97.0,90.6,80.0,0.0
308,73.73,1,Bullhead,46,smooth,325,0.1995,52,57.14,97.0,90.6,81.0,0.0
309,46.52,1,Herring,25,dart,335,0.1995,53,56.57,97.0,90.6,81.0,0.0
310,115.44,1,Tuna,70,smooth,323,0.1995,54,57.41,97.0,90.6,81.8,0.0
311,53.43,1,Anchovy,30,dart,330,0.1995,55,57.41,97.0,90.7,81.8,0.0
312,66.91,1,Red Snapper,40,mixed,330,0.1995,56,57.50,97.0,90.7,81.8,0.0
313,58.70,1,Perch,35,dart,338,0.1995,57,57.59,97.0,90.7,81.8,0.0
314,31.61,1,Carp,15,mixed,330,0.1995,58,57.03,97.0,90.8,81.8,0.0
315,84.13,1,Albacore,60,mixed,320,0.1995,59,58.18,98.0,90.8,82.6,0.0
316,64.94,1,Red Snapper,40,mixed,320,0.1995,60,58.19,98.0,90.8,82.6,0.0
317,86.29,1,Tiger Trout,60,dart,370,0.1995,61,58.51,98.0,90.8,83.3,0.0
318,60.13,1,Perch,35,dart,355,0.1995,62,58.45,98.0,90.8,83.3,0.0
319,60.62,1,Chub,35,dart,320,0.1995,63,58.58,98.0,90.8,83.3,0.0
320,75.63,1,Rainbow Trout,45,mixed,350,0.1995,64,58.89,98.0,90.8,84.0,0.0
321,49.06,1,Smallmouth Bass,28,mixed,330,0.1995,65,58.78,98.0,90.9,84.0,0.0
322,83.67,1,Lionfish,50,smooth,318,0.1995,66,59.12,98.0,90.9,84.6,0.0
323,53.12,1,Anchovy,30,dart,323,0.1995,67,59.35,98.0,90.9,84.6,0.0
324,53.21,1,Sardine,30,dart,333,0.1995,68,59.34,98.0,90.9,84.6,0.0
325,68.62,1,Red Snapper,40,mixed,323,0.1995,69,59.36,98.0,91.0,84.6,0.0
326,52.69,1,Anchovy,30,dart,323,0.1995,70,59.57,98.0,91.0,84.6,0.0
327,68.10,1,Sea Cucumber,40,sinker,328,0.1995,71,59.65,98.0,91.0,84.6,0.0
328,62.39,1,Sea Cucumber,40,sinker,325,0.1995,72,59.78,98.0,91.1,84.6,0.0
329,119.86,1,Sandfish,65,mixed,725,0.1995,73,61.25,99.0,91.1,85.2,0.0
330,33.15,1,Carp,15,mixed,388,0.1995,74,60.80,99.0,91.1,85.2,0.0
331,47.22,1,Herring,25,dart,343,0.1995,75,60.69,99.0,91.1,85.2,0.0
332,67.04,1,Red Snapper,40,mixed,323,0.1995,76,60.76,99.0,91.1,85.2,0.0
333,49.89,1,Smallmouth Bass,28,mixed,330,0.1995,77,60.66,99.0,91.2,85.2,0.0
334,60.90,1,Bream,35,smooth,333,0.1995,78,60.50,99.0,91.2,85.2,0.0
335,51.82,1,Smallmouth Bass,28,mixed,330,0.1994,79,60.51,99.0,91.2,85.2,0.0
336,65.68,1,Red Snapper,40,mixed,323,0.1994,80,60.58,99.0,91.3,85.2,0.0
337,50.12,1,Smallmouth Bass,28,mixed,328,0.1994,81,60.56,99.0,91.3,85.2,0.0
338,60.10,1,Bream,35,smooth,348,0.1994,82,60.35,99.0,91.3,85.2,0.0
339,60.68,1,Bream,35,smooth,333,0.1994,83,60.04,99.0,91.3,85.2,0.0
340,60.37,1,Chub,35,dart,395,0.1994,84,59.98,99.0,91.4,85.2,0.0
341,60.76,1,Perch,35,dart,315,0.1994,85,60.10,99.0,91.4,85.2,0.0
342,88.34,1,Red Mullet,55,smooth,325,0.1994,86,60.12,99.0,91.4,85.7,0.0
343,67.89,1,Red Snapper,40,mixed,330,0.1994,87,60.25,99.0,91.4,85.7,0.0
344,53.00,1,Sardine,30,dart,325,0.1994,88,60.13,99.0,91.5,85.7,0.0
345,59.96,1,Chub,35,dart,330,0.1994,89,60.14,99.0,91.5,85.7,0.0
346,46.77,1,Herring,25,dart,335,0.1994,90,60.04,99.0,91.5,85.7,0.0
347,69.61,1,Red Snapper,40,mixed,323,0.1994,91,60.09,99.0,91.5,85.7,0.0
348,78.21,1,Bullhead,46,smooth,328,0.1994,92,60.22,99.0,91.5,86.2,0.0
349,51.57,1,Anchovy,30,dart,335,0.1994,93,60.07,99.0,91.6,86.2,0.0
350,32.18,1,Carp,15,mixed,328,0.1994,94,59.83,99.0,91.6,86.2,0.0
351,85.28,1,Midnight Carp,55,mixed,333,0.1994,95,60.02,99.0,91.6,86.7,0.0
352,44.62,1,Herring,25,dart,328,0.1994,96,59.95,99.0,91.6,86.7,0.0
353,49.30,1,Anchovy,30,dart,333,0.1994,97,59.59,99.0,91.6,86.7,0.0
354,60.95,1,Chub,35,dart,320,0.1994,98,59.70,99.0,91.7,86.7,0.0
355,76.56,1,Shad,45,smooth,325,0.1994,99,59.84,99.0,91.7,87.1,0.0
356,82.00,1,Midnight Carp,55,mixed,323,0.1994,100,60.72,100.0,91.7,87.5,0.0
357,80.83,1,Woodskip,50,mixed,328,0.1994,101,61.05,100.0,91.7,87.9,0.0
358,58.72,1,Bream,35,smooth,333,0.1994,102,61.10,100.0,91.7,87.9,0.0
359,58.58,1,Chub,35,dart,320,0.1994,103,61.07,100.0,91.7,87.9,0.0
360,53.09,1,Sardine,30,dart,318,0.1994,104,60.96,100.0,91.7,87.9,0.0
361,51.62,1,Sardine,30,dart,325,0.1994,105,61.16,100.0,91.8,87.9,0.0
362,52.32,1,Sunfish,30,mixed,325,0.1994,106,61.17,100.0,91.8,87.9,0.0
363,52.25,1,Sardine,30,dart,323,0.1994,107,61.15,100.0,91.8,87.9,0.0
364,68.34,1,Red Snapper,40,mixed,328,0.1994,108,61.31,100.0,91.8,87.9,0.0
365,53.49,1,Sardine,30,dart,318,0.1993,109,60.79,100.0,91.9,87.9,0.0
366,49.51,1,Smallmouth Bass,28,mixed,333,0.1993,110,60.57,100.0,91.9,87.9,0.0
367,54.03,1,Sardine,30,dart,325,0.1993,111,60.58,100.0,91.9,87.9,0.0
368,32.50,1,Carp,15,mixed,333,0.1993,112,60.43,100.0,91.9,87.9,0.0
369,83.21,1,Goby,55,dart,328,0.1993,113,60.70,100.0,91.9,88.2,0.0
370,64.33,1,Sea Cucumber,40,sinker,358,0.1993,114,61.02,100.0,92.0,88.2,0.0
371,45.92,1,Herring,25,dart,323,0.1993,115,60.89,100.0,92.0,88.2,0.0
372,55.57,1,Sardine,30,dart,333,0.1993,116,60.81,100.0,92.0,88.2,0.0
373,59.99,1,Chub,35,dart,338,0.1993,117,60.94,100.0,92.0,88.2,0.0
374,57.06,1,Bream,35,smooth,330,0.1993,118,60.86,100.0,92.1,88.2,0.0
375,59.30,1,Bream,35,smooth,323,0.1993,119,60.81,100.0,92.1,88.2,0.0
376,-3.70,0,Chub,35,dart,484,0.1993,0,60.25,99.0,91.8,88.2,0.0
377,70.07,1,Red Snapper,40,mixed,328,0.1993,1,60.28,99.0,91.8,88.2,0.0
378,54.09,1,Anchovy,30,dart,340,0.1993,2,60.17,99.0,91.9,88.2,0.0
379,32.73,1,Carp,15,mixed,330,0.1993,3,59.98,99.0,91.9,88.2,0.0
380,52.99,1,Sardine,30,dart,330,0.1993,4,60.18,99.0,91.9,88.2,0.0
381,32.78,1,Carp,15,mixed,340,0.1993,5,59.99,99.0,91.9,88.2,0.0
382,62.18,1,Bream,35,smooth,323,0.1993,6,59.83,99.0,92.0,88.2,0.0
383,43.93,1,Herring,25,dart,338,0.1993,7,59.74,99.0,92.0,88.2,0.0
384,60.12,1,Bream,35,smooth,325,0.1993,8,59.81,99.0,92.0,88.2,0.0
385,56.93,1,Perch,35,dart,338,0.1993,9,59.86,99.0,92.0,88.2,0.0
386,51.49,1,Smallmouth Bass,28,mixed,328,0.1993,10,60.05,99.0,92.0,88.2,0.0
387,51.93,1,Smallmouth Bass,28,mixed,330,0.1993,11,59.93,99.0,92.1,88.2,0.0
388,57.38,1,Bream,35,smooth,315,0.1993,12,59.96,99.0,92.1,88.2,0.0
389,59.41,1,Chub,35,dart,325,0.1993,13,60.23,99.0,92.1,88.2,0.0
390,73.18,1,Red Snapper,40,mixed,380,0.1993,14,60.45,99.0,92.1,88.2,0.0
391,79.59,1,Shad,45,smooth,323,0.1993,15,60.65,99.0,92.1,88.6,0.0
392,83.81,1,Midnight Carp,55,mixed,325,0.1992,16,60.61,99.0,92.1,88.9,0.0
393,55.12,1,Sunfish,30,mixed,325,0.1992,17,60.36,99.0,92.2,88.9,0.0
394,61.00,1,Bream,35,smooth,325,0.1992,18,60.44,99.0,92.2,88.9,0.0
395,79.95,1,Ghostfish,50,mixed,323,0.1992,19,60.58,99.0,92.2,89.2,0.0
396,84.83,1,Ghostfish,50,mixed,325,0.1992,20,60.60,99.0,92.2,89.5,0.0
397,45.29,1,Herring,25,dart,335,0.1992,21,60.72,99.0,92.2,89.5,0.0
398,44.48,1,Herring,25,dart,325,0.1992,22,60.61,99.0,92.2,89.5,0.0
399,60.65,1,Chub,35,dart,320,0.1992,23,60.67,99.0,92.2,89.5,0.0
400,58.91,1,Chub,35,dart,333,0.1992,24,60.67,99.0,92.3,89.5,0.0
401,56.25,1,Sardine,30,dart,430,0.1992,25,60.18,99.0,92.3,89.5,0.0
402,79.96,1,Bullhead,46,smooth,328,0.1992,26,60.37,99.0,92.3,89.7,0.0
403,56.73,1,Bream,35,smooth,325,0.1992,27,60.22,99.0,92.3,89.7,0.0
404,87.44,1,Lionfish,50,smooth,333,0.1992,28,60.43,99.0,92.3,90.0,0.0
405,66.79,1,Red Snapper,40,mixed,323,0.1992,29,60.57,99.0,92.3,90.0,0.0
406,61.07,1,Chub,35,dart,320,0.1992,30,60.70,99.0,92.3,90.0,0.0
407,89.14,1,Red Mullet,55,smooth,315,0.1992,31,61.00,99.0,92.3,90.2,0.0
408,70.66,1,Red Snapper,40,mixed,333,0.1992,32,60.97,99.0,92.4,90.2,0.0
409,60.96,1,Chub,35,dart,330,0.1992,33,61.11,99.0,92.4,90.2,0.0
410,58.28,1,Chub,35,dart,328,0.1992,34,60.54,99.0,92.4,90.2,0.0
411,57.04,1,Perch,35,dart,333,0.1992,35,60.58,99.0,92.4,90.2,0.0
412,51.73,1,Sardine,30,dart,338,0.1992,36,60.43,99.0,92.5,90.2,0.0
413,58.95,1,Perch,35,dart,315,0.1992,37,60.43,99.0,92.5,90.2,0.0
414,63.60,1,Sea Cucumber,40,sinker,330,0.1992,38,60.75,99.0,92.5,90.2,0.0
415,60.32,1,Chub,35,dart,338,0.1992,39,60.51,99.0,92.5,90.2,0.0
416,68.09,1,Red Snapper,40,mixed,350,0.1992,40,60.54,99.0,92.5,90.2,0.0
417,48.22,1,Smallmouth Bass,28,mixed,320,0.1991,41,60.16,99.0,92.6,90.2,0.0
418,83.20,1,Salmon,50,mixed,323,0.1991,42,60.39,99.0,92.6,90.5,0.0
419,65.47,1,Sea Cucumber,40,sinker,323,0.1991,43,60.44,99.0,92.6,90.5,0.0
420,60.89,1,Chub,35,dart,328,0.1991,44,60.29,99.0,92.6,90.5,0.0
421,60.84,1,Perch,35,dart,373,0.1991,45,60.41,99.0,92.6,90.5,0.0
422,54.99,1,Sunfish,30,mixed,333,0.1991,46,60.12,99.0,92.6,90.5,0.0
423,83.42,1,Ghostfish,50,mixed,320,0.1991,47,60.43,99.0,92.6,90.7,0.0
424,51.01,1,Anchovy,30,dart,328,0.1991,48,60.40,99.0,92.7,90.7,0.0
425,54.32,1,Sardine,30,dart,328,0.1991,49,60.26,99.0,92.7,90.7,0.0
426,69.78,1,Red Snapper,40,mixed,340,0.1991,50,60.43,99.0,92.7,90.7,0.0
427,49.00,1,Herring,25,dart,470,0.1991,51,60.24,99.0,92.7,90.7,0.0
428,65.76,1,Sea Cucumber,40,sinker,325,0.1991,52,60.28,99.0,92.7,90.7,0.0
429,84.16,1,Goby,55,dart,358,0.1991,53,59.92,99.0,92.7,90.9,0.0
430,31.46,1,Carp,15,mixed,335,0.1991,54,59.90,99.0,92.7,90.9,0.0
431,114.69,1,Tuna,70,smooth,325,0.1991,55,60.58,99.0,92.7,91.1,0.0
432,32.06,1,Carp,15,mixed,343,0.1991,56,60.23,99.0,92.8,91.1,0.0
433,64.03,1,Sea Cucumber,40,sinker,325,0.1991,57,60.37,99.0,92.8,91.1,0.0
434,74.99,1,Bullhead,46,smooth,328,0.1991,58,60.51,99.0,92.8,91.3,0.0
435,106.43,1,Stonefish,65,sinker,465,0.1991,59,61.05,99.0,92.8,91.5,0.0
436,52.42,1,Sardine,30,dart,365,0.1991,60,60.92,99.0,92.8,91.5,0.0
437,58.70,1,Chub,35,dart,320,0.1991,61,61.01,99.0,92.8,91.5,0.0
438,55.38,1,Sardine,30,dart,350,0.1991,62,60.96,99.0,92.8,91.5,0.0
439,90.21,1,Goby,55,dart,388,0.1991,63,61.26,99.0,92.8,91.7,0.0
440,61.06,1,Chub,35,dart,315,0.1991,64,61.26,99.0,92.9,91.7,0.0
441,47.47,1,Herring,25,dart,335,0.1990,65,61.13,99.0,92.9,91.7,0.0
442,137.96,1,Stonefish,65,sinker,673,0.1990,66,61.63,99.0,92.9,91.8,0.0
443,50.03,1,Sunfish,30,mixed,313,0.1990,67,61.45,99.0,92.9,91.8,0.0
444,45.32,1,Herring,25,dart,333,0.1990,68,61.37,99.0,92.9,91.8,0.0
445,31.16,1,Carp,15,mixed,330,0.1990,69,61.08,99.0,92.9,91.8,0.0
446,51.99,1,Anchovy,30,dart,315,0.1990,70,61.14,99.0,92.9,91.8,0.0
447,44.77,1,Herring,25,dart,323,0.1990,71,60.89,99.0,93.0,91.8,0.0
448,47.74,1,Herring,25,dart,348,0.1990,72,60.58,99.0,93.0,91.8,0.0
449,71.13,1,Bullhead,46,smooth,325,0.1990,73,60.78,99.0,93.0,92.0,0.0
450,71.14,1,Tilapia,50,mixed,333,0.1990,74,61.17,99.0,93.0,92.2,0.0
451,65.37,1,Red Snapper,40,mixed,335,0.1990,75,60.97,99.0,93.0,92.2,0.0
452,44.73,1,Herring,25,dart,323,0.1990,76,60.97,99.0,93.0,92.2,0.0
453,83.01,1,Tilapia,50,mixed,320,0.1990,77,61.31,99.0,93.0,92.3,0.0
454,84.35,1,Largemouth Bass,50,mixed,320,0.1990,78,61.54,99.0,93.0,92.5,0.0
455,59.15,1,Perch,35,dart,325,0.1990,79,61.37,99.0,93.0,92.5,0.0
456,44.91,1,Herring,25,dart,330,0.1990,80,61.00,99.0,93.1,92.5,0.0
457,8.63,0,Walleye,45,smooth,654,0.1990,0,60.27,99.0,93.1,90.7,0.0
458,45.85,1,Herring,25,dart,325,0.1990,1,60.15,99.0,93.1,90.7,0.0
459,52.77,1,Smallmouth Bass,28,mixed,333,0.1990,2,60.09,99.0,93.1,90.7,0.0
460,60.89,1,Bream,35,smooth,328,0.1990,3,60.16,99.0,93.1,90.7,0.0
461,60.58,1,Bream,35,smooth,328,0.1990,4,60.25,99.0,93.1,90.7,0.0
462,68.22,1,Sea Cucumber,40,sinker,348,0.1990,5,60.41,99.0,93.1,90.7,0.0
463,46.94,1,Smallmouth Bass,28,mixed,315,0.1989,6,60.36,99.0,93.2,90.7,0.0
464,60.12,1,Chub,35,dart,320,0.1989,7,60.28,99.0,93.2,90.7,0.0
465,54.85,1,Sardine,30,dart,318,0.1989,8,60.29,99.0,93.2,90.7,0.0
466,78.41,1,Salmon,50,mixed,358,0.1989,9,60.58,99.0,93.2,90.9,0.0
467,101.10,1,Eel,70,smooth,310,0.1989,10,61.05,99.0,93.2,91.1,0.0
468,31.74,1,Carp,15,mixed,323,0.1989,11,61.04,99.0,93.2,91.1,0.0
469,52.73,1,Sardine,30,dart,330,0.1989,12,60.74,99.0,93.2,91.1,0.0
470,46.24,1,Herring,25,dart,340,0.1989,13,60.56,99.0,93.2,91.1,0.0
471,103.68,1,Woodskip,50,mixed,715,0.1989,14,61.14,99.0,93.2,91.2,0.0
472,52.17,1,Sunfish,30,mixed,325,0.1989,15,61.10,99.0,93.3,91.2,0.0
473,83.11,1,Halibut,50,sinker,565,0.1989,16,61.33,99.0,93.3,91.4,0.0
474,53.80,1,Sunfish,30,mixed,325,0.1989,17,61.30,99.0,93.3,91.4,0.0
475,53.79,1,Anchovy,30,dart,330,0.1989,18,61.24,99.0,93.3,91.4,0.0
476,55.39,1,Sardine,30,dart,320,0.1989,19,61.84,100.0,93.3,91.4,0.0
477,75.63,1,Rainbow Trout,45,mixed,323,0.1989,20,61.89,100.0,93.3,91.5,0.0
478,31.72,1,Carp,15,mixed,323,0.1989,21,61.67,100.0,93.3,91.5,0.0
479,67.13,1,Sea Cucumber,40,sinker,363,0.1989,22,62.01,100.0,93.3,91.5,0.0
480,53.40,1,Sunfish,30,mixed,325,0.1989,23,62.02,100.0,93.3,91.5,0.0
481,61.17,1,Bream,35,smooth,325,0.1989,24,62.30,100.0,93.4,91.5,0.0
482,60.49,1,Sea Cucumber,40,sinker,328,0.1989,25,62.28,100.0,93.4,91.5,0.0
483,45.63,1,Herring,25,dart,330,0.1989,26,62.30,100.0,93.4,91.5,0.0
484,64.94,1,Sea Cucumber,40,sinker,338,0.1989,27,62.35,100.0,93.4,91.5,0.0
485,30.50,1,Carp,15,mixed,315,0.1988,28,62.08,100.0,93.4,91.5,0.0
486,58.91,1,Perch,35,dart,333,0.1988,29,62.16,100.0,93.4,91.5,0.0
487,31.19,1,Carp,15,mixed,350,0.1988,30,61.95,100.0,93.5,91.5,0.0
488,60.05,1,Sea Cucumber,40,sinker,328,0.1988,31,61.98,100.0,93.5,91.5,0.0
489,60.36,1,Bream,35,smooth,325,0.1988,32,61.99,100.0,93.5,91.5,0.0
490,60.23,1,Perch,35,dart,325,0.1988,33,61.86,100.0,93.5,91.5,0.0
491,88.35,1,Lionfish,50,smooth,330,0.1988,34,61.94,100.0,93.5,91.7,0.0
492,77.61,1,Walleye,45,smooth,335,0.1988,35,61.88,100.0,93.5,91.8,0.0
493,58.65,1,Bream,35,smooth,338,0.1988,36,61.92,100.0,93.5,91.8,0.0
494,66.91,1,Sea Cucumber,40,sinker,325,0.1988,37,61.98,100.0,93.5,91.8,0.0
495,61.38,1,Bream,35,smooth,338,0.1988,38,61.79,100.0,93.5,91.8,0.0
496,83.98,1,Halibut,50,sinker,335,0.1988,39,61.78,100.0,93.5,91.9,0.0
497,60.45,1,Chub,35,dart,328,0.1988,40,61.93,100.0,93.6,91.9,0.0
498,59.50,1,Perch,35,dart,320,0.1988,41,62.08,100.0,93.6,91.9,0.0
499,30.83,1,Carp,15,mixed,363,0.1988,42,61.79,100.0,93.6,91.9,0.0
500,56.95,1,Anchovy,30,dart,368,0.1988,43,61.77,100.0,93.6,91.9,0.0
501,157.57,1,Squid,75,sinker,665,0.1988,44,62.78,100.0,93.6,91.9,100.0
502,68.16,1,Flounder,50,sinker,345,0.1988,45,62.66,100.0,93.6,92.1,100.0
503,60.34,1,Perch,35,dart,325,0.1988,46,62.70,100.0,93.6,92.1,100.0
504,55.34,1,Anchovy,30,dart,368,0.1988,47,62.38,100.0,93.6,92.1,100.0
505,108.23,1,Albacore,60,mixed,558,0.1988,48,62.79,100.0,93.6,92.2,100.0
506,55.54,1,Anchovy,30,dart,370,0.1987,49,62.74,100.0,93.7,92.2,100.0
507,109.31,1,Eel,70,smooth,318,0.1987,50,62.94,100.0,93.7,92.3,100.0
508,108.59,1,Blue Discus,60,dart,608,0.1987,51,63.32,100.0,93.7,92.4,100.0
509,82.16,1,Halibut,50,sinker,335,0.1987,52,63.53,100.0,93.7,92.5,100.0
510,46.50,1,Herring,25,dart,325,0.1987,53,63.41,100.0,93.7,92.5,100.0
511,61.35,1,Perch,35,dart,323,0.1987,54,63.45,100.0,93.7,92.5,100.0
512,51.74,1,Smallmouth Bass,28,mixed,325,0.1987,55,63.45,100.0,93.7,92.5,100.0
513,79.38,1,Bullhead,46,smooth,325,0.1987,56,63.66,100.0,93.7,92.6,100.0
514,175.45,1,Lava Eel,90,mixed,620,0.1987,57,64.78,100.0,93.7,92.6,100.0
515,63.44,1,Bream,35,smooth,328,0.1987,58,64.81,100.0,93.7,92.6,100.0
516,96.30,1,Tiger Trout,60,dart,408,0.1987,59,65.09,100.0,93.7,92.8,100.0
517,48.53,1,Anchovy,30,dart,353,0.1987,60,65.09,100.0,93.7,92.8,100.0
518,80.05,1,Flounder,50,sinker,320,0.1987,61,65.06,100.0,93.7,92.9,100.0
519,53.01,1,Sardine,30,dart,323,0.1987,62,64.94,100.0,93.7,92.9,100.0
520,58.35,1,Chub,35,dart,335,0.1987,63,64.91,100.0,93.8,92.9,100.0
521,55.93,1,Sunfish,30,mixed,330,0.1987,64,64.86,100.0,93.8,92.9,100.0
522,61.30,1,Bream,35,smooth,330,0.1987,65,64.93,100.0,93.8,92.9,100.0
523,44.61,1,Herring,25,dart,328,0.1987,66,64.54,100.0,93.8,92.9,100.0
524,86.90,1,Albacore,60,mixed,320,0.1987,67,64.90,100.0,93.8,93.0,100.0
525,70.91,1,Red Snapper,40,mixed,333,0.1986,68,65.06,100.0,93.8,93.0,100.0
526,31.69,1,Carp,15,mixed,328,0.1986,69,64.68,100.0,93.8,93.0,100.0
527,102.39,1,Tuna,70,smooth,323,0.1986,70,65.22,100.0,93.8,93.1,100.0
528,68.62,1,Red Snapper,40,mixed,335,0.1986,71,65.24,100.0,93.8,93.1,100.0
529,54.54,1,Sardine,30,dart,328,0.1986,72,64.95,100.0,93.8,93.1,100.0
530,-26.11,0,Pufferfish,80,floater,289,0.1986,0,64.37,99.0,93.8,93.1,66.7
531,183.69,1,Octopus,95,sinker,553,0.1986,1,65.06,99.0,93.8,93.1,75.0
532,56.26,1,Anchovy,30,dart,335,0.1986,2,65.30,99.0,93.9,93.1,75.0
533,-44.41,0,Scorpion Carp,90,dart,167,0.1986,0,64.22,98.0,93.9,93.1,60.0
534,61.31,1,Perch,35,dart,340,0.1986,1,64.08,98.0,93.9,93.1,60.0
535,61.07,1,Perch,35,dart,335,0.1986,2,63.63,98.0,93.9,93.1,60.0
536,31.53,1,Carp,15,mixed,325,0.1986,3,63.42,98.0,93.9,93.1,60.0
537,-41.18,0,Lingcod,85,mixed,217,0.1986,0,62.42,97.0,93.9,93.1,50.0
538,79.35,1,Ghostfish,50,mixed,320,0.1986,1,62.66,97.0,93.9,93.2,50.0
539,-32.85,0,Void Salmon,80,mixed,194,0.1986,0,61.43,96.0,93.9,93.2,42.9
540,78.36,1,Flounder,50,sinker,328,0.1986,1,61.60,96.0,93.9,93.2,42.9
541,61.56,1,Perch,35,dart,348,0.1986,2,61.75,96.0,93.9,93.2,42.9
542,46.10,1,Herring,25,dart,325,0.1986,3,60.83,96.0,93.9,93.2,42.9
543,31.32,1,Carp,15,mixed,325,0.1986,4,60.64,96.0,93.9,93.2,42.9
544,61.16,1,Chub,35,dart,360,0.1986,5,60.80,96.0,94.0,93.2,42.9
545,32.29,1,Carp,15,mixed,325,0.1985,6,60.81,96.0,94.0,93.2,42.9
546,115.84,1,Super Cucumber,80,sinker,395,0.1985,7,61.45,96.0,94.0,93.2,50.0
547,88.26,1,Lionfish,50,smooth,338,0.1985,8,61.88,96.0,94.0,93.3,50.0
548,-32.72,0,Catfish,75,mixed,255,0.1985,0,61.08,95.0,94.0,93.3,44.4
549,94.00,1,Pike,60,dart,428,0.1985,1,61.31,95.0,94.0,93.4,44.4
550,59.97,1,Perch,35,dart,330,0.1985,2,61.20,95.0,94.0,93.4,44.4
551,-3.43,0,Stingray,80,sinker,520,0.1985,0,60.51,94.0,94.0,93.4,40.0
552,64.71,1,Sea Cucumber,40,sinker,330,0.1985,1,60.71,94.0,94.0,93.4,40.0
553,86.78,1,Woodskip,50,mixed,335,0.1985,2,60.74,94.0,94.0,93.5,40.0
554,46.28,1,Herring,25,dart,323,0.1985,3,60.36,94.0,94.0,93.5,40.0
555,50.78,1,Smallmouth Bass,28,mixed,328,0.1985,4,60.28,94.0,94.0,93.5,40.0
556,52.88,1,Smallmouth Bass,28,mixed,325,0.1985,5,60.36,94.0,94.0,93.5,40.0
557,78.31,1,Flounder,50,sinker,385,0.1985,6,61.06,94.0,94.0,93.6,40.0
558,136.25,1,Stingray,80,sinker,485,0.1985,7,61.96,94.0,94.0,93.6,45.5
559,85.74,1,Woodskip,50,mixed,330,0.1985,8,62.29,94.0,94.0,93.7,45.5
560,77.95,1,Halibut,50,sinker,335,0.1985,9,62.46,94.0,94.0,93.8,45.5
561,-25.72,0,Stonefish,65,sinker,289,0.1985,0,61.60,93.0,94.0,92.6,45.5
562,126.64,1,Lava Eel,90,mixed,353,0.1985,1,62.18,93.0,94.0,92.6,50.0
563,96.87,1,Stonefish,65,sinker,415,0.1984,2,62.68,93.0,94.0,92.7,50.0
564,63.47,1,Bream,35,smooth,333,0.1984,3,62.72,93.0,94.0,92.7,50.0
565,52.26,1,Smallmouth Bass,28,mixed,323,0.1984,4,62.69,93.0,94.1,92.7,50.0
566,94.33,1,Salmon,50,mixed,545,0.1984,5,62.85,93.0,94.1,92.8,50.0
567,-45.87,0,Scorpion Carp,90,dart,237,0.1984,0,61.38,92.0,94.1,92.8,46.2
568,89.56,1,Lionfish,50,smooth,340,0.1984,1,61.96,92.0,94.1,92.9,46.2
569,71.76,1,Red Snapper,40,mixed,340,0.1984,2,62.15,92.0,94.1,92.9,46.2
570,127.77,1,Void Salmon,80,mixed,563,0.1984,3,62.96,92.0,94.1,92.9,50.0
571,72.21,1,Red Snapper,40,mixed,335,0.1984,4,62.65,92.0,94.1,92.9,50.0
572,82.94,1,Halibut,50,sinker,355,0.1984,5,62.96,92.0,94.1,92.9,50.0
573,63.74,1,Bream,35,smooth,330,0.1984,6,62.76,92.0,94.1,92.9,50.0
574,32.25,1,Carp,15,mixed,325,0.1984,7,62.55,92.0,94.1,92.9,50.0
575,32.09,1,Carp,15,mixed,330,0.1984,8,62.33,92.0,94.1,92.9,50.0
576,78.23,1,Rainbow Trout,45,mixed,328,0.1984,9,62.56,92.0,94.1,93.0,50.0
577,31.75,1,Carp,15,mixed,328,0.1984,10,62.12,92.0,94.1,93.0,50.0
578,55.48,1,Sunfish,30,mixed,325,0.1984,11,62.36,92.0,94.1,93.0,50.0
579,191.20,1,Octopus,95,sinker,695,0.1984,12,63.60,92.0,94.1,93.0,53.3
580,104.45,1,Woodskip,50,mixed,578,0.1984,13,64.11,92.0,94.1,93.1,53.3
581,46.79,1,Herring,25,dart,330,0.1983,14,63.96,92.0,94.2,93.1,53.3
582,54.87,1,Sardine,30,dart,330,0.1983,15,63.91,92.0,94.2,93.1,53.3
583,116.68,1,Tuna,70,smooth,420,0.1983,16,64.62,92.0,94.2,93.2,53.3
584,55.81,1,Sardine,30,dart,328,0.1983,17,64.53,92.0,94.2,93.2,53.3
585,-18.66,0,Scorpion Carp,90,dart,430,0.1983,0,64.04,91.0,94.2,93.2,50.0
586,82.62,1,Bullhead,46,smooth,335,0.1983,1,64.27,91.0,94.2,93.3,50.0
587,78.44,1,Halibut,50,sinker,343,0.1983,2,64.75,91.0,94.2,93.3,50.0
588,52.83,1,Sunfish,30,mixed,333,0.1983,3,64.67,91.0,94.2,93.3,50.0
589,124.31,1,Lava Eel,90,mixed,500,0.1983,4,65.31,91.0,94.2,93.3,52.9
590,66.07,1,Sea Cucumber,40,sinker,355,0.1983,5,65.37,91.0,94.2,93.3,52.9
591,82.55,1,Goby,55,dart,358,0.1983,6,65.31,91.0,94.2,93.4,52.9
592,43.69,1,Herring,25,dart,330,0.1983,7,64.97,91.0,94.2,93.4,52.9
593,7.22,0,Lingcod,85,mixed,645,0.1983,0,64.46,91.0,94.2,93.4,50.0
594,96.71,1,Sandfish,65,mixed,315,0.1983,1,64.76,91.0,94.2,93.5,50.0
595,96.93,1,Eel,70,smooth,330,0.1983,2,65.11,91.0,94.2,93.5,50.0
596,81.62,1,Largemouth Bass,50,mixed,308,0.1983,3,65.09,91.0,94.2,93.6,50.0
597,63.29,1,Bream,35,smooth,333,0.1983,4,65.12,91.0,94.2,93.6,50.0
598,100.37,1,Stonefish,65,sinker,448,0.1982,5,65.53,91.0,94.2,93.7,50.0
599,87.18,1,Slimejack,55,dart,475,0.1982,6,66.09,91.0,94.2,93.8,50.0
600,81.60,1,Tilapia,50,mixed,328,0.1982,7,66.34,91.0,94.2,93.8,50.0
601,64.29,1,Sea Cucumber,40,sinker,353,0.1982,8,65.40,91.0,94.2,93.8,50.0
602,53.90,1,Sardine,30,dart,343,0.1982,9,65.26,91.0,94.3,93.8,50.0
603,100.10,1,Albacore,60,mixed,330,0.1982,10,65.66,91.0,94.3,93.9,50.0
604,84.49,1,Pike,60,dart,418,0.1982,11,65.95,91.0,94.3,93.9,50.0
605,117.55,1,Dorado,78,mixed,333,0.1982,12,66.04,91.0,94.3,93.9,52.6
606,53.99,1,Anchovy,30,dart,328,0.1982,13,66.03,91.0,94.3,93.9,52.6
607,172.78,1,Lava Eel,90,mixed,705,0.1982,14,66.66,91.0,94.3,93.9,55.0
608,130.45,1,Tuna,70,smooth,445,0.1982,15,66.88,91.0,94.3,94.0,55.0
609,31.94,1,Carp,15,mixed,333,0.1982,16,66.38,91.0,94.3,94.0,55.0
610,77.32,1,Flounder,50,sinker,340,0.1982,17,66.69,91.0,94.3,94.1,55.0
611,60.73,1,Perch,35,dart,330,0.1982,18,66.68,91.0,94.3,94.1,55.0
612,92.10,1,Blue Discus,60,dart,355,0.1982,19,67.08,91.0,94.3,94.1,55.0
613,-0.18,0,Pufferfish,80,floater,585,0.1982,0,66.29,90.0,94.3,94.1,52.4
614,53.46,1,Sunfish,30,mixed,330,0.1982,1,65.07,90.0,94.3,94.1,52.4
615,67.17,1,Sea Cucumber,40,sinker,333,0.1981,2,65.11,90.0,94.3,94.1,52.4
616,117.12,1,Dorado,78,mixed,410,0.1981,3,65.31,90.0,94.3,94.1,54.5
617,55.29,1,Sardine,30,dart,345,0.1981,4,65.38,90.0,94.3,94.1,54.5
618,90.97,1,Slimejack,55,dart,393,0.1981,5,65.49,90.0,94.3,94.2,54.5
619,149.80,1,Lava Eel,90,mixed,693,0.1981,6,66.46,90.0,94.3,94.2,56.5
620,55.91,1,Sea Cucumber,40,sinker,313,0.1981,7,66.43,90.0,94.3,94.2,56.5
621,132.28,1,Stingray,80,sinker,423,0.1981,8,67.20,90.0,94.3,94.2,58.3
622,59.70,1,Chub,35,dart,338,0.1981,9,67.18,90.0,94.3,94.2,58.3
623,76.00,1,Shad,45,smooth,320,0.1981,10,67.50,90.0,94.3,94.2,58.3
624,52.41,1,Smallmouth Bass,28,mixed,335,0.1981,11,67.15,90.0,94.4,94.2,58.3
625,52.59,1,Sardine,30,dart,330,0.1981,12,66.97,90.0,94.4,94.2,58.3
626,94.93,1,Midnight Carp,55,mixed,355,0.1981,13,67.60,90.0,94.4,94.3,58.3
627,59.17,1,Chub,35,dart,375,0.1981,14,67.17,90.0,94.4,94.3,58.3
628,50.99,1,Smallmouth Bass,28,mixed,330,0.1981,15,66.99,90.0,94.4,94.3,58.3
629,78.17,1,Shad,45,smooth,330,0.1981,16,67.23,90.0,94.4,94.3,58.3
630,88.91,1,Pike,60,dart,440,0.1981,17,68.38,91.0,94.4,94.4,58.3
631,56.25,1,Perch,35,dart,353,0.1981,18,67.10,91.0,94.4,94.4,58.3
632,78.36,1,Walleye,45,smooth,325,0.1980,19,67.32,91.0,94.4,94.4,58.3
633,127.78,1,Squid,75,sinker,493,0.1980,20,69.05,92.0,94.4,94.4,60.0
634,86.32,1,Salmon,50,mixed,375,0.1980,21,69.30,92.0,94.4,94.5,60.0
635,-29.68,0,Octopus,95,sinker,289,0.1980,0,68.39,91.0,94.4,94.5,57.7
636,86.57,1,Sandfish,65,mixed,450,0.1980,1,68.94,91.0,94.4,94.5,57.7
637,71.81,1,Halibut,50,sinker,335,0.1980,2,70.07,92.0,94.4,94.6,57.7
638,69.51,1,Halibut,50,sinker,325,0.1980,3,69.97,92.0,94.4,94.6,57.7
639,66.37,1,Red Snapper,40,mixed,340,0.1980,4,70.96,93.0,94.4,94.6,57.7
640,80.89,1,Salmon,50,mixed,320,0.1980,5,70.99,93.0,94.4,94.7,57.7
641,103.75,1,Blue Discus,60,dart,523,0.1980,6,71.41,93.0,94.4,94.7,57.7
642,52.28,1,Sunfish,30,mixed,335,0.1980,7,71.47,93.0,94.4,94.7,57.7
643,47.43,1,Herring,25,dart,330,0.1980,8,71.63,93.0,94.4,94.7,57.7
644,62.10,1,Sea Cucumber,40,sinker,335,0.1980,9,71.64,93.0,94.4,94.7,57.7
645,92.70,1,Red Mullet,55,smooth,325,0.1980,10,72.25,93.0,94.4,94.8,57.7
646,68.16,1,Sea Cucumber,40,sinker,330,0.1980,11,71.77,93.0,94.5,94.8,57.7
647,84.68,1,Red Mullet,55,smooth,325,0.1980,12,71.73,93.0,94.5,94.8,57.7
648,53.69,1,Anchovy,30,dart,325,0.1979,13,72.60,94.0,94.5,94.8,57.7
649,135.36,1,Sturgeon,78,mixed,535,0.1979,14,73.01,94.0,94.5,94.8,59.3
650,77.04,1,Shad,45,smooth,343,0.1979,15,73.18,94.0,94.5,94.9,59.3
651,54.27,1,Anchovy,30,dart,320,0.1979,16,73.76,95.0,94.5,94.9,59.3
652,28.41,1,Carp,15,mixed,325,0.1979,17,73.40,95.0,94.5,94.9,59.3
653,91.84,1,Goby,55,dart,368,0.1979,18,73.45,95.0,94.5,94.9,59.3
654,75.19,1,Tilapia,50,mixed,325,0.1979,19,73.74,95.0,94.5,95.0,59.3
655,55.30,1,Perch,35,dart,320,0.1979,20,73.78,95.0,94.5,95.0,59.3
656,-24.14,0,Ice Pip,85,dart,325,0.1979,0,73.01,94.0,94.5,95.0,57.1
657,88.37,1,Tiger Trout,60,dart,383,0.1979,1,73.11,94.0,94.5,95.0,57.1
658,77.09,1,Shad,45,smooth,323,0.1979,2,72.52,94.0,94.5,95.0,57.1
659,76.08,1,Bullhead,46,smooth,328,0.1979,3,72.42,94.0,94.5,95.1,57.1
660,84.39,1,Lionfish,50,smooth,320,0.1979,4,72.49,94.0,94.5,95.1,57.1
661,97.14,1,Tiger Trout,60,dart,385,0.1979,5,73.72,95.0,94.5,95.2,57.1
662,54.57,1,Sardine,30,dart,348,0.1979,6,73.00,95.0,94.5,95.2,57.1
663,66.82,1,Red Snapper,40,mixed,400,0.1978,7,72.70,95.0,94.5,95.2,57.1
664,38.34,1,Carp,15,mixed,638,0.1978,8,72.44,95.0,94.5,95.2,57.1
665,172.11,1,Lingcod,85,mixed,1110,0.1978,9,73.64,95.0,94.5,95.2,58.6
666,126.05,1,Void Salmon,80,mixed,415,0.1978,10,73.96,95.0,94.5,95.2,60.0
667,-36.95,0,Super Cucumber,80,sinker,167,0.1978,0,74.05,95.0,94.5,95.2,58.1
668,82.19,1,Lionfish,50,smooth,328,0.1978,1,73.98,95.0,94.5,95.2,58.1
669,73.64,1,Flounder,50,sinker,343,0.1978,2,73.99,95.0,94.5,95.2,58.1
670,93.79,1,Stonefish,65,sinker,370,0.1978,3,73.65,95.0,94.5,95.3,58.1
671,133.46,1,Ice Pip,85,dart,493,0.1978,4,74.27,95.0,94.5,95.3,59.4
672,92.22,1,Sandfish,65,mixed,323,0.1978,5,74.36,95.0,94.5,95.3,59.4
673,-9.69,0,Carp,15,mixed,222,0.1978,0,73.63,94.0,94.3,95.3,59.4
674,99.30,1,Albacore,60,mixed,435,0.1978,1,74.30,94.0,94.3,95.3,59.4
675,72.73,1,Shad,45,smooth,325,0.1978,2,74.70,94.0,94.3,95.4,59.4
676,51.56,1,Anchovy,30,dart,325,0.1978,3,74.44,94.0,94.4,95.4,59.4
677,-1.26,0,Pufferfish,80,floater,557,0.1978,0,74.11,93.0,94.4,95.4,57.6
678,97.93,1,Stonefish,65,sinker,418,0.1978,1,74.53,93.0,94.4,95.4,57.6
679,67.25,1,Red Snapper,40,mixed,328,0.1977,2,73.29,93.0,94.4,95.4,57.6
680,79.78,1,Ghostfish,50,mixed,325,0.1977,3,73.04,93.0,94.4,95.5,57.6
681,81.34,1,Flounder,50,sinker,328,0.1977,4,73.39,93.0,94.4,95.5,57.6
682,90.27,1,Blue Discus,60,dart,355,0.1977,5,73.74,93.0,94.4,95.5,57.6
683,138.23,1,Dorado,78,mixed,448,0.1977,6,73.96,93.0,94.4,95.5,58.8
684,75.55,1,Shad,45,smooth,320,0.1977,7,74.16,93.0,94.4,95.6,58.8
685,82.15,1,Salmon,50,mixed,328,0.1977,8,75.16,94.0,94.4,95.6,58.8
686,88.00,1,Red Mullet,55,smooth,318,0.1977,9,75.22,94.0,94.4,95.6,58.8
687,58.55,1,Bream,35,smooth,333,0.1977,10,75.02,94.0,94.4,95.6,58.8
688,-20.88,0,Lingcod,85,mixed,317,0.1977,0,74.28,93.0,94.4,95.6,57.1
689,57.75,1,Perch,35,dart,333,0.1977,1,73.62,93.0,94.4,95.6,57.1
690,99.98,1,Salmon,50,mixed,500,0.1977,2,73.96,93.0,94.4,95.7,57.1
691,57.63,1,Perch,35,dart,333,0.1977,3,73.71,93.0,94.4,95.7,57.1
692,81.64,1,Lionfish,50,smooth,325,0.1977,4,74.09,93.0,94.4,95.7,57.1
693,52.51,1,Sardine,30,dart,328,0.1977,5,74.54,93.0,94.4,95.7,57.1
694,84.11,1,Flounder,50,sinker,328,0.1976,6,74.41,93.0,94.4,95.7,57.1
695,94.59,1,Albacore,60,mixed,333,0.1976,7,74.39,93.0,94.4,95.7,57.1
696,83.65,1,Goby,55,dart,325,0.1976,8,74.41,93.0,94.4,95.8,57.1
697,73.49,1,Bullhead,46,smooth,330,0.1976,9,74.51,93.0,94.4,95.8,57.1
698,60.83,1,Chub,35,dart,335,0.1976,10,74.12,93.0,94.4,95.8,57.1
699,113.95,1,Catfish,75,mixed,330,0.1976,11,74.38,93.0,94.4,95.8,58.3
700,67.11,1,Sea Cucumber,40,sinker,335,0.1976,12,74.24,93.0,94.4,95.8,58.3
701,101.78,1,Sturgeon,78,mixed,343,0.1976,13,74.61,93.0,94.4,95.8,59.5
702,50.83,1,Smallmouth Bass,28,mixed,320,0.1976,14,74.58,93.0,94.4,95.8,59.5
703,98.31,1,Sandfish,65,mixed,315,0.1976,15,74.57,93.0,94.4,95.8,59.5
704,60.06,1,Perch,35,dart,320,0.1976,16,74.32,93.0,94.5,95.8,59.5
705,50.84,1,Smallmouth Bass,28,mixed,325,0.1976,17,73.65,93.0,94.5,95.8,59.5
706,-14.92,0,Sunfish,30,mixed,225,0.1976,0,72.96,92.0,94.3,95.8,59.5
707,51.59,1,Smallmouth Bass,28,mixed,333,0.1976,1,71.75,92.0,94.3,95.8,59.5
708,46.56,1,Herring,25,dart,325,0.1975,2,70.91,92.0,94.3,95.8,59.5
709,71.08,1,Red Snapper,40,mixed,335,0.1975,3,71.31,92.0,94.3,95.8,59.5
710,79.68,1,Halibut,50,sinker,390,0.1975,4,71.33,92.0,94.3,95.9,59.5
711,100.41,1,Stonefish,65,sinker,378,0.1975,5,71.73,92.0,94.3,95.9,59.5
712,61.44,1,Chub,35,dart,338,0.1975,6,71.42,92.0,94.3,95.9,59.5
713,85.59,1,Goby,55,dart,368,0.1975,7,72.28,93.0,94.3,95.9,59.5
714,156.04,1,Octopus,95,sinker,468,0.1975,8,73.30,93.0,94.3,95.9,60.5
715,121.74,1,Stingray,80,sinker,443,0.1975,9,73.85,93.0,94.3,95.9,61.5
716,62.50,1,Bream,35,smooth,323,0.1975,10,73.30,93.0,94.3,95.9,61.5
717,93.32,1,Sandfish,65,mixed,483,0.1975,11,73.68,93.0,94.3,95.9,61.5
718,90.00,1,Midnight Carp,55,mixed,323,0.1975,12,73.67,93.0,94.3,96.0,61.5
719,95.95,1,Albacore,60,mixed,363,0.1975,13,73.13,93.0,94.3,96.0,61.5
720,132.55,1,Super Cucumber,80,sinker,475,0.1975,14,73.90,93.0,94.3,96.0,62.5
721,57.39,1,Chub,35,dart,335,0.1975,15,73.15,93.0,94.4,96.0,62.5
722,69.64,1,Rainbow Trout,45,mixed,333,0.1975,16,73.25,93.0,94.4,96.0,62.5
723,121.99,1,Sturgeon,78,mixed,438,0.1974,17,73.71,93.0,94.4,96.0,63.4
724,69.58,1,Red Snapper,40,mixed,338,0.1974,18,73.88,93.0,94.4,96.0,63.4
725,30.24,1,Carp,15,mixed,330,0.1974,19,73.66,93.0,94.4,96.0,63.4
726,142.64,1,Lingcod,85,mixed,535,0.1974,20,74.14,93.0,94.4,96.0,64.3
727,29.19,1,Carp,15,mixed,330,0.1974,21,73.84,93.0,94.4,96.0,64.3
728,80.63,1,Woodskip,50,mixed,340,0.1974,22,74.13,93.0,94.4,96.1,64.3
729,82.57,1,Ghostfish,50,mixed,325,0.1974,23,74.18,93.0,94.4,96.1,64.3
730,12.16,0,Pufferfish,80,floater,562,0.1974,0,73.41,93.0,94.4,96.1,62.8
731,45.49,1,Herring,25,dart,335,0.1974,1,73.30,93.0,94.4,96.1,62.8
732,151.00,1,Octopus,95,sinker,450,0.1974,2,74.03,93.0,94.4,96.1,63.6
733,91.50,1,Sandfish,65,mixed,320,0.1974,3,73.67,93.0,94.4,96.1,63.6
734,111.05,1,Eel,70,smooth,380,0.1974,4,73.91,93.0,94.4,96.1,63.6
735,130.85,1,Sturgeon,78,mixed,528,0.1974,5,75.52,94.0,94.4,96.1,64.4
736,83.33,1,Slimejack,55,dart,320,0.1974,6,75.49,94.0,94.4,96.2,64.4
737,51.20,1,Sardine,30,dart,320,0.1973,7,75.28,94.0,94.4,96.2,64.4
738,31.62,1,Carp,15,mixed,323,0.1973,8,74.90,94.0,94.4,96.2,64.4
739,44.61,1,Herring,25,dart,315,0.1973,9,74.68,94.0,94.4,96.2,64.4
740,122.47,1,Sturgeon,78,mixed,335,0.1973,10,75.10,94.0,94.4,96.2,65.2
741,61.50,1,Chub,35,dart,328,0.1973,11,74.68,94.0,94.4,96.2,65.2
742,85.12,1,Slimejack,55,dart,383,0.1973,12,75.01,94.0,94.4,96.2,65.2
743,129.64,1,Super Cucumber,80,sinker,500,0.1973,13,75.83,94.0,94.4,96.2,66.0
744,110.88,1,Sturgeon,78,mixed,313,0.1973,14,76.31,94.0,94.4,96.2,66.7
745,59.11,1,Perch,35,dart,335,0.1973,15,75.98,94.0,94.4,96.2,66.7
746,54.36,0,Scorpion Carp,90,dart,930,0.1973,0,75.84,94.0,94.4,96.2,65.3
747,53.61,1,Sardine,30,dart,325,0.1973,1,75.53,94.0,94.5,96.2,65.3
748,93.73,1,Red Mullet,55,smooth,328,0.1973,2,75.93,94.0,94.5,96.2,65.3
749,81.30,1,Largemouth Bass,50,mixed,348,0.1973,3,75.39,94.0,94.5,96.2,65.3
750,113.66,1,Lingcod,85,mixed,343,0.1973,4,75.76,94.0,94.5,96.2,66.0
751,79.77,1,Tilapia,50,mixed,330,0.1972,5,76.01,94.0,94.5,96.2,66.0
752,121.36,1,Pufferfish,80,floater,615,0.1972,6,76.94,94.0,94.5,96.2,66.7
753,63.11,1,Bream,35,smooth,335,0.1972,7,76.65,94.0,94.5,96.2,66.7
754,53.23,1,Smallmouth Bass,28,mixed,333,0.1972,8,76.43,94.0,94.5,96.2,66.7
755,52.58,1,Sardine,30,dart,328,0.1972,9,76.41,94.0,94.5,96.2,66.7
756,62.96,1,Bream,35,smooth,333,0.1972,10,77.28,95.0,94.5,96.2,66.7
757,-33.35,0,Scorpion Carp,90,dart,287,0.1972,0,76.06,94.0,94.5,96.2,65.4
758,79.75,1,Lionfish,50,smooth,328,0.1972,1,76.09,94.0,94.5,96.3,65.4
759,59.98,1,Chub,35,dart,338,0.1972,2,75.93,94.0,94.5,96.3,65.4
760,30.42,1,Carp,15,mixed,330,0.1972,3,75.39,94.0,94.5,96.3,65.4
761,82.94,1,Pike,60,dart,325,0.1972,4,75.24,94.0,94.5,96.3,65.4
762,31.30,1,Carp,15,mixed,325,0.1972,5,75.01,94.0,94.5,96.3,65.4
763,32.35,1,Carp,15,mixed,328,0.1972,6,74.67,94.0,94.5,96.3,65.4
764,101.43,1,Sandfish,65,mixed,308,0.1971,7,75.30,94.0,94.5,96.3,65.4
765,53.88,1,Sunfish,30,mixed,330,0.1971,8,74.12,94.0,94.5,96.3,65.4
766,61.14,1,Bream,35,smooth,333,0.1971,9,73.47,94.0,94.6,96.3,65.4
767,118.07,1,Dorado,78,mixed,378,0.1971,10,75.02,95.0,94.6,96.3,66.0
768,46.51,1,Herring,25,dart,345,0.1971,11,74.66,95.0,94.6,96.3,66.0
769,60.75,1,Bream,35,smooth,333,0.1971,12,74.53,95.0,94.6,96.3,66.0
770,139.10,1,Pufferfish,80,floater,693,0.1971,13,74.98,95.0,94.6,96.3,66.7
771,52.01,1,Sardine,30,dart,335,0.1971,14,74.17,95.0,94.6,96.3,66.7
772,100.79,1,Stonefish,65,sinker,328,0.1971,15,74.26,95.0,94.6,96.3,66.7
773,77.78,1,Halibut,50,sinker,343,0.1971,16,75.13,96.0,94.6,96.4,66.7
774,60.56,1,Bream,35,smooth,325,0.1971,17,74.74,96.0,94.6,96.4,66.7
775,30.38,1,Carp,15,mixed,338,0.1971,18,74.32,96.0,94.6,96.4,66.7
776,54.61,1,Chub,35,dart,333,0.1971,19,74.35,96.0,94.6,96.4,66.7
777,64.78,1,Sea Cucumber,40,sinker,328,0.1971,20,75.01,97.0,94.6,96.4,66.7
778,111.07,1,Eel,70,smooth,323,0.1970,21,75.14,97.0,94.6,96.4,66.7
779,56.45,1,Sunfish,30,mixed,330,0.1970,22,75.03,97.0,94.6,96.4,66.7
780,-30.46,0,Scorpion Carp,90,dart,284,0.1970,0,73.93,96.0,94.6,96.4,65.5
781,148.01,1,Lava Eel,90,mixed,430,0.1970,1,74.60,96.0,94.6,96.4,66.1
782,69.16,1,Red Snapper,40,mixed,340,0.1970,2,74.39,96.0,94.6,96.4,66.1
783,46.04,1,Herring,25,dart,330,0.1970,3,73.46,96.0,94.7,96.4,66.1
784,52.48,1,Sunfish,30,mixed,325,0.1970,4,73.23,96.0,94.7,96.4,66.1
785,76.73,1,Halibut,50,sinker,320,0.1970,5,73.18,96.0,94.7,96.4,66.1
786,97.98,1,Sandfish,65,mixed,308,0.1970,6,73.28,96.0,94.7,96.4,66.1
787,159.38,1,Super Cucumber,80,sinker,683,0.1970,7,74.29,96.0,94.7,96.4,66.7
788,125.08,1,Void Salmon,80,mixed,398,0.1970,8,75.75,97.0,94.7,96.4,67.2
789,78.32,1,Ghostfish,50,mixed,325,0.1970,9,75.95,97.0,94.7,96.4,67.2
790,75.41,1,Flounder,50,sinker,330,0.1970,10,75.71,97.0,94.7,96.5,67.2
791,44.19,1,Herring,25,dart,328,0.1969,11,75.57,97.0,94.7,96.5,67.2
792,88.67,1,Sandfish,65,mixed,475,0.1969,12,75.64,97.0,94.7,96.5,67.2
793,88.67,1,Stonefish,65,sinker,315,0.1969,13,76.00,97.0,94.7,96.5,67.2
794,158.05,1,Catfish,75,mixed,823,0.1969,14,76.74,97.0,94.7,96.5,67.8
795,55.04,1,Perch,35,dart,330,0.1969,15,76.35,97.0,94.7,96.5,67.8
796,63.39,1,Bream,35,smooth,330,0.1969,16,76.15,97.0,94.7,96.5,67.8
797,77.56,1,Largemouth Bass,50,mixed,413,0.1969,17,76.19,97.0,94.7,96.5,67.8
798,53.57,1,Perch,35,dart,320,0.1969,18,76.11,97.0,94.7,96.5,67.8
799,108.41,1,Squid,75,sinker,333,0.1969,19,76.06,97.0,94.7,96.5,68.3
800,59.51,1,Chub,35,dart,325,0.1969,20,75.98,97.0,94.7,96.5,68.3
801,32.66,1,Carp,15,mixed,328,0.1969,21,75.29,97.0,94.7,96.5,68.3
802,33.03,1,Carp,15,mixed,338,0.1969,22,75.11,97.0,94.7,96.5,68.3
803,98.03,1,Catfish,75,mixed,365,0.1969,23,75.11,97.0,94.7,96.5,68.9
804,53.77,1,Sardine,30,dart,333,0.1968,24,75.05,97.0,94.7,96.5,68.9
805,64.54,1,Chub,35,dart,403,0.1968,25,75.19,97.0,94.7,96.5,68.9
806,46.03,1,Herring,25,dart,335,0.1968,26,75.79,98.0,94.8,96.5,68.9
807,94.10,1,Pike,60,dart,410,0.1968,27,76.22,98.0,94.8,96.6,68.9
808,87.86,1,Red Mullet,55,smooth,320,0.1968,28,76.63,98.0,94.8,96.6,68.9
809,44.94,1,Herring,25,dart,328,0.1968,29,76.37,98.0,94.8,96.6,68.9
810,95.02,1,Pike,60,dart,333,0.1968,30,76.52,98.0,94.8,96.6,68.9
811,59.18,1,Chub,35,dart,328,0.1968,31,76.11,98.0,94.8,96.6,68.9
812,90.30,1,Red Mullet,55,smooth,323,0.1968,32,76.40,98.0,94.8,96.6,68.9
813,68.45,1,Red Snapper,40,mixed,368,0.1968,33,76.23,98.0,94.8,96.6,68.9
814,43.86,1,Sardine,30,dart,480,0.1968,34,75.11,98.0,94.8,96.6,68.9
815,95.42,1,Red Mullet,55,smooth,330,0.1968,35,74.84,98.0,94.8,96.6,68.9
816,126.00,1,Lingcod,85,mixed,413,0.1967,36,75.48,98.0,94.8,96.6,69.4
817,112.17,1,Sturgeon,78,mixed,300,0.1967,37,75.67,98.0,94.8,96.6,69.8
818,170.03,1,Super Cucumber,80,sinker,798,0.1967,38,76.47,98.0,94.8,96.6,70.3
819,88.10,1,Red Mullet,55,smooth,323,0.1967,39,76.39,98.0,94.8,96.6,70.3
820,88.74,1,Blue Discus,60,dart,313,0.1967,40,75.95,98.0,94.8,96.7,70.3
821,63.02,1,Bream,35,smooth,325,0.1967,41,76.01,98.0,94.8,96.7,70.3
822,130.68,1,Void Salmon,80,mixed,328,0.1967,42,76.62,98.0,94.8,96.7,70.8
823,54.08,1,Anchovy,30,dart,325,0.1967,43,75.94,98.0,94.8,96.7,70.8
824,95.91,1,Stonefish,65,sinker,365,0.1967,44,76.20,98.0,94.8,96.7,70.8
825,78.08,1,Halibut,50,sinker,328,0.1967,45,76.68,98.0,94.8,96.7,70.8
826,80.28,1,Blue Discus,60,dart,350,0.1967,46,76.06,98.0,94.8,96.7,70.8
827,79.78,1,Flounder,50,sinker,328,0.1967,47,76.56,98.0,94.8,96.7,70.8
828,78.18,1,Salmon,50,mixed,338,0.1967,48,76.54,98.0,94.8,96.8,70.8
829,66.44,1,Red Snapper,40,mixed,325,0.1966,49,76.38,98.0,94.8,96.8,70.8
830,31.22,1,Carp,15,mixed,345,0.1966,50,76.57,98.0,94.8,96.8,70.8
831,79.73,1,Bullhead,46,smooth,323,0.1966,51,76.91,98.0,94.8,96.8,70.8
832,58.54,1,Perch,35,dart,333,0.1966,52,75.99,98.0,94.8,96.8,70.8
833,82.41,1,Red Mullet,55,smooth,318,0.1966,53,75.90,98.0,94.8,96.8,70.8
834,101.39,1,Pike,60,dart,478,0.1966,54,75.80,98.0,94.8,96.8,70.8
835,-33.69,0,Lingcod,85,mixed,167,0.1966,0,74.15,97.0,94.8,96.8,69.7
836,63.16,1,Bream,35,smooth,330,0.1966,1,73.95,97.0,94.8,96.8,69.7
837,60.38,1,Perch,35,dart,335,0.1966,2,74.04,97.0,94.9,96.8,69.7
838,128.24,1,Ice Pip,85,dart,475,0.1966,3,75.01,97.0,94.9,96.8,70.1
839,30.68,1,Carp,15,mixed,343,0.1966,4,74.87,97.0,94.9,96.8,70.1
840,28.74,1,Carp,15,mixed,343,0.1966,5,73.93,97.0,94.9,96.8,70.1
841,52.22,1,Sardine,30,dart,330,0.1965,6,73.84,97.0,94.9,96.8,70.1
842,109.04,1,Stingray,80,sinker,490,0.1965,7,74.08,97.0,94.9,96.8,70.6
843,31.28,1,Carp,15,mixed,338,0.1965,8,73.10,97.0,94.9,96.8,70.6
844,52.90,1,Sardine,30,dart,325,0.1965,9,72.52,97.0,94.9,96.8,70.6
845,56.93,1,Perch,35,dart,315,0.1965,10,72.49,97.0,94.9,96.8,70.6
846,51.37,1,Sunfish,30,mixed,325,0.1965,11,72.46,97.0,94.9,96.8,70.6
847,95.83,1,Albacore,60,mixed,335,0.1965,12,72.89,97.0,94.9,96.8,70.6
848,129.66,1,Sturgeon,78,mixed,438,0.1965,13,73.25,97.0,94.9,96.8,71.0
849,87.70,1,Pike,60,dart,348,0.1965,14,73.31,97.0,94.9,96.8,71.0
850,57.92,1,Chub,35,dart,338,0.1965,15,72.75,97.0,94.9,96.8,71.0
851,114.30,1,Squid,75,sinker,360,0.1965,16,73.10,97.0,94.9,96.8,71.4
852,114.45,1,Eel,70,smooth,320,0.1965,17,73.03,97.0,94.9,96.9,71.4
853,67.49,1,Red Snapper,40,mixed,328,0.1964,18,73.07,97.0,94.9,96.9,71.4
854,127.23,1,Dorado,78,mixed,533,0.1964,19,73.81,97.0,94.9,96.9,71.8
855,91.44,1,Albacore,60,mixed,358,0.1964,20,74.20,97.0,94.9,96.9,71.8
856,106.87,1,Squid,75,sinker,343,0.1964,21,74.64,97.0,94.9,96.9,72.2
857,-31.98,0,Lava Eel,90,mixed,212,0.1964,0,74.65,97.0,94.9,96.9,71.2
858,51.03,1,Sunfish,30,mixed,328,0.1964,1,74.37,97.0,94.9,96.9,71.2
859,29.29,1,Carp,15,mixed,328,0.1964,2,74.06,97.0,94.9,96.9,71.2
860,51.72,1,Anchovy,30,dart,318,0.1964,3,74.27,97.0,95.0,96.9,71.2
861,60.22,1,Chub,35,dart,325,0.1964,4,74.05,97.0,95.0,96.9,71.2
862,129.88,1,Lingcod,85,mixed,365,0.1964,5,75.03,97.0,95.0,96.9,71.6
863,96.95,1,Stonefish,65,sinker,385,0.1964,6,75.68,97.0,95.0,96.9,71.6
864,113.28,1,Squid,75,sinker,375,0.1964,7,75.80,97.0,95.0,96.9,72.0
865,76.85,1,Salmon,50,mixed,333,0.1963,8,76.03,97.0,95.0,96.9,72.0
866,87.03,1,Pike,60,dart,325,0.1963,9,76.28,97.0,95.0,96.9,72.0
867,53.70,1,Sunfish,30,mixed,333,0.1963,10,75.64,97.0,95.0,96.9,72.0
868,136.77,1,Stingray,80,sinker,480,0.1963,11,76.54,97.0,95.0,96.9,72.4
869,114.72,1,Stingray,80,sinker,363,0.1963,12,77.08,97.0,95.0,96.9,72.7
870,108.89,1,Tuna,70,smooth,320,0.1963,13,76.78,97.0,95.0,96.9,72.7
871,84.42,1,Slimejack,55,dart,335,0.1963,14,77.11,97.0,95.0,97.0,72.7
872,61.13,1,Bream,35,smooth,338,0.1963,15,76.71,97.0,95.0,97.0,72.7
873,43.56,1,Herring,25,dart,358,0.1963,16,76.37,97.0,95.0,97.0,72.7
874,94.73,1,Blue Discus,60,dart,360,0.1963,17,76.71,97.0,95.0,97.0,72.7
875,65.38,1,Red Snapper,40,mixed,323,0.1963,18,77.06,97.0,95.0,97.0,72.7
876,155.24,1,Stingray,80,sinker,693,0.1963,19,78.06,97.0,95.0,97.0,73.1
877,-5.85,0,Ice Pip,85,dart,417,0.1962,0,77.36,96.0,95.0,97.0,72.2
878,85.63,1,Red Mullet,55,smooth,323,0.1962,1,77.10,96.0,95.0,97.0,72.2
879,57.15,1,Bream,35,smooth,325,0.1962,2,77.11,96.0,95.0,97.0,72.2
880,96.40,1,Sandfish,65,mixed,338,0.1962,3,78.38,97.0,95.0,97.0,72.2
881,84.99,1,Midnight Carp,55,mixed,323,0.1962,4,77.75,97.0,95.0,97.0,72.2
882,81.09,1,Lionfish,50,smooth,328,0.1962,5,77.87,97.0,95.0,97.0,72.2
883,83.16,1,Sea Cucumber,40,sinker,663,0.1962,6,78.24,97.0,95.0,97.0,72.2
884,102.96,1,Tiger Trout,60,dart,508,0.1962,7,78.74,97.0,95.0,97.0,72.2
885,46.96,1,Smallmouth Bass,28,mixed,325,0.1962,8,78.45,97.0,95.0,97.0,72.2
886,82.26,1,Ghostfish,50,mixed,328,0.1962,9,78.29,97.0,95.0,97.1,72.2
887,96.54,1,Albacore,60,mixed,325,0.1962,10,77.66,97.0,95.0,97.1,72.2
888,55.82,1,Bream,35,smooth,330,0.1962,11,76.97,97.0,95.0,97.1,72.2
889,106.05,1,Eel,70,smooth,320,0.1961,12,77.25,97.0,95.0,97.1,72.2
890,41.45,1,Herring,25,dart,318,0.1961,13,76.91,97.0,95.0,97.1,72.2
891,57.84,1,Sea Cucumber,40,sinker,355,0.1961,14,77.04,97.0,95.0,97.1,72.2
892,115.00,1,Eel,70,smooth,360,0.1961,15,77.31,97.0,95.0,97.1,72.2
893,80.76,1,Ghostfish,50,mixed,360,0.1961,16,77.23,97.0,95.0,97.1,72.2
894,79.73,1,Salmon,50,mixed,343,0.1961,17,76.44,97.0,95.0,97.1,72.2
895,156.84,1,Octopus,95,sinker,513,0.1961,18,77.46,97.0,95.0,97.1,72.5
896,28.03,1,Carp,15,mixed,335,0.1961,19,77.11,97.0,95.1,97.1,72.5
897,156.00,1,Octopus,95,sinker,558,0.1961,20,77.89,97.0,95.1,97.1,72.8
898,125.76,1,Super Cucumber,80,sinker,355,0.1961,21,78.61,97.0,95.1,97.1,73.2
899,159.25,1,Lingcod,85,mixed,770,0.1961,22,79.12,97.0,95.1,97.1,73.5
900,-31.07,0,Scorpion Carp,90,dart,340,0.1960,0,78.22,96.0,95.1,97.1,72.6
901,76.30,1,Shad,45,smooth,333,0.1960,1,78.65,96.0,95.1,97.1,72.6
902,59.27,1,Bream,35,smooth,325,0.1960,2,78.92,96.0,95.1,97.1,72.6
903,-29.22,0,Ice Pip,85,dart,257,0.1960,0,77.64,95.0,95.1,97.1,71.8
904,124.96,1,Sturgeon,78,mixed,385,0.1960,1,78.35,95.0,95.1,97.1,72.1
905,86.07,1,Midnight Carp,55,mixed,358,0.1960,2,78.57,95.0,95.1,97.2,72.1
906,50.77,1,Sunfish,30,mixed,320,0.1960,3,78.62,95.0,95.1,97.2,72.1
907,58.51,1,Bream,35,smooth,323,0.1960,4,78.26,95.0,95.1,97.2,72.1
908,-22.26,0,Halibut,50,sinker,205,0.1960,0,77.16,94.0,95.1,96.7,72.1
909,86.75,1,Slimejack,55,dart,400,0.1960,1,77.58,94.0,95.1,96.7,72.1
910,79.73,1,Salmon,50,mixed,333,0.1960,2,77.43,94.0,95.1,96.7,72.1
911,-16.76,0,Scorpion Carp,90,dart,429,0.1960,0,76.67,93.0,95.1,96.7,71.3
912,58.03,1,Bream,35,smooth,323,0.1959,1,76.34,93.0,95.1,96.7,71.3
913,52.20,1,Sardine,30,dart,318,0.1959,2,76.18,93.0,95.1,96.7,71.3
914,87.31,1,Tiger Trout,60,dart,363,0.1959,3,76.62,93.0,95.1,96.7,71.3
915,63.44,1,Chub,35,dart,353,0.1959,4,76.30,93.0,95.1,96.7,71.3
916,64.65,1,Bream,35,smooth,448,0.1959,5,75.68,93.0,95.1,96.7,71.3
917,53.46,1,Sardine,30,dart,433,0.1959,6,75.10,93.0,95.1,96.7,71.3
918,49.85,1,Anchovy,30,dart,320,0.1959,7,73.89,93.0,95.1,96.7,71.3
919,119.71,1,Lingcod,85,mixed,325,0.1959,8,74.21,93.0,95.1,96.7,71.6
920,60.55,1,Perch,35,dart,320,0.1959,9,73.93,93.0,95.1,96.7,71.6
921,51.59,1,Smallmouth Bass,28,mixed,330,0.1959,10,73.81,93.0,95.1,96.7,71.6
922,64.05,1,Sea Cucumber,40,sinker,388,0.1959,11,73.15,93.0,95.2,96.7,71.6
923,123.25,1,Lingcod,85,mixed,315,0.1958,12,73.84,93.0,95.2,96.7,71.9
924,88.02,1,Slimejack,55,dart,328,0.1958,13,73.76,93.0,95.2,96.8,71.9
925,116.17,1,Eel,70,smooth,385,0.1958,14,74.14,93.0,95.2,96.8,71.9
926,53.23,1,Sardine,30,dart,328,0.1958,15,73.87,93.0,95.2,96.8,71.9
927,77.45,1,Tilapia,50,mixed,323,0.1958,16,73.85,93.0,95.2,96.8,71.9
928,140.40,1,Dorado,78,mixed,470,0.1958,17,74.47,93.0,95.2,96.8,72.2
929,82.80,1,Salmon,50,mixed,323,0.1958,18,74.63,93.0,95.2,96.8,72.2
930,72.85,1,Flounder,50,sinker,318,0.1958,19,75.05,93.0,95.2,96.8,72.2
931,75.28,1,Rainbow Trout,45,mixed,320,0.1958,20,75.00,93.0,95.2,96.8,72.2
932,65.74,1,Red Snapper,40,mixed,328,0.1958,21,75.08,93.0,95.2,96.8,72.2
933,83.83,1,Tiger Trout,60,dart,308,0.1958,22,75.09,93.0,95.2,96.8,72.2
934,42.73,0,Pufferfish,80,floater,1232,0.1957,0,74.50,93.0,95.2,96.8,71.4
935,60.58,1,Perch,35,dart,338,0.1957,1,75.45,94.0,95.2,96.8,71.4
936,105.74,1,Catfish,75,mixed,303,0.1957,2,75.87,94.0,95.2,96.8,71.7
937,73.32,1,Sea Cucumber,40,sinker,438,0.1957,3,76.00,94.0,95.2,96.8,71.7
938,54.08,1,Anchovy,30,dart,350,0.1957,4,75.26,94.0,95.2,96.8,71.7
939,82.58,1,Midnight Carp,55,mixed,310,0.1957,5,75.78,94.0,95.2,96.9,71.7
940,113.81,1,Squid,75,sinker,385,0.1957,6,76.63,94.0,95.2,96.9,72.0
941,85.06,1,Tilapia,50,mixed,333,0.1957,7,76.96,94.0,95.2,96.9,72.0
942,127.59,1,Lingcod,85,mixed,320,0.1957,8,77.14,94.0,95.2,96.9,72.3
943,120.00,1,Super Cucumber,80,sinker,353,0.1957,9,78.03,94.0,95.2,96.9,72.6
944,61.03,1,Perch,35,dart,345,0.1957,10,78.11,94.0,95.2,96.9,72.6
945,85.36,1,Blue Discus,60,dart,373,0.1956,11,78.40,94.0,95.2,96.9,72.6
946,102.85,1,Stonefish,65,sinker,335,0.1956,12,78.91,94.0,95.2,96.9,72.6
947,53.27,1,Anchovy,30,dart,323,0.1956,13,78.49,94.0,95.2,96.9,72.6
948,147.90,1,Lingcod,85,mixed,453,0.1956,14,78.67,94.0,95.2,96.9,72.9
949,-10.81,0,Dorado,78,mixed,417,0.1956,0,77.68,93.0,95.2,96.9,72.2
950,51.37,1,Sardine,30,dart,330,0.1956,1,77.62,93.0,95.2,96.9,72.2
951,146.40,1,Octopus,95,sinker,668,0.1956,2,77.94,93.0,95.2,96.9,72.4
952,30.00,1,Carp,15,mixed,320,0.1956,3,77.09,93.0,95.2,96.9,72.4
953,84.22,1,Salmon,50,mixed,323,0.1956,4,77.26,93.0,95.2,96.9,72.4
954,83.13,1,Woodskip,50,mixed,330,0.1956,5,76.82,93.0,95.2,96.9,72.4
955,28.94,1,Carp,15,mixed,325,0.1956,6,76.20,93.0,95.2,96.9,72.4
956,88.51,1,Midnight Carp,55,mixed,323,0.1955,7,76.01,93.0,95.2,96.9,72.4
957,111.30,1,Dorado,78,mixed,320,0.1955,8,77.44,94.0,95.2,96.9,72.7
958,49.98,1,Smallmouth Bass,28,mixed,333,0.1955,9,77.43,94.0,95.2,96.9,72.7
959,135.00,1,Squid,75,sinker,550,0.1955,10,78.49,94.0,95.2,96.9,73.0
960,55.49,1,Sardine,30,dart,350,0.1955,11,78.53,94.0,95.2,96.9,73.0
961,80.62,1,Goby,55,dart,328,0.1955,12,78.73,94.0,95.2,97.0,73.0
962,67.93,1,Red Snapper,40,mixed,328,0.1955,13,78.11,94.0,95.3,97.0,73.0
963,55.95,1,Sardine,30,dart,323,0.1955,14,77.70,94.0,95.3,97.0,73.0
964,181.47,1,Lava Eel,90,mixed,983,0.1955,15,78.39,94.0,95.3,97.0,73.3
965,90.59,1,Blue Discus,60,dart,340,0.1955,16,78.52,94.0,95.3,97.0,73.3
966,48.64,1,Smallmouth Bass,28,mixed,340,0.1955,17,78.14,94.0,95.3,97.0,73.3
967,84.77,1,Flounder,50,sinker,360,0.1954,18,78.45,94.0,95.3,97.0,73.3
968,69.07,1,Red Snapper,40,mixed,335,0.1954,19,77.77,94.0,95.3,97.0,73.3
969,101.38,1,Stonefish,65,sinker,335,0.1954,20,77.64,94.0,95.3,97.0,73.3
970,83.10,1,Ghostfish,50,mixed,320,0.1954,21,77.38,94.0,95.3,97.0,73.3
971,128.69,1,Ice Pip,85,dart,450,0.1954,22,77.82,94.0,95.3,97.0,73.5
972,115.64,1,Eel,70,smooth,328,0.1954,23,78.37,94.0,95.3,97.0,73.5
973,120.23,1,Super Cucumber,80,sinker,353,0.1954,24,79.14,94.0,95.3,97.0,73.8
974,109.36,1,Catfish,75,mixed,315,0.1954,25,79.28,94.0,95.3,97.0,74.0
975,101.79,1,Sandfish,65,mixed,320,0.1954,26,79.65,94.0,95.3,97.0,74.0
976,77.12,1,Flounder,50,sinker,358,0.1954,27,78.86,94.0,95.3,97.0,74.0
977,28.47,1,Carp,15,mixed,325,0.1953,28,79.21,95.0,95.3,97.0,74.0
978,78.65,1,Bullhead,46,smooth,330,0.1953,29,79.14,95.0,95.3,97.1,74.0
979,51.79,1,Sardine,30,dart,320,0.1953,30,79.08,95.0,95.3,97.1,74.0
980,54.61,1,Sunfish,30,mixed,328,0.1953,31,78.67,95.0,95.3,97.1,74.0
981,63.19,1,Sea Cucumber,40,sinker,395,0.1953,32,78.45,95.0,95.3,97.1,74.0
982,135.18,1,Void Salmon,80,mixed,405,0.1953,33,78.99,95.0,95.3,97.1,74.3
983,116.35,1,Tuna,70,smooth,333,0.1953,34,79.32,95.0,95.3,97.1,74.3
984,82.79,1,Largemouth Bass,50,mixed,348,0.1953,35,79.12,95.0,95.3,97.1,74.3
985,28.63,1,Carp,15,mixed,318,0.1953,36,78.94,95.0,95.3,97.1,74.3
986,83.95,1,Ghostfish,50,mixed,323,0.1953,37,78.95,95.0,95.3,97.1,74.3
987,49.48,1,Herring,25,dart,423,0.1953,38,78.48,95.0,95.3,97.1,74.3
988,60.36,1,Chub,35,dart,348,0.1952,39,78.53,95.0,95.3,97.1,74.3
989,6.78,0,Ice Pip,85,dart,812,0.1952,0,77.54,95.0,95.3,97.1,73.6
990,-19.51,0,Sea Cucumber,40,sinker,167,0.1952,0,76.93,94.0,95.2,97.1,73.6
991,138.84,1,Lava Eel,90,mixed,395,0.1952,1,77.74,94.0,95.2,97.1,73.8
992,52.91,1,Sunfish,30,mixed,318,0.1952,2,77.12,94.0,95.2,97.1,73.8
993,146.63,1,Lingcod,85,mixed,480,0.1952,3,77.77,94.0,95.2,97.1,74.1
994,122.33,1,Squid,75,sinker,323,0.1952,4,78.20,94.0,95.2,97.1,74.3
995,115.25,1,Catfish,75,mixed,333,0.1952,5,77.78,94.0,95.2,97.1,74.5
996,71.06,1,Rainbow Trout,45,mixed,353,0.1952,6,78.21,94.0,95.2,97.1,74.5
997,56.13,1,Chub,35,dart,320,0.1952,7,77.22,94.0,95.2,97.1,74.5
998,85.73,1,Flounder,50,sinker,425,0.1951,8,76.82,94.0,95.2,97.1,74.5
999,74.81,1,Rainbow Trout,45,mixed,320,0.1951,9,75.97,94.0,95.2,97.1,74.5
1000,105.41,1,Blue Discus,60,dart,653,0.1951,10,77.34,95.0,95.2,97.1,74.5
1001,59.47,1,Perch,35,dart,320,0.1951,11,77.17,95.0,95.2,97.1,74.5
1002,80.85,1,Midnight Carp,55,mixed,365,0.1951,12,77.38,95.0,95.2,97.2,74.5
1003,81.41,1,Flounder,50,sinker,385,0.1951,13,78.49,96.0,95.2,97.2,74.5
1004,53.92,1,Anchovy,30,dart,320,0.1951,14,77.78,96.0,95.2,97.2,74.5
1005,91.36,1,Tiger Trout,60,dart,333,0.1951,15,77.83,96.0,95.2,97.2,74.5
1006,135.19,1,Pufferfish,80,floater,555,0.1951,16,78.68,96.0,95.2,97.2,74.8
1007,92.31,1,Red Mullet,55,smooth,330,0.1951,17,79.01,96.0,95.2,97.2,74.8
1008,91.18,1,Pike,60,dart,378,0.1951,18,80.15,97.0,95.2,97.2,74.8
1009,100.76,1,Albacore,60,mixed,320,0.1950,19,80.29,97.0,95.2,97.2,74.8
1010,80.66,1,Halibut,50,sinker,338,0.1950,20,80.30,97.0,95.2,97.2,74.8
1011,85.16,1,Tilapia,50,mixed,325,0.1950,21,81.32,98.0,95.2,97.2,74.8
1012,84.96,1,Largemouth Bass,50,mixed,318,0.1950,22,81.59,98.0,95.2,97.2,74.8
1013,75.65,1,Rainbow Trout,45,mixed,325,0.1950,23,81.82,98.0,95.2,97.3,74.8
1014,52.50,1,Anchovy,30,dart,318,0.1950,24,81.47,98.0,95.2,97.3,74.8
1015,89.57,1,Largemouth Bass,50,mixed,403,0.1950,25,81.73,98.0,95.2,97.3,74.8
1016,80.14,1,Bullhead,46,smooth,328,0.1950,26,81.89,98.0,95.2,97.3,74.8
1017,68.68,1,Sea Cucumber,40,sinker,408,0.1950,27,82.04,98.0,95.2,97.3,74.8
1018,61.50,1,Chub,35,dart,320,0.1950,28,82.16,98.0,95.2,97.3,74.8
1019,58.46,1,Chub,35,dart,323,0.1949,29,81.54,98.0,95.2,97.3,74.8
1020,120.38,1,Catfish,75,mixed,353,0.1949,30,82.14,98.0,95.2,97.3,75.0
1021,76.77,1,Bullhead,46,smooth,318,0.1949,31,82.39,98.0,95.2,97.3,75.0
1022,49.35,1,Sardine,30,dart,348,0.1949,32,82.25,98.0,95.2,97.3,75.0
1023,60.13,1,Perch,35,dart,318,0.1949,33,81.62,98.0,95.3,97.3,75.0
1024,85.87,1,Tilapia,50,mixed,318,0.1949,34,81.60,98.0,95.3,97.3,75.0
1025,61.62,1,Chub,35,dart,328,0.1949,35,81.05,98.0,95.3,97.3,75.0
1026,64.29,1,Perch,35,dart,348,0.1949,36,81.16,98.0,95.3,97.3,75.0
1027,148.35,1,Octopus,95,sinker,485,0.1949,37,81.87,98.0,95.3,97.3,75.2
1028,54.14,1,Sunfish,30,mixed,340,0.1949,38,81.01,98.0,95.3,97.3,75.2
1029,66.53,1,Red Snapper,40,mixed,340,0.1948,39,80.84,98.0,95.3,97.3,75.2
1030,60.19,1,Bream,35,smooth,328,0.1948,40,80.72,98.0,95.3,97.3,75.2
1031,34.55,1,Carp,15,mixed,548,0.1948,41,80.31,98.0,95.3,97.3,75.2
1032,26.54,1,Carp,15,mixed,323,0.1948,42,79.92,98.0,95.3,97.3,75.2
1033,89.03,1,Slimejack,55,dart,448,0.1948,43,79.97,98.0,95.3,97.3,75.2
1034,69.49,1,Red Snapper,40,mixed,340,0.1948,44,80.24,98.0,95.3,97.3,75.2
1035,49.40,1,Smallmouth Bass,28,mixed,330,0.1948,45,80.13,98.0,95.3,97.3,75.2
1036,33.78,1,Carp,15,mixed,515,0.1948,46,79.41,98.0,95.3,97.3,75.2
1037,49.28,1,Smallmouth Bass,28,mixed,330,0.1948,47,79.17,98.0,95.3,97.3,75.2
1038,114.07,1,Squid,75,sinker,328,0.1948,48,79.77,98.0,95.3,97.3,75.4
1039,72.81,1,Goby,55,dart,325,0.1947,49,79.67,98.0,95.3,97.3,75.4
1040,79.13,1,Bullhead,46,smooth,333,0.1947,50,79.32,98.0,95.3,97.3,75.4
1041,71.98,1,Largemouth Bass,50,mixed,323,0.1947,51,79.19,98.0,95.3,97.3,75.4
1042,81.54,1,Goby,55,dart,328,0.1947,52,78.73,98.0,95.3,97.3,75.4
1043,84.74,1,Woodskip,50,mixed,470,0.1947,53,78.38,98.0,95.3,97.4,75.4
1044,74.65,1,Rainbow Trout,45,mixed,328,0.1947,54,78.51,98.0,95.3,97.4,75.4
1045,93.50,1,Pike,60,dart,415,0.1947,55,78.60,98.0,95.3,97.4,75.4
1046,59.69,1,Chub,35,dart,325,0.1947,56,78.16,98.0,95.3,97.4,75.4
1047,60.81,1,Bream,35,smooth,330,0.1947,57,78.24,98.0,95.3,97.4,75.4
1048,67.62,1,Red Snapper,40,mixed,325,0.1947,58,77.44,98.0,95.4,97.4,75.4
1049,67.93,1,Sea Cucumber,40,sinker,325,0.1946,59,78.22,99.0,95.4,97.4,75.4
1050,59.91,1,Bream,35,smooth,320,0.1946,60,78.31,99.0,95.4,97.4,75.4
1051,27.49,1,Carp,15,mixed,315,0.1946,61,77.12,99.0,95.4,97.4,75.4
1052,74.70,1,Rainbow Trout,45,mixed,323,0.1946,62,77.57,99.0,95.4,97.4,75.4
1053,93.30,1,Stonefish,65,sinker,330,0.1946,63,77.66,99.0,95.4,97.4,75.4
1054,114.92,1,Tuna,70,smooth,330,0.1946,64,77.98,99.0,95.4,97.4,75.4
1055,61.77,1,Bream,35,smooth,333,0.1946,65,78.30,99.0,95.4,97.4,75.4
1056,78.35,1,Walleye,45,smooth,333,0.1946,66,78.20,99.0,95.4,97.4,75.4
1057,103.87,1,Albacore,60,mixed,410,0.1946,67,78.13,99.0,95.4,97.4,75.4
1058,89.06,1,Slimejack,55,dart,345,0.1946,68,78.52,99.0,95.4,97.4,75.4
1059,52.71,1,Smallmouth Bass,28,mixed,338,0.1945,69,77.70,99.0,95.4,97.4,75.4
1060,55.58,1,Sardine,30,dart,345,0.1945,70,77.70,99.0,95.4,97.4,75.4
1061,-20.83,0,Scorpion Carp,90,dart,335,0.1945,0,76.68,98.0,95.4,97.4,74.8
1062,85.86,1,Largemouth Bass,50,mixed,328,0.1945,1,76.86,98.0,95.4,97.4,74.8
1063,45.92,1,Herring,25,dart,325,0.1945,2,76.76,98.0,95.4,97.4,74.8
1064,94.00,1,Red Mullet,55,smooth,323,0.1945,3,75.89,98.0,95.4,97.5,74.8
1065,62.42,1,Perch,35,dart,325,0.1945,4,75.60,98.0,95.4,97.5,74.8
1066,47.13,1,Herring,25,dart,370,0.1945,5,75.59,98.0,95.4,97.5,74.8
1067,65.05,1,Sea Cucumber,40,sinker,328,0.1945,6,75.39,98.0,95.4,97.5,74.8
1068,45.58,1,Herring,25,dart,338,0.1945,7,75.16,98.0,95.4,97.5,74.8
1069,63.88,1,Chub,35,dart,345,0.1944,8,74.78,98.0,95.4,97.5,74.8
1070,81.06,1,Lionfish,50,smooth,320,0.1944,9,74.76,98.0,95.4,97.5,74.8
1071,41.27,1,Herring,25,dart,320,0.1944,10,73.89,98.0,95.4,97.5,74.8
1072,31.71,1,Carp,15,mixed,320,0.1944,11,73.05,98.0,95.4,97.5,74.8
1073,85.53,1,Tilapia,50,mixed,320,0.1944,12,72.70,98.0,95.4,97.5,74.8
1074,132.96,1,Stingray,80,sinker,438,0.1944,13,72.94,98.0,95.4,97.5,75.0
1075,62.33,1,Perch,35,dart,393,0.1944,14,72.54,98.0,95.5,97.5,75.0
1076,78.91,1,Midnight Carp,55,mixed,353,0.1944,15,72.56,98.0,95.5,97.5,75.0
1077,30.10,1,Carp,15,mixed,345,0.1944,16,72.58,98.0,95.5,97.5,75.0
1078,81.33,1,Goby,55,dart,318,0.1943,17,72.60,98.0,95.5,97.5,75.0
1079,53.01,1,Sunfish,30,mixed,333,0.1943,18,72.62,98.0,95.5,97.5,75.0
1080,90.47,0,Scorpion Carp,90,dart,1579,0.1943,0,72.97,98.0,95.5,97.5,74.4
1081,113.32,1,Void Salmon,80,mixed,305,0.1943,1,73.48,98.0,95.5,97.5,74.6
1082,52.26,1,Sardine,30,dart,323,0.1943,2,72.65,98.0,95.5,97.5,74.6
1083,90.90,1,Pike,60,dart,408,0.1943,3,72.39,98.0,95.5,97.5,74.6
1084,92.50,1,Pufferfish,80,floater,288,0.1943,4,72.49,98.0,95.5,97.5,74.8
1085,111.67,1,Pufferfish,80,floater,418,0.1943,5,73.32,98.0,95.5,97.5,75.0
1086,52.78,1,Sardine,30,dart,360,0.1943,6,73.01,98.0,95.5,97.5,75.0
1087,66.14,1,Sea Cucumber,40,sinker,323,0.1943,7,73.18,98.0,95.5,97.5,75.0
1088,107.02,1,Stonefish,65,sinker,353,0.1942,8,73.64,98.0,95.5,97.5,75.0
1089,-42.85,0,Lava Eel,90,mixed,167,0.1942,0,73.15,97.0,95.5,97.5,74.4
1090,68.61,1,Rainbow Trout,45,mixed,308,0.1942,1,74.03,98.0,95.5,97.5,74.4
1091,78.68,1,Walleye,45,smooth,328,0.1942,2,73.42,98.0,95.5,97.5,74.4
1092,118.29,1,Catfish,75,mixed,323,0.1942,3,74.08,98.0,95.5,97.5,74.6
1093,61.56,1,Perch,35,dart,348,0.1942,4,73.23,98.0,95.5,97.5,74.6
1094,81.14,1,Lionfish,50,smooth,320,0.1942,5,72.82,98.0,95.5,97.5,74.6
1095,87.72,1,Blue Discus,60,dart,363,0.1942,6,72.54,98.0,95.5,97.5,74.6
1096,51.89,1,Sunfish,30,mixed,330,0.1942,7,72.35,98.0,95.5,97.5,74.6
1097,53.21,1,Sunfish,30,mixed,328,0.1941,8,72.32,98.0,95.5,97.5,74.6
1098,56.17,1,Chub,35,dart,330,0.1941,9,72.02,98.0,95.5,97.5,74.6
1099,77.17,1,Ghostfish,50,mixed,320,0.1941,10,72.05,98.0,95.5,97.6,74.6
1100,84.15,1,Lionfish,50,smooth,323,0.1941,11,71.84,98.0,95.5,97.6,74.6
1101,141.87,1,Octopus,95,sinker,435,0.1941,12,72.66,98.0,95.5,97.6,74.8
1102,123.40,1,Stingray,80,sinker,550,0.1941,13,73.09,98.0,95.5,97.6,75.0
1103,103.31,1,Eel,70,smooth,393,0.1941,14,73.30,98.0,95.5,97.6,75.0
1104,165.03,1,Dorado,78,mixed,800,0.1941,15,74.42,98.0,95.5,97.6,75.2
1105,85.47,1,Ghostfish,50,mixed,443,0.1941,16,74.36,98.0,95.5,97.6,75.2
1106,113.30,1,Tuna,70,smooth,340,0.1941,17,74.14,98.0,95.5,97.6,75.2
1107,75.32,1,Tilapia,50,mixed,320,0.1940,18,73.97,98.0,95.5,97.6,75.2
1108,54.57,1,Anchovy,30,dart,328,0.1940,19,73.60,98.0,95.5,97.6,75.2
1109,124.19,1,Catfish,75,mixed,340,0.1940,20,73.84,98.0,95.5,97.6,75.4
1110,48.27,1,Smallmouth Bass,28,mixed,325,0.1940,21,73.51,98.0,95.5,97.6,75.4
1111,86.36,1,Lionfish,50,smooth,333,0.1940,22,73.52,98.0,95.5,97.6,75.4
1112,115.81,1,Tuna,70,smooth,385,0.1940,23,73.83,98.0,95.5,97.6,75.4
1113,52.01,1,Smallmouth Bass,28,mixed,335,0.1940,24,73.60,98.0,95.5,97.6,75.4
1114,-14.87,0,Scorpion Carp,90,dart,377,0.1940,0,72.92,97.0,95.5,97.6,74.8
1115,66.45,1,Red Snapper,40,mixed,318,0.1940,1,72.69,97.0,95.5,97.6,74.8
1116,135.93,1,Catfish,75,mixed,618,0.1939,2,73.25,97.0,95.5,97.6,75.0
1117,125.25,1,Dorado,78,mixed,450,0.1939,3,73.81,97.0,95.5,97.6,75.2
1118,50.88,1,Smallmouth Bass,28,mixed,330,0.1939,4,73.71,97.0,95.5,97.6,75.2
1119,72.19,1,Bullhead,46,smooth,323,0.1939,5,73.85,97.0,95.5,97.6,75.2
1120,82.94,1,Salmon,50,mixed,335,0.1939,6,73.47,97.0,95.5,97.6,75.2
1121,45.78,1,Herring,25,dart,335,0.1939,7,73.16,97.0,95.6,97.6,75.2
1122,134.89,1,Stingray,80,sinker,740,0.1939,8,74.02,97.0,95.6,97.6,75.4
1123,69.07,1,Sea Cucumber,40,sinker,345,0.1939,9,74.11,97.0,95.6,97.6,75.4
1124,78.27,1,Largemouth Bass,50,mixed,328,0.1939,10,74.03,97.0,95.6,97.6,75.4
1125,58.59,0,Ice Pip,85,dart,1244,0.1939,0,74.00,97.0,95.6,97.6,74.8
1126,51.71,1,Smallmouth Bass,28,mixed,373,0.1938,1,73.87,97.0,95.6,97.6,74.8
1127,121.44,1,Pufferfish,80,floater,453,0.1938,2,73.61,97.0,95.6,97.6,75.0
1128,87.52,1,Tiger Trout,60,dart,378,0.1938,3,73.94,97.0,95.6,97.6,75.0
1129,87.01,1,Ghostfish,50,mixed,328,0.1938,4,74.14,97.0,95.6,97.7,75.0
1130,68.76,1,Red Snapper,40,mixed,320,0.1938,5,74.23,97.0,95.6,97.7,75.0
1131,70.99,1,Sea Cucumber,40,sinker,368,0.1938,6,74.59,97.0,95.6,97.7,75.0
1132,67.92,1,Sea Cucumber,40,sinker,350,0.1938,7,75.01,97.0,95.6,97.7,75.0
1133,108.03,1,Tuna,70,smooth,325,0.1938,8,75.20,97.0,95.6,97.7,75.0
1134,52.44,1,Sardine,30,dart,330,0.1938,9,75.03,97.0,95.6,97.7,75.0
1135,-28.24,0,Lava Eel,90,mixed,275,0.1937,0,74.25,96.0,95.6,97.7,74.4
1136,111.61,1,Stingray,80,sinker,325,0.1937,1,75.03,96.0,95.6,97.7,74.6
1137,75.27,1,Shad,45,smooth,320,0.1937,2,75.29,96.0,95.6,97.7,74.6
1138,99.38,1,Pike,60,dart,388,0.1937,3,75.14,96.0,95.6,97.7,74.6
1139,-25.42,0,Pike,60,dart,194,0.1937,0,74.16,95.0,95.6,97.4,74.6
1140,56.36,1,Chub,35,dart,335,0.1937,1,73.93,95.0,95.6,97.4,74.6
1141,107.45,1,Blue Discus,60,dart,508,0.1937,2,74.29,95.0,95.6,97.4,74.6
1142,57.99,1,Anchovy,30,dart,388,0.1937,3,74.05,95.0,95.6,97.4,74.6
1143,62.62,1,Bream,35,smooth,330,0.1937,4,73.83,95.0,95.6,97.4,74.6
1144,-38.67,0,Scorpion Carp,90,dart,209,0.1936,0,72.70,94.0,95.6,97.4,74.1
1145,83.63,1,Lionfish,50,smooth,325,0.1936,1,72.60,94.0,95.6,97.4,74.1
1146,58.66,1,Chub,35,dart,320,0.1936,2,72.59,94.0,95.6,97.4,74.1
1147,141.77,1,Dorado,78,mixed,613,0.1936,3,73.40,94.0,95.6,97.4,74.3
1148,52.33,1,Sunfish,30,mixed,333,0.1936,4,73.24,94.0,95.6,97.4,74.3
1149,75.44,1,Shad,45,smooth,330,0.1936,5,73.32,94.0,95.6,97.4,74.3
1150,105.53,1,Catfish,75,mixed,333,0.1936,6,73.78,94.0,95.6,97.4,74.5
1151,78.84,1,Bullhead,46,smooth,323,0.1936,7,74.29,94.0,95.6,97.4,74.5
1152,57.76,1,Chub,35,dart,320,0.1936,8,74.12,94.0,95.6,97.4,74.5
1153,140.10,1,Ice Pip,85,dart,693,0.1935,9,74.59,94.0,95.6,97.4,74.6
1154,53.20,1,Sunfish,30,mixed,333,0.1935,10,73.97,94.0,95.6,97.4,74.6
1155,77.16,1,Ghostfish,50,mixed,318,0.1935,11,74.12,94.0,95.6,97.4,74.6
1156,62.31,0,Ice Pip,85,dart,1270,0.1935,0,73.96,94.0,95.6,97.4,74.1
1157,77.13,1,Flounder,50,sinker,313,0.1935,1,73.70,94.0,95.6,97.4,74.1
1158,118.13,1,Tuna,70,smooth,380,0.1935,2,73.99,94.0,95.6,97.4,74.1
1159,59.27,1,Perch,35,dart,325,0.1935,3,74.05,94.0,95.6,97.4,74.1
1160,74.77,1,Goby,55,dart,320,0.1935,4,74.25,94.0,95.6,97.4,74.1
1161,83.51,1,Woodskip,50,mixed,335,0.1935,5,75.29,95.0,95.6,97.4,74.1
1162,71.36,1,Sea Cucumber,40,sinker,373,0.1934,6,75.14,95.0,95.6,97.4,74.1
1163,82.78,1,Ghostfish,50,mixed,320,0.1934,7,75.51,95.0,95.6,97.4,74.1
1164,32.17,1,Carp,15,mixed,433,0.1934,8,74.89,95.0,95.7,97.4,74.1
1165,76.58,1,Shad,45,smooth,343,0.1934,9,75.04,95.0,95.7,97.4,74.1
1166,61.40,1,Bream,35,smooth,325,0.1934,10,75.18,95.0,95.7,97.4,74.1
1167,82.03,1,Woodskip,50,mixed,328,0.1934,11,75.35,95.0,95.7,97.5,74.1
1168,56.30,1,Perch,35,dart,318,0.1934,12,75.46,95.0,95.7,97.5,74.1
1169,52.60,1,Anchovy,30,dart,340,0.1934,13,75.34,95.0,95.7,97.5,74.1
1170,76.95,1,Slimejack,55,dart,345,0.1934,14,75.30,95.0,95.7,97.5,74.1
1171,100.39,1,Midnight Carp,55,mixed,538,0.1933,15,75.89,95.0,95.7,97.5,74.1
1172,72.07,1,Rainbow Trout,45,mixed,323,0.1933,16,76.30,95.0,95.7,97.5,74.1
1173,63.03,1,Sea Cucumber,40,sinker,333,0.1933,17,76.07,95.0,95.7,97.5,74.1
1174,79.54,1,Slimejack,55,dart,320,0.1933,18,75.54,95.0,95.7,97.5,74.1
1175,95.09,1,Tiger Trout,60,dart,365,0.1933,19,75.86,95.0,95.7,97.5,74.1
1176,54.21,1,Anchovy,30,dart,345,0.1933,20,75.62,95.0,95.7,97.5,74.1
1177,131.88,1,Sturgeon,78,mixed,485,0.1933,21,76.64,95.0,95.7,97.5,74.3
1178,80.19,1,Salmon,50,mixed,318,0.1933,22,76.62,95.0,95.7,97.5,74.3
1179,53.31,1,Anchovy,30,dart,325,0.1933,23,76.63,95.0,95.7,97.5,74.3
1180,82.32,1,Albacore,60,mixed,325,0.1932,24,76.55,95.0,95.7,97.5,74.3
1181,31.02,1,Carp,15,mixed,428,0.1932,25,75.72,95.0,95.7,97.5,74.3
1182,51.56,1,Sunfish,30,mixed,325,0.1932,26,75.72,95.0,95.7,97.5,74.3
1183,54.07,1,Sardine,30,dart,323,0.1932,27,75.35,95.0,95.7,97.5,74.3
1184,69.33,1,Sea Cucumber,40,sinker,348,0.1932,28,75.12,95.0,95.7,97.5,74.3
1185,51.63,1,Sardine,30,dart,330,0.1932,29,74.51,95.0,95.7,97.5,74.3
1186,122.90,1,Sturgeon,78,mixed,415,0.1932,30,75.22,95.0,95.7,97.5,74.5
1187,32.75,1,Carp,15,mixed,423,0.1932,31,74.88,95.0,95.7,97.5,74.5
1188,65.29,1,Red Snapper,40,mixed,313,0.1932,32,74.46,95.0,95.7,97.5,74.5
1189,85.88,1,Flounder,50,sinker,353,0.1931,33,75.75,96.0,95.7,97.5,74.5
1190,64.55,1,Sea Cucumber,40,sinker,353,0.1931,34,75.71,96.0,95.7,97.5,74.5
1191,80.79,1,Lionfish,50,smooth,325,0.1931,35,75.73,96.0,95.7,97.5,74.5
1192,50.61,1,Smallmouth Bass,28,mixed,330,0.1931,36,75.06,96.0,95.7,97.5,74.5
1193,62.24,1,Bream,35,smooth,330,0.1931,37,75.06,96.0,95.7,97.5,74.5
1194,72.04,1,Red Snapper,40,mixed,355,0.1931,38,74.97,96.0,95.8,97.5,74.5
1195,62.02,1,Perch,35,dart,330,0.1931,39,74.71,96.0,95.8,97.5,74.5
1196,61.37,1,Chub,35,dart,323,0.1931,40,74.81,96.0,95.8,97.5,74.5
1197,116.79,1,Squid,75,sinker,560,0.1930,41,75.45,96.0,95.8,97.5,74.6
1198,80.43,1,Ghostfish,50,mixed,360,0.1930,42,75.69,96.0,95.8,97.5,74.6
1199,91.49,1,Pike,60,dart,330,0.1930,43,75.83,96.0,95.8,97.5,74.6
1200,53.22,1,Sunfish,30,mixed,343,0.1930,44,75.52,96.0,95.8,97.5,74.6
1201,94.66,1,Red Mullet,55,smooth,325,0.1930,45,75.05,96.0,95.8,97.5,74.6
1202,78.47,1,Rainbow Trout,45,mixed,340,0.1930,46,74.60,96.0,95.8,97.6,74.6
1203,78.23,1,Walleye,45,smooth,335,0.1930,47,74.35,96.0,95.8,97.6,74.6
1204,79.35,1,Woodskip,50,mixed,340,0.1930,48,73.49,96.0,95.8,97.6,74.6
1205,46.49,1,Herring,25,dart,333,0.1930,49,73.10,96.0,95.8,97.6,74.6
1206,91.10,1,Pike,60,dart,323,0.1929,50,72.88,96.0,95.8,97.6,74.6
1207,82.51,1,Lionfish,50,smooth,325,0.1929,51,72.95,96.0,95.8,97.6,74.6
1208,32.04,1,Carp,15,mixed,403,0.1929,52,72.73,96.0,95.8,97.6,74.6
1209,62.71,1,Perch,35,dart,330,0.1929,53,72.11,96.0,95.8,97.6,74.6
1210,76.02,1,Bullhead,46,smooth,325,0.1929,54,72.39,96.0,95.8,97.6,74.6
1211,78.16,1,Tilapia,50,mixed,325,0.1929,55,72.31,96.0,95.8,97.6,74.6
1212,62.53,1,Bream,35,smooth,333,0.1929,56,71.78,96.0,95.8,97.6,74.6
1213,91.35,1,Sandfish,65,mixed,330,0.1929,57,72.17,96.0,95.8,97.6,74.6
1214,67.96,1,Red Snapper,40,mixed,328,0.1929,58,73.00,97.0,95.8,97.6,74.6
1215,92.76,1,Red Mullet,55,smooth,328,0.1928,59,73.26,97.0,95.8,97.6,74.6
1216,55.82,1,Anchovy,30,dart,330,0.1928,60,72.46,97.0,95.8,97.6,74.6
1217,76.22,1,Bullhead,46,smooth,343,0.1928,61,71.97,97.0,95.8,97.6,74.6
1218,74.25,1,Red Snapper,40,mixed,395,0.1928,62,72.20,97.0,95.8,97.6,74.6
1219,93.35,1,Rainbow Trout,45,mixed,583,0.1928,63,72.41,97.0,95.8,97.6,74.6
1220,84.34,1,Blue Discus,60,dart,308,0.1928,64,72.43,97.0,95.8,97.6,74.6
1221,54.38,1,Anchovy,30,dart,335,0.1928,65,72.51,97.0,95.8,97.6,74.6
1222,75.28,1,Walleye,45,smooth,328,0.1928,66,71.92,97.0,95.8,97.6,74.6
1223,51.33,1,Smallmouth Bass,28,mixed,328,0.1927,67,71.74,97.0,95.8,97.6,74.6
1224,152.09,1,Octopus,95,sinker,438,0.1927,68,72.48,97.0,95.8,97.6,74.8
1225,55.06,1,Sardine,30,dart,340,0.1927,69,72.44,97.0,95.8,97.6,74.8
1226,33.35,1,Carp,15,mixed,390,0.1927,70,72.26,97.0,95.8,97.6,74.8
1227,61.85,1,Bream,35,smooth,330,0.1927,71,71.66,97.0,95.8,97.6,74.8
1228,54.90,1,Sardine,30,dart,328,0.1927,72,71.34,97.0,95.8,97.6,74.8
1229,79.74,1,Bullhead,46,smooth,333,0.1927,73,71.27,97.0,95.8,97.6,74.8
1230,47.46,1,Herring,25,dart,338,0.1927,74,71.05,97.0,95.9,97.6,74.8
1231,100.10,1,Tiger Trout,60,dart,473,0.1927,75,71.34,97.0,95.9,97.7,74.8
1232,78.42,1,Lionfish,50,smooth,325,0.1926,76,71.45,97.0,95.9,97.7,74.8
1233,45.16,1,Herring,25,dart,335,0.1926,77,70.82,97.0,95.9,97.7,74.8
1234,101.34,1,Sandfish,65,mixed,465,0.1926,78,71.31,97.0,95.9,97.7,74.8
1235,83.96,1,Salmon,50,mixed,325,0.1926,79,72.43,98.0,95.9,97.7,74.8
1236,62.48,1,Bream,35,smooth,335,0.1926,80,71.94,98.0,95.9,97.7,74.8
1237,91.38,1,Albacore,60,mixed,328,0.1926,81,72.10,98.0,95.9,97.7,74.8
1238,78.42,1,Slimejack,55,dart,320,0.1926,82,71.89,98.0,95.9,97.7,74.8
1239,-20.65,0,Lava Eel,90,mixed,294,0.1926,0,71.94,98.0,95.9,97.7,74.3
1240,54.91,1,Anchovy,30,dart,325,0.1925,1,71.92,98.0,95.9,97.7,74.3
1241,55.73,1,Anchovy,30,dart,325,0.1925,2,71.41,98.0,95.9,97.7,74.3
1242,88.60,1,Midnight Carp,55,mixed,330,0.1925,3,71.71,98.0,95.9,97.7,74.3
1243,111.89,1,Eel,70,smooth,318,0.1925,4,72.21,98.0,95.9,97.7,74.3
1244,79.15,1,Woodskip,50,mixed,320,0.1925,5,73.38,99.0,95.9,97.7,74.3
1245,55.50,1,Anchovy,30,dart,338,0.1925,6,73.10,99.0,95.9,97.7,74.3
1246,85.56,1,Tiger Trout,60,dart,345,0.1925,7,73.37,99.0,95.9,97.7,74.3
1247,51.83,1,Smallmouth Bass,28,mixed,330,0.1925,8,72.47,99.0,95.9,97.7,74.3
1248,78.45,1,Shad,45,smooth,330,0.1924,9,72.73,99.0,95.9,97.7,74.3
1249,85.35,1,Salmon,50,mixed,323,0.1924,10,72.83,99.0,95.9,97.7,74.3
1250,48.05,1,Herring,25,dart,335,0.1924,11,72.26,99.0,95.9,97.7,74.3
1251,32.07,1,Carp,15,mixed,383,0.1924,12,71.79,99.0,95.9,97.7,74.3
1252,115.91,1,Super Cucumber,80,sinker,395,0.1924,13,72.37,99.0,95.9,97.7,74.5
1253,66.14,1,Sea Cucumber,40,sinker,338,0.1924,14,71.63,99.0,95.9,97.7,74.5
1254,32.24,1,Carp,15,mixed,378,0.1924,15,71.42,99.0,95.9,97.7,74.5
1255,-10.71,0,Pufferfish,80,floater,535,0.1924,0,70.54,98.0,95.9,97.7,74.0
1256,45.42,1,Herring,25,dart,335,0.1924,1,70.37,98.0,95.9,97.7,74.0
1257,62.27,1,Bream,35,smooth,340,0.1923,2,70.23,98.0,95.9,97.7,74.0
1258,62.81,1,Bream,35,smooth,338,0.1923,3,69.67,98.0,95.9,97.7,74.0
1259,83.68,1,Tilapia,50,mixed,323,0.1923,4,69.92,98.0,95.9,97.7,74.0
1260,110.22,1,Tuna,70,smooth,323,0.1923,5,70.27,98.0,95.9,97.7,74.0
1261,152.04,1,Dorado,78,mixed,848,0.1923,6,70.96,98.0,95.9,97.7,74.1
1262,92.32,1,Red Mullet,55,smooth,330,0.1923,7,71.17,98.0,95.9,97.7,74.1
1263,84.81,1,Pike,60,dart,370,0.1923,8,71.19,98.0,95.9,97.8,74.1
1264,53.81,1,Sunfish,30,mixed,330,0.1923,9,71.40,98.0,95.9,97.8,74.1
1265,55.04,1,Chub,35,dart,335,0.1922,10,71.19,98.0,95.9,97.8,74.1
1266,60.89,1,Bream,35,smooth,338,0.1922,11,71.18,98.0,95.9,97.8,74.1
1267,101.42,1,Stonefish,65,sinker,303,0.1922,12,71.38,98.0,95.9,97.8,74.1
1268,54.49,1,Anchovy,30,dart,328,0.1922,13,71.36,98.0,95.9,97.8,74.1
1269,103.17,1,Albacore,60,mixed,428,0.1922,14,71.86,98.0,95.9,97.8,74.1
1270,77.90,1,Largemouth Bass,50,mixed,323,0.1922,15,71.87,98.0,95.9,97.8,74.1
1271,60.37,1,Chub,35,dart,330,0.1922,16,71.47,98.0,95.9,97.8,74.1
1272,61.85,1,Bream,35,smooth,340,0.1922,17,71.37,98.0,96.0,97.8,74.1
1273,64.99,1,Sea Cucumber,40,sinker,328,0.1921,18,71.39,98.0,96.0,97.8,74.1
1274,115.44,1,Squid,75,sinker,410,0.1921,19,71.75,98.0,96.0,97.8,74.3
1275,110.70,1,Tuna,70,smooth,318,0.1921,20,71.91,98.0,96.0,97.8,74.3
1276,60.35,1,Perch,35,dart,343,0.1921,21,71.97,98.0,96.0,97.8,74.3
1277,58.83,1,Perch,35,dart,320,0.1921,22,71.24,98.0,96.0,97.8,74.3
1278,119.87,1,Dorado,78,mixed,320,0.1921,23,71.63,98.0,96.0,97.8,74.5
1279,98.57,1,Stonefish,65,sinker,320,0.1921,24,72.09,98.0,96.0,97.8,74.5
1280,59.94,1,Chub,35,dart,325,0.1921,25,71.86,98.0,96.0,97.8,74.5
1281,49.76,1,Smallmouth Bass,28,mixed,323,0.1921,26,72.05,98.0,96.0,97.8,74.5
1282,83.31,1,Lionfish,50,smooth,320,0.1920,27,72.37,98.0,96.0,97.8,74.5
1283,107.07,1,Sandfish,65,mixed,513,0.1920,28,72.90,98.0,96.0,97.8,74.5
1284,62.82,0,Ice Pip,85,dart,1100,0.1920,0,72.83,98.0,96.0,97.8,74.0
1285,111.56,1,Stingray,80,sinker,333,0.1920,1,73.43,98.0,96.0,97.8,74.2
1286,52.72,1,Anchovy,30,dart,330,0.1920,2,72.73,98.0,96.0,97.8,74.2
1287,54.62,0,Pufferfish,80,floater,1222,0.1920,0,72.95,98.0,96.0,97.8,73.7
1288,60.48,1,Sea Cucumber,40,sinker,320,0.1920,1,72.90,98.0,96.0,97.8,73.7
1289,109.81,1,Tuna,70,smooth,318,0.1920,2,73.14,98.0,96.0,97.8,73.7
1290,59.07,1,Chub,35,dart,335,0.1919,3,73.08,98.0,96.0,97.8,73.7
1291,-26.30,0,Pufferfish,80,floater,264,0.1919,0,72.01,97.0,96.0,97.8,73.2
1292,45.68,1,Herring,25,dart,343,0.1919,1,71.96,97.0,96.0,97.8,73.2
1293,44.86,1,Herring,25,dart,358,0.1919,2,71.79,97.0,96.0,97.8,73.2
1294,87.52,1,Goby,55,dart,323,0.1919,3,71.95,97.0,96.0,97.8,73.2
1295,111.58,1,Tuna,70,smooth,318,0.1919,4,72.44,97.0,96.0,97.8,73.2
1296,45.64,1,Sunfish,30,mixed,320,0.1919,5,72.28,97.0,96.0,97.8,73.2
1297,84.89,1,Largemouth Bass,50,mixed,413,0.1919,6,71.96,97.0,96.0,97.8,73.2
1298,51.99,1,Sunfish,30,mixed,320,0.1918,7,71.68,97.0,96.0,97.8,73.2
1299,53.63,1,Anchovy,30,dart,338,0.1918,8,71.30,97.0,96.0,97.8,73.2
1300,-29.50,0,Catfish,75,mixed,232,0.1918,0,70.47,96.0,96.0,97.8,72.7
1301,53.50,1,Sunfish,30,mixed,330,0.1918,1,70.06,96.0,96.0,97.8,72.7
1302,81.64,1,Salmon,50,mixed,325,0.1918,2,70.09,96.0,96.0,97.8,72.7
1303,60.11,1,Chub,35,dart,330,0.1918,3,69.91,96.0,96.0,97.8,72.7
1304,49.72,1,Smallmouth Bass,28,mixed,323,0.1918,4,69.62,96.0,96.0,97.8,72.7
1305,77.96,1,Flounder,50,sinker,335,0.1918,5,69.93,96.0,96.0,97.8,72.7
1306,137.40,1,Super Cucumber,80,sinker,465,0.1917,6,70.39,96.0,96.0,97.8,72.9
1307,59.15,1,Perch,35,dart,335,0.1917,7,70.16,96.0,96.0,97.8,72.9
1308,-39.39,0,Scorpion Carp,90,dart,192,0.1917,0,69.45,95.0,96.0,97.8,72.4
1309,87.10,1,Pike,60,dart,370,0.1917,1,69.69,95.0,96.0,97.8,72.4
1310,61.01,1,Chub,35,dart,333,0.1917,2,69.54,95.0,96.0,97.8,72.4
1311,87.40,1,Blue Discus,60,dart,355,0.1917,3,69.63,95.0,96.0,97.8,72.4
1312,58.98,1,Sardine,30,dart,480,0.1917,4,69.60,95.0,96.1,97.8,72.4
1313,98.51,1,Stonefish,65,sinker,418,0.1917,5,69.67,95.0,96.1,97.8,72.4
1314,80.56,1,Slimejack,55,dart,343,0.1916,6,69.80,95.0,96.1,97.9,72.4
1315,80.61,1,Largemouth Bass,50,mixed,338,0.1916,7,69.67,95.0,96.1,97.9,72.4
1316,-25.35,0,Goby,55,dart,167,0.1916,0,68.86,94.0,96.1,97.6,72.4
1317,94.45,1,Slimejack,55,dart,520,0.1916,1,69.04,94.0,96.1,97.6,72.4
1318,60.40,1,Perch,35,dart,325,0.1916,2,68.91,94.0,96.1,97.6,72.4
1319,188.18,1,Void Salmon,80,mixed,1218,0.1916,3,69.85,94.0,96.1,97.6,72.6
1320,47.36,1,Herring,25,dart,360,0.1916,4,69.48,94.0,96.1,97.6,72.6
1321,4.59,0,Ice Pip,85,dart,642,0.1916,0,68.99,94.0,96.1,97.6,72.2
1322,53.16,1,Sardine,30,dart,353,0.1915,1,68.77,94.0,96.1,97.6,72.2
1323,117.42,1,Catfish,75,mixed,450,0.1915,2,69.43,94.0,96.1,97.6,72.3
1324,92.10,1,Tiger Trout,60,dart,380,0.1915,3,68.83,94.0,96.1,97.6,72.3
1325,69.16,1,Halibut,50,sinker,325,0.1915,4,68.97,94.0,96.1,97.6,72.3
1326,58.40,1,Red Snapper,40,mixed,320,0.1915,5,69.22,94.0,96.1,97.6,72.3
1327,-40.10,0,Ice Pip,85,dart,167,0.1915,0,68.20,93.0,96.1,97.6,71.9
1328,61.12,1,Chub,35,dart,335,0.1915,1,68.26,93.0,96.1,97.6,71.9
1329,93.52,1,Red Mullet,55,smooth,325,0.1915,2,68.40,93.0,96.1,97.6,71.9
1330,50.78,1,Anchovy,30,dart,335,0.1914,3,68.43,93.0,96.1,97.6,71.9
1331,54.19,1,Anchovy,30,dart,333,0.1914,4,67.97,93.0,96.1,97.6,71.9
1332,45.73,1,Smallmouth Bass,28,mixed,320,0.1914,5,67.65,93.0,96.1,97.6,71.9
1333,123.69,1,Lava Eel,90,mixed,365,0.1914,6,68.43,93.0,96.1,97.6,72.0
1334,61.99,1,Bream,35,smooth,328,0.1914,7,68.04,93.0,96.1,97.6,72.0
1335,55.30,1,Sardine,30,dart,348,0.1914,8,67.75,93.0,96.1,97.6,72.0
1336,175.27,1,Ice Pip,85,dart,1128,0.1914,9,68.88,93.0,96.1,97.6,72.2
1337,42.17,1,Smallmouth Bass,28,mixed,318,0.1914,10,68.39,93.0,96.1,97.6,72.2
1338,91.02,1,Sandfish,65,mixed,328,0.1913,11,68.51,93.0,96.1,97.6,72.2
1339,132.29,1,Void Salmon,80,mixed,433,0.1913,12,70.04,94.0,96.1,97.6,72.4
1340,31.80,1,Carp,15,mixed,325,0.1913,13,69.81,94.0,96.1,97.6,72.4
1341,52.31,1,Sardine,30,dart,325,0.1913,14,69.78,94.0,96.1,97.6,72.4
1342,131.23,1,Void Salmon,80,mixed,393,0.1913,15,70.20,94.0,96.1,97.6,72.6
1343,119.15,1,Sturgeon,78,mixed,383,0.1913,16,70.28,94.0,96.1,97.6,72.7
1344,59.93,0,Ice Pip,85,dart,894,0.1913,0,70.08,94.0,96.1,97.6,72.3
1345,22.40,0,Sturgeon,78,mixed,739,0.1912,0,69.75,94.0,96.1,97.6,71.9
1346,84.60,1,Slimejack,55,dart,333,0.1912,1,69.74,94.0,96.1,97.6,71.9
1347,30.53,1,Carp,15,mixed,333,0.1912,2,69.53,94.0,96.1,97.6,71.9
1348,100.16,1,Albacore,60,mixed,333,0.1912,3,69.75,94.0,96.1,97.6,71.9
1349,52.42,1,Sunfish,30,mixed,345,0.1912,4,69.42,94.0,96.1,97.6,71.9
1350,80.87,1,Largemouth Bass,50,mixed,323,0.1912,5,69.75,94.0,96.1,97.7,71.9
1351,85.72,1,Tiger Trout,60,dart,330,0.1912,6,70.28,94.0,96.1,97.7,71.9
1352,140.41,1,Octopus,95,sinker,370,0.1912,7,70.53,94.0,96.1,97.7,72.0
1353,63.35,1,Bream,35,smooth,333,0.1911,8,70.50,94.0,96.1,97.7,72.0
1354,63.13,1,Bream,35,smooth,325,0.1911,9,70.81,94.0,96.1,97.7,72.0
1355,91.92,1,Red Mullet,55,smooth,318,0.1911,10,71.83,95.0,96.1,97.7,72.0
1356,70.05,1,Red Snapper,40,mixed,328,0.1911,11,72.08,95.0,96.1,97.7,72.0
1357,84.10,1,Midnight Carp,55,mixed,335,0.1911,12,72.30,95.0,96.1,97.7,72.0
1358,120.39,1,Catfish,75,mixed,430,0.1911,13,72.87,95.0,96.1,97.7,72.2
1359,80.99,1,Woodskip,50,mixed,330,0.1911,14,72.85,95.0,96.1,97.7,72.2
1360,127.26,1,Dorado,78,mixed,460,0.1911,15,73.02,95.0,96.1,97.7,72.4
1361,73.70,1,Shad,45,smooth,315,0.1910,16,72.24,95.0,96.1,97.7,72.4
1362,171.32,1,Lingcod,85,mixed,605,0.1910,17,73.03,95.0,96.1,97.7,72.5
1363,62.24,1,Sea Cucumber,40,sinker,323,0.1910,18,72.80,95.0,96.1,97.7,72.5
1364,107.00,1,Tuna,70,smooth,315,0.1910,19,73.33,95.0,96.1,97.7,72.5
1365,104.10,1,Tuna,70,smooth,315,0.1910,20,73.82,95.0,96.1,97.7,72.5
1366,86.67,1,Largemouth Bass,50,mixed,343,0.1910,21,74.08,95.0,96.1,97.7,72.5
1367,78.72,1,Woodskip,50,mixed,333,0.1910,22,73.85,95.0,96.1,97.7,72.5
1368,73.30,1,Flounder,50,sinker,318,0.1910,23,74.04,95.0,96.1,97.7,72.5
1369,114.10,1,Catfish,75,mixed,308,0.1909,24,74.15,95.0,96.1,97.7,72.7
1370,77.66,1,Shad,45,smooth,320,0.1909,25,74.15,95.0,96.1,97.7,72.7
1371,59.96,1,Perch,35,dart,333,0.1909,26,74.14,95.0,96.1,97.7,72.7
1372,46.25,1,Smallmouth Bass,28,mixed,333,0.1909,27,73.99,95.0,96.2,97.7,72.7
1373,29.96,1,Carp,15,mixed,333,0.1909,28,73.64,95.0,96.2,97.7,72.7
1374,128.52,1,Void Salmon,80,mixed,408,0.1909,29,73.77,95.0,96.2,97.7,72.8
1375,30.67,1,Carp,15,mixed,335,0.1909,30,72.97,95.0,96.2,97.7,72.8
1376,79.00,1,Tilapia,50,mixed,325,0.1908,31,73.15,95.0,96.2,97.7,72.8
1377,91.83,1,Albacore,60,mixed,353,0.1908,32,73.48,95.0,96.2,97.7,72.8
1378,52.54,1,Sunfish,30,mixed,323,0.1908,33,72.81,95.0,96.2,97.7,72.8
1379,138.38,1,Super Cucumber,80,sinker,495,0.1908,34,73.21,95.0,96.2,97.7,73.0
1380,110.03,1,Eel,70,smooth,348,0.1908,35,73.71,95.0,96.2,97.7,73.0
1381,90.28,1,Midnight Carp,55,mixed,488,0.1908,36,74.12,95.0,96.2,97.7,73.0
1382,48.20,1,Sunfish,30,mixed,320,0.1908,37,73.76,95.0,96.2,97.7,73.0
1383,51.30,1,Anchovy,30,dart,340,0.1908,38,73.21,95.0,96.2,97.7,73.0
1384,78.68,1,Midnight Carp,55,mixed,388,0.1907,39,73.37,95.0,96.2,97.7,73.0
1385,88.81,1,Tiger Trout,60,dart,343,0.1907,40,73.14,95.0,96.2,97.8,73.0
1386,64.25,1,Bream,35,smooth,333,0.1907,41,73.25,95.0,96.2,97.8,73.0
1387,132.56,1,Squid,75,sinker,483,0.1907,42,74.03,95.0,96.2,97.8,73.1
1388,50.84,1,Sunfish,30,mixed,325,0.1907,43,73.94,95.0,96.2,97.8,73.1
1389,116.30,1,Ice Pip,85,dart,370,0.1907,44,74.00,95.0,96.2,97.8,73.3
1390,193.90,0,Scorpion Carp,90,dart,2000,0.1907,0,75.35,95.0,96.2,97.8,72.9
1391,122.84,1,Pufferfish,80,floater,425,0.1906,1,76.84,96.0,96.2,97.8,73.0
1392,42.07,1,Herring,25,dart,333,0.1906,2,76.80,96.0,96.2,97.8,73.0
1393,63.81,1,Bream,35,smooth,325,0.1906,3,76.99,96.0,96.2,97.8,73.0
1394,144.03,1,Lingcod,85,mixed,498,0.1906,4,77.56,96.0,96.2,97.8,73.2
1395,62.63,1,Bream,35,smooth,323,0.1906,5,77.07,96.0,96.2,97.8,73.2
1396,47.64,1,Smallmouth Bass,28,mixed,325,0.1906,6,77.09,96.0,96.2,97.8,73.2
1397,122.90,1,Dorado,78,mixed,398,0.1906,7,77.47,96.0,96.2,97.8,73.3
1398,98.79,1,Sandfish,65,mixed,325,0.1906,8,77.94,96.0,96.2,97.8,73.3
1399,51.78,1,Sardine,30,dart,325,0.1905,9,77.92,96.0,96.2,97.8,73.3
1400,88.50,1,Blue Discus,60,dart,330,0.1905,10,79.10,97.0,96.2,97.8,73.3
1401,52.88,1,Sunfish,30,mixed,323,0.1905,11,79.09,97.0,96.2,97.8,73.3
1402,-37.67,0,Scorpion Carp,90,dart,260,0.1905,0,77.90,96.0,96.2,97.8,72.9
1403,64.66,1,Bream,35,smooth,328,0.1905,1,77.95,96.0,96.2,97.8,72.9
1404,85.43,1,Red Mullet,55,smooth,313,0.1905,2,78.30,96.0,96.2,97.8,72.9
1405,74.50,1,Tilapia,50,mixed,378,0.1905,3,78.27,96.0,96.2,97.8,72.9
1406,146.93,1,Super Cucumber,80,sinker,603,0.1905,4,78.36,96.0,96.2,97.8,73.1
1407,53.47,1,Anchovy,30,dart,320,0.1904,5,78.31,96.0,96.2,97.8,73.1
1408,70.04,1,Red Snapper,40,mixed,325,0.1904,6,79.40,97.0,96.2,97.8,73.1
1409,31.92,1,Carp,15,mixed,340,0.1904,7,78.85,97.0,96.2,97.8,73.1
1410,113.29,1,Sturgeon,78,mixed,333,0.1904,8,79.37,97.0,96.2,97.8,73.2
1411,85.44,1,Tiger Trout,60,dart,340,0.1904,9,79.35,97.0,96.2,97.8,73.2
1412,59.47,1,Chub,35,dart,318,0.1904,10,79.36,97.0,96.2,97.8,73.2
1413,126.24,1,Dorado,78,mixed,323,0.1904,11,79.63,97.0,96.2,97.8,73.4
1414,75.74,1,Rainbow Trout,45,mixed,335,0.1903,12,79.59,97.0,96.2,97.8,73.4
1415,65.25,1,Rainbow Trout,45,mixed,325,0.1903,13,79.43,97.0,96.2,97.8,73.4
1416,74.06,1,Halibut,50,sinker,318,0.1903,14,80.43,98.0,96.2,97.8,73.4
1417,75.13,1,Halibut,50,sinker,318,0.1903,15,80.23,98.0,96.2,97.8,73.4
1418,52.16,1,Anchovy,30,dart,340,0.1903,16,80.15,98.0,96.2,97.8,73.4
1419,124.43,1,Stingray,80,sinker,403,0.1903,17,79.51,98.0,96.2,97.8,73.5
1420,64.35,1,Chub,35,dart,388,0.1903,18,79.68,98.0,96.2,97.8,73.5
1421,60.15,1,Chub,35,dart,325,0.1902,19,80.24,98.0,96.3,97.8,73.5
1422,46.71,1,Herring,25,dart,323,0.1902,20,80.17,98.0,96.3,97.8,73.5
1423,59.84,1,Chub,35,dart,328,0.1902,21,79.60,98.0,96.3,97.8,73.5
1424,158.92,1,Squid,75,sinker,798,0.1902,22,80.27,98.0,96.3,97.8,73.7
1425,79.42,1,Salmon,50,mixed,345,0.1902,23,80.37,98.0,96.3,97.8,73.7
1426,82.07,1,Flounder,50,sinker,410,0.1902,24,80.61,98.0,96.3,97.8,73.7
1427,79.42,1,Salmon,50,mixed,348,0.1902,25,81.80,99.0,96.3,97.8,73.7
1428,74.19,1,Lionfish,50,smooth,318,0.1902,26,81.93,99.0,96.3,97.8,73.7
1429,86.89,1,Red Mullet,55,smooth,348,0.1901,27,81.87,99.0,96.3,97.8,73.7
1430,51.32,1,Sardine,30,dart,325,0.1901,28,81.87,99.0,96.3,97.8,73.7
1431,114.93,1,Super Cucumber,80,sinker,385,0.1901,29,82.48,99.0,96.3,97.8,73.8
1432,102.52,1,Stonefish,65,sinker,425,0.1901,30,83.05,99.0,96.3,97.8,73.8
1433,54.85,1,Sunfish,30,mixed,340,0.1901,31,82.36,99.0,96.3,97.8,73.8
1434,50.78,1,Smallmouth Bass,28,mixed,325,0.1901,32,82.25,99.0,96.3,97.8,73.8
1435,61.60,1,Bream,35,smooth,315,0.1901,33,82.31,99.0,96.3,97.8,73.8
1436,131.05,1,Lingcod,85,mixed,400,0.1900,34,81.87,99.0,96.3,97.8,73.9
1437,72.45,1,Shad,45,smooth,315,0.1900,35,82.17,99.0,96.3,97.8,73.9
1438,57.28,1,Chub,35,dart,318,0.1900,36,81.83,99.0,96.3,97.8,73.9
1439,77.98,1,Bullhead,46,smooth,345,0.1900,37,81.29,99.0,96.3,97.8,73.9
1440,60.07,1,Chub,35,dart,323,0.1900,38,81.57,99.0,96.3,97.8,73.9
1441,88.09,1,Woodskip,50,mixed,345,0.1900,39,81.93,99.0,96.3,97.8,73.9
1442,86.31,1,Goby,55,dart,335,0.1900,40,81.48,99.0,96.3,97.9,73.9
1443,59.42,1,Chub,35,dart,328,0.1899,41,80.88,99.0,96.3,97.9,73.9
1444,117.68,1,Sturgeon,78,mixed,340,0.1899,42,81.46,99.0,96.3,97.9,74.1
1445,53.83,1,Sardine,30,dart,320,0.1899,43,81.77,99.0,96.3,97.9,74.1
1446,63.20,1,Bream,35,smooth,328,0.1899,44,81.56,99.0,96.3,97.9,74.1
1447,84.76,1,Lionfish,50,smooth,383,0.1899,45,82.10,99.0,96.3,97.9,74.1
1448,75.69,1,Walleye,45,smooth,325,0.1899,46,81.86,99.0,96.3,97.9,74.1
1449,70.25,1,Red Snapper,40,mixed,325,0.1899,47,82.04,99.0,96.3,97.9,74.1
1450,108.82,1,Tuna,70,smooth,313,0.1899,48,82.32,99.0,96.3,97.9,74.1
1451,71.08,1,Red Snapper,40,mixed,328,0.1898,49,82.17,99.0,96.3,97.9,74.1
1452,80.14,1,Bullhead,46,smooth,360,0.1898,50,81.57,99.0,96.3,97.9,74.1
1453,69.36,1,Red Snapper,40,mixed,328,0.1898,51,81.63,99.0,96.3,97.9,74.1
1454,50.55,1,Smallmouth Bass,28,mixed,330,0.1898,52,81.50,99.0,96.3,97.9,74.1
1455,78.69,1,Halibut,50,sinker,323,0.1898,53,81.37,99.0,96.3,97.9,74.1
1456,61.43,1,Sea Cucumber,40,sinker,333,0.1898,54,81.28,99.0,96.3,97.9,74.1
1457,93.93,1,Albacore,60,mixed,410,0.1898,55,81.38,99.0,96.3,97.9,74.1
1458,211.32,1,Scorpion Carp,90,dart,1240,0.1897,56,82.29,99.0,96.3,97.9,74.2
1459,47.04,1,Herring,25,dart,335,0.1897,57,81.95,99.0,96.3,97.9,74.2
1460,53.56,1,Sunfish,30,mixed,328,0.1897,58,81.21,99.0,96.3,97.9,74.2
1461,33.08,1,Carp,15,mixed,350,0.1897,59,80.81,99.0,96.3,97.9,74.2
1462,84.55,1,Flounder,50,sinker,370,0.1897,60,79.94,99.0,96.3,97.9,74.2
1463,77.08,1,Bullhead,46,smooth,378,0.1897,61,80.09,99.0,96.3,97.9,74.2
1464,88.88,1,Goby,55,dart,335,0.1897,62,79.91,99.0,96.3,97.9,74.2
1465,-6.41,0,Pufferfish,80,floater,595,0.1896,0,78.80,98.0,96.3,97.9,73.8
1466,70.02,1,Rainbow Trout,45,mixed,340,0.1896,1,78.64,98.0,96.3,97.9,73.8
1467,104.82,1,Sandfish,65,mixed,333,0.1896,2,78.90,98.0,96.3,97.9,73.8
1468,64.19,1,Bream,35,smooth,328,0.1896,3,78.81,98.0,96.3,97.9,73.8
1469,-4.02,0,Pufferfish,80,floater,409,0.1896,0,77.62,97.0,96.3,97.9,73.4
1470,32.27,1,Carp,15,mixed,348,0.1896,1,77.17,97.0,96.3,97.9,73.4
1471,53.83,1,Sardine,30,dart,325,0.1896,2,77.11,97.0,96.3,97.9,73.4
1472,58.53,1,Perch,35,dart,335,0.1895,3,77.23,97.0,96.4,97.9,73.4
1473,84.23,1,Ghostfish,50,mixed,345,0.1895,4,77.77,97.0,96.4,97.9,73.4
1474,205.81,1,Octopus,95,sinker,868,0.1895,5,78.55,97.0,96.4,97.9,73.6
1475,74.12,1,Rainbow Trout,45,mixed,338,0.1895,6,78.98,97.0,96.4,97.9,73.6
1476,75.83,1,Tilapia,50,mixed,343,0.1895,7,78.95,97.0,96.4,97.9,73.6
1477,129.93,1,Super Cucumber,80,sinker,413,0.1895,8,79.33,97.0,96.4,97.9,73.7
1478,89.20,1,Blue Discus,60,dart,400,0.1895,9,79.70,97.0,96.4,97.9,73.7
1479,82.91,1,Slimejack,55,dart,350,0.1895,10,79.14,97.0,96.4,97.9,73.7
1480,119.95,1,Lingcod,85,mixed,318,0.1894,11,79.24,97.0,96.4,97.9,73.8
1481,100.01,1,Stonefish,65,sinker,338,0.1894,12,79.34,97.0,96.4,97.9,73.8
1482,105.19,0,Lava Eel,90,mixed,1277,0.1894,0,79.91,97.0,96.4,97.9,73.5
1483,59.92,1,Sea Cucumber,40,sinker,333,0.1894,1,80.00,97.0,96.4,97.9,73.5
1484,86.11,1,Midnight Carp,55,mixed,335,0.1894,2,80.07,97.0,96.4,97.9,73.5
1485,50.64,1,Sunfish,30,mixed,343,0.1894,3,79.69,97.0,96.4,97.9,73.5
1486,77.83,1,Flounder,50,sinker,325,0.1894,4,79.82,97.0,96.4,97.9,73.5
1487,52.89,1,Sunfish,30,mixed,323,0.1893,5,79.03,97.0,96.4,97.9,73.5
1488,66.30,1,Rainbow Trout,45,mixed,320,0.1893,6,79.18,97.0,96.4,97.9,73.5
1489,147.78,1,Void Salmon,80,mixed,663,0.1893,7,79.50,97.0,96.4,97.9,73.6
1490,95.92,1,Red Mullet,55,smooth,350,0.1893,8,78.52,97.0,96.4,98.0,73.6
1491,129.43,1,Super Cucumber,80,sinker,530,0.1893,9,78.58,97.0,96.4,98.0,73.7
1492,51.66,1,Sardine,30,dart,328,0.1893,10,78.68,97.0,96.4,98.0,73.7
1493,51.94,1,Anchovy,30,dart,338,0.1893,11,78.56,97.0,96.4,98.0,73.7
1494,53.28,1,Anchovy,30,dart,340,0.1892,12,77.65,97.0,96.4,98.0,73.7
1495,59.55,1,Chub,35,dart,348,0.1892,13,77.62,97.0,96.4,98.0,73.7
1496,27.22,0,Lava Eel,90,mixed,844,0.1892,0,77.42,97.0,96.4,98.0,73.4
1497,146.21,1,Pufferfish,80,floater,828,0.1892,1,77.65,97.0,96.4,98.0,73.5
1498,83.91,1,Slimejack,55,dart,358,0.1892,2,77.50,97.0,96.4,98.0,73.5
1499,93.19,1,Pike,60,dart,310,0.1892,3,77.92,97.0,96.4,98.0,73.5
1500,105.94,1,Midnight Carp,55,mixed,558,0.1892,4,78.09,97.0,96.4,98.0,73.5
1501,85.37,1,Lionfish,50,smooth,325,0.1891,5,78.42,97.0,96.4,98.0,73.5
1502,55.32,1,Sardine,30,dart,330,0.1891,6,79.34,98.0,96.4,98.0,73.5
1503,134.16,1,Super Cucumber,80,sinker,450,0.1891,7,80.04,98.0,96.4,98.0,73.6
1504,109.24,1,Void Salmon,80,mixed,333,0.1891,8,80.28,98.0,96.4,98.0,73.8
1505,78.91,1,Walleye,45,smooth,333,0.1891,9,80.32,98.0,96.4,98.0,73.8
1506,84.51,1,Flounder,50,sinker,345,0.1891,10,79.70,98.0,96.4,98.0,73.8
1507,78.94,1,Largemouth Bass,50,mixed,325,0.1891,11,79.95,98.0,96.4,98.0,73.8
1508,65.07,1,Bream,35,smooth,348,0.1890,12,79.90,98.0,96.4,98.0,73.8
1509,2.24,0,Pufferfish,80,floater,870,0.1890,0,79.61,98.0,96.4,98.0,73.4
1510,62.00,1,Bream,35,smooth,365,0.1890,1,79.09,98.0,96.4,98.0,73.4
1511,-39.71,0,Dorado,78,mixed,207,0.1890,0,77.84,97.0,96.4,98.0,73.0
1512,123.19,1,Dorado,78,mixed,385,0.1890,1,78.48,97.0,96.4,98.0,73.2
1513,124.46,1,Squid,75,sinker,445,0.1890,2,78.46,97.0,96.4,98.0,73.3
1514,122.28,1,Dorado,78,mixed,313,0.1890,3,78.93,97.0,96.4,98.0,73.4
1515,32.89,1,Carp,15,mixed,373,0.1889,4,78.60,97.0,96.4,98.0,73.4
1516,139.96,1,Octopus,95,sinker,385,0.1889,5,79.26,97.0,96.4,98.0,73.6
1517,29.64,1,Carp,15,mixed,335,0.1889,6,78.81,97.0,96.4,98.0,73.6
1518,87.94,1,Blue Discus,60,dart,330,0.1889,7,79.16,97.0,96.4,98.0,73.6
1519,76.91,1,Lionfish,50,smooth,323,0.1889,8,78.69,97.0,96.4,98.0,73.6
1520,55.45,1,Perch,35,dart,380,0.1889,9,78.60,97.0,96.4,98.0,73.6
1521,119.13,1,Catfish,75,mixed,315,0.1889,10,79.19,97.0,96.4,98.0,73.7
1522,88.67,1,Ghostfish,50,mixed,475,0.1888,11,79.61,97.0,96.4,98.0,73.7
1523,-25.40,0,Salmon,50,mixed,167,0.1888,0,78.76,96.0,96.4,97.8,73.7
1524,106.78,1,Squid,75,sinker,330,0.1888,1,78.24,96.0,96.4,97.8,73.8
1525,113.17,1,Squid,75,sinker,353,0.1888,2,78.57,96.0,96.4,97.8,73.9
1526,63.15,1,Sea Cucumber,40,sinker,325,0.1888,3,78.38,96.0,96.4,97.8,73.9
1527,40.96,1,Herring,25,dart,365,0.1888,4,78.00,96.0,96.4,97.8,73.9
1528,78.58,1,Bullhead,46,smooth,323,0.1888,5,78.04,96.0,96.4,97.8,73.9
1529,57.18,1,Chub,35,dart,320,0.1887,6,77.75,96.0,96.4,97.8,73.9
1530,76.99,1,Woodskip,50,mixed,315,0.1887,7,78.00,96.0,96.4,97.8,73.9
1531,81.74,1,Midnight Carp,55,mixed,325,0.1887,8,77.67,96.0,96.4,97.8,73.9
1532,120.09,1,Sturgeon,78,mixed,348,0.1887,9,77.85,96.0,96.4,97.8,74.1
1533,75.66,1,Flounder,50,sinker,323,0.1887,10,78.06,96.0,96.4,97.8,74.1
1534,86.48,1,Goby,55,dart,355,0.1887,11,78.41,96.0,96.4,97.8,74.1
1535,99.29,1,Stonefish,65,sinker,325,0.1887,12,78.79,96.0,96.4,97.8,74.1
1536,-8.74,0,Lava Eel,90,mixed,437,0.1886,0,77.39,95.0,96.4,97.8,73.7
1537,53.06,1,Sunfish,30,mixed,333,0.1886,1,77.20,95.0,96.4,97.8,73.7
1538,61.65,1,Chub,35,dart,348,0.1886,2,77.24,95.0,96.4,97.8,73.7
1539,68.60,1,Red Snapper,40,mixed,328,0.1886,3,77.15,95.0,96.4,97.8,73.7
1540,76.99,1,Tilapia,50,mixed,328,0.1886,4,77.32,95.0,96.4,97.8,73.7
1541,30.22,1,Carp,15,mixed,343,0.1886,5,76.74,95.0,96.4,97.8,73.7
1542,50.43,1,Smallmouth Bass,28,mixed,338,0.1886,6,76.38,95.0,96.4,97.8,73.7
1543,112.47,1,Eel,70,smooth,313,0.1885,7,76.91,95.0,96.4,97.8,73.7
1544,61.36,1,Chub,35,dart,335,0.1885,8,76.35,95.0,96.4,97.8,73.7
1545,53.66,1,Sardine,30,dart,335,0.1885,9,76.34,95.0,96.4,97.8,73.7
1546,83.75,1,Lionfish,50,smooth,320,0.1885,10,76.55,95.0,96.4,97.8,73.7
1547,46.55,1,Herring,25,dart,353,0.1885,11,76.17,95.0,96.5,97.8,73.7
1548,12.70,0,Octopus,95,sinker,780,0.1885,0,75.54,95.0,96.5,97.8,73.4
1549,171.46,0,Lingcod,85,mixed,1872,0.1884,0,76.55,95.0,96.5,97.8,73.0
1550,79.15,1,Largemouth Bass,50,mixed,323,0.1884,1,76.25,95.0,96.5,97.8,73.0
1551,78.86,1,Midnight Carp,55,mixed,315,0.1884,2,76.33,95.0,96.5,97.8,73.0
1552,125.16,1,Stingray,80,sinker,430,0.1884,3,76.78,95.0,96.5,97.8,73.1
1553,56.90,1,Anchovy,30,dart,360,0.1884,4,76.66,95.0,96.5,97.8,73.1
1554,53.95,1,Anchovy,30,dart,343,0.1884,5,76.69,95.0,96.5,97.8,73.1
1555,59.44,1,Perch,35,dart,343,0.1884,6,76.50,95.0,96.5,97.8,73.1
1556,128.44,1,Sturgeon,78,mixed,435,0.1883,7,77.17,95.0,96.5,97.8,73.3
1557,109.03,1,Squid,75,sinker,318,0.1883,8,77.32,95.0,96.5,97.8,73.4
1558,59.04,1,Chub,35,dart,325,0.1883,9,75.80,95.0,96.5,97.8,73.4
1559,94.27,1,Red Mullet,55,smooth,320,0.1883,10,76.27,95.0,96.5,97.8,73.4
1560,101.84,1,Albacore,60,mixed,463,0.1883,11,76.75,95.0,96.5,97.8,73.4
1561,48.30,1,Smallmouth Bass,28,mixed,323,0.1883,12,76.90,95.0,96.5,97.8,73.4
1562,115.36,1,Sturgeon,78,mixed,398,0.1883,13,77.21,95.0,96.5,97.8,73.5
1563,83.27,1,Ghostfish,50,mixed,408,0.1882,14,77.27,95.0,96.5,97.8,73.5
1564,69.03,1,Red Snapper,40,mixed,320,0.1882,15,77.08,95.0,96.5,97.8,73.5
1565,73.54,1,Flounder,50,sinker,323,0.1882,16,77.87,96.0,96.5,97.9,73.5
1566,58.28,1,Chub,35,dart,328,0.1882,17,77.76,96.0,96.5,97.9,73.5
1567,26.28,1,Carp,15,mixed,328,0.1882,18,76.97,96.0,96.5,97.9,73.5
1568,51.66,1,Sunfish,30,mixed,328,0.1882,19,76.85,96.0,96.5,97.9,73.5
1569,78.58,1,Bullhead,46,smooth,333,0.1882,20,77.67,97.0,96.5,97.9,73.5
1570,53.48,1,Anchovy,30,dart,335,0.1881,21,77.88,97.0,96.5,97.9,73.5
1571,55.43,1,Sea Cucumber,40,sinker,368,0.1881,22,77.90,97.0,96.5,97.9,73.5
1572,77.20,1,Walleye,45,smooth,330,0.1881,23,78.09,97.0,96.5,97.9,73.5
1573,73.28,1,Shad,45,smooth,328,0.1881,24,77.98,97.0,96.5,97.9,73.5
1574,83.97,1,Woodskip,50,mixed,323,0.1881,25,76.76,97.0,96.5,97.9,73.5
1575,53.07,1,Sardine,30,dart,335,0.1881,26,76.55,97.0,96.5,97.9,73.5
1576,91.64,1,Pike,60,dart,323,0.1881,27,76.71,97.0,96.5,97.9,73.5
1577,42.17,1,Herring,25,dart,443,0.1880,28,75.83,97.0,96.5,97.9,73.5
1578,47.83,1,Smallmouth Bass,28,mixed,318,0.1880,29,75.42,97.0,96.5,97.9,73.5
1579,76.64,0,Ice Pip,85,dart,1264,0.1880,0,75.35,97.0,96.5,97.9,73.2
1580,76.10,1,Bullhead,46,smooth,330,0.1880,1,74.91,97.0,96.5,97.9,73.2
1581,71.30,1,Red Snapper,40,mixed,333,0.1880,2,74.63,97.0,96.5,97.9,73.2
1582,77.78,1,Bullhead,46,smooth,333,0.1880,3,74.35,97.0,96.5,97.9,73.2
1583,82.03,1,Goby,55,dart,315,0.1879,4,74.57,97.0,96.5,97.9,73.2
1584,42.28,1,Herring,25,dart,338,0.1879,5,74.14,97.0,96.5,97.9,73.2
1585,135.16,1,Sturgeon,78,mixed,1073,0.1879,6,74.98,97.0,96.5,97.9,73.3
1586,58.90,1,Chub,35,dart,335,0.1879,7,74.79,97.0,96.5,97.9,73.3
1587,183.68,1,Octopus,95,sinker,605,0.1879,8,76.10,97.0,96.5,97.9,73.4
1588,114.26,1,Tuna,70,smooth,325,0.1879,9,76.58,97.0,96.5,97.9,73.4
1589,80.40,1,Goby,55,dart,320,0.1879,10,75.91,97.0,96.5,97.9,73.4
1590,77.91,1,Shad,45,smooth,340,0.1878,11,75.73,97.0,96.5,97.9,73.4
1591,63.12,1,Bream,35,smooth,340,0.1878,12,75.06,97.0,96.5,97.9,73.4
1592,50.90,1,Sunfish,30,mixed,335,0.1878,13,75.06,97.0,96.5,97.9,73.4
1593,100.43,1,Sandfish,65,mixed,325,0.1878,14,75.54,97.0,96.5,97.9,73.4
1594,62.46,1,Bream,35,smooth,348,0.1878,15,75.63,97.0,96.5,97.9,73.4
1595,170.74,1,Octopus,95,sinker,528,0.1878,16,76.74,97.0,96.5,97.9,73.5
1596,63.39,1,Sea Cucumber,40,sinker,335,0.1878,17,77.11,97.0,96.5,97.9,73.5
1597,84.04,1,Tilapia,50,mixed,318,0.1877,18,76.48,97.0,96.5,97.9,73.5
1598,28.53,1,Carp,15,mixed,328,0.1877,19,75.93,97.0,96.5,97.9,73.5
1599,134.41,1,Lingcod,85,mixed,520,0.1877,20,76.34,97.0,96.5,97.9,73.7
1600,151.92,1,Pufferfish,80,floater,668,0.1877,21,76.80,97.0,96.5,97.9,73.8
1601,29.83,1,Carp,15,mixed,335,0.1877,22,76.25,97.0,96.5,97.9,73.8
1602,108.67,1,Squid,75,sinker,310,0.1877,23,76.78,97.0,96.5,97.9,73.9
1603,59.77,1,Perch,35,dart,335,0.1876,24,76.04,97.0,96.5,97.9,73.9
1604,133.26,1,Lava Eel,90,mixed,438,0.1876,25,76.28,97.0,96.5,97.9,74.0
1605,81.17,1,Rainbow Trout,45,mixed,425,0.1876,26,76.30,97.0,96.5,97.9,74.0
1606,135.96,1,Void Salmon,80,mixed,410,0.1876,27,76.81,97.0,96.5,97.9,74.1
1607,29.88,1,Carp,15,mixed,340,0.1876,28,76.32,97.0,96.6,97.9,74.1
1608,79.25,1,Walleye,45,smooth,325,0.1876,29,76.46,97.0,96.6,97.9,74.1
1609,79.72,1,Shad,45,smooth,330,0.1876,30,77.24,97.0,96.6,97.9,74.1
1610,100.62,1,Stonefish,65,sinker,328,0.1875,31,77.63,97.0,96.6,97.9,74.1
1611,49.75,1,Anchovy,30,dart,340,0.1875,32,78.52,98.0,96.6,97.9,74.1
1612,166.85,1,Lingcod,85,mixed,603,0.1875,33,78.96,98.0,96.6,97.9,74.2
1613,151.11,1,Octopus,95,sinker,483,0.1875,34,79.22,98.0,96.6,97.9,74.3
1614,82.14,1,Tiger Trout,60,dart,340,0.1875,35,78.82,98.0,96.6,97.9,74.3
1615,86.62,1,Lionfish,50,smooth,328,0.1875,36,79.36,98.0,96.6,97.9,74.3
1616,129.82,1,Super Cucumber,80,sinker,473,0.1875,37,79.26,98.0,96.6,97.9,74.5
1617,110.98,1,Sandfish,65,mixed,438,0.1874,38,80.07,98.0,96.6,97.9,74.5
1618,77.28,1,Rainbow Trout,45,mixed,330,0.1874,39,79.96,98.0,96.6,97.9,74.5
1619,85.06,1,Pike,60,dart,340,0.1874,40,80.05,98.0,96.6,98.0,74.5
1620,70.68,1,Red Snapper,40,mixed,335,0.1874,41,80.20,98.0,96.6,98.0,74.5
1621,196.41,1,Lava Eel,90,mixed,1063,0.1874,42,80.97,98.0,96.6,98.0,74.6
1622,59.38,1,Chub,35,dart,333,0.1874,43,80.68,98.0,96.6,98.0,74.6
1623,62.26,1,Bream,35,smooth,338,0.1873,44,81.55,99.0,96.6,98.0,74.6
1624,47.43,1,Herring,25,dart,345,0.1873,45,80.96,99.0,96.6,98.0,74.6
1625,137.22,1,Dorado,78,mixed,423,0.1873,46,81.20,99.0,96.6,98.0,74.7
1626,62.01,1,Perch,35,dart,335,0.1873,47,81.19,99.0,96.6,98.0,74.7
1627,85.17,1,Blue Discus,60,dart,313,0.1873,48,81.63,99.0,96.6,98.0,74.7
1628,78.12,1,Flounder,50,sinker,325,0.1873,49,81.63,99.0,96.6,98.0,74.7
1629,85.86,1,Salmon,50,mixed,325,0.1873,50,81.91,99.0,96.6,98.0,74.7
1630,142.44,1,Lava Eel,90,mixed,490,0.1872,51,82.57,99.0,96.6,98.0,74.8
1631,69.85,1,Red Snapper,40,mixed,330,0.1872,52,82.45,99.0,96.6,98.0,74.8
1632,63.96,1,Sea Cucumber,40,sinker,333,0.1872,53,81.89,99.0,96.6,98.0,74.8
1633,178.82,1,Lava Eel,90,mixed,878,0.1872,54,82.92,99.0,96.6,98.0,74.9
1634,109.15,1,Stonefish,65,sinker,498,0.1872,55,83.15,99.0,96.6,98.0,74.9
1635,56.15,1,Sunfish,30,mixed,338,0.1872,56,82.72,99.0,96.6,98.0,74.9
1636,124.10,1,Ice Pip,85,dart,518,0.1871,57,84.04,100.0,96.6,98.0,75.0
1637,47.04,1,Herring,25,dart,340,0.1871,58,83.98,100.0,96.6,98.0,75.0
1638,81.78,1,Tilapia,50,mixed,325,0.1871,59,84.19,100.0,96.6,98.0,75.0
1639,91.39,1,Midnight Carp,55,mixed,380,0.1871,60,84.41,100.0,96.6,98.0,75.0
1640,98.16,1,Stonefish,65,sinker,378,0.1871,61,84.63,100.0,96.6,98.0,75.0
1641,78.59,1,Rainbow Trout,45,mixed,330,0.1871,62,85.11,100.0,96.6,98.0,75.0
1642,120.40,1,Squid,75,sinker,420,0.1871,63,85.81,100.0,96.6,98.0,75.1
1643,46.56,1,Herring,25,dart,350,0.1870,64,85.15,100.0,96.6,98.0,75.1
1644,84.44,1,Ghostfish,50,mixed,330,0.1870,65,85.38,100.0,96.6,98.0,75.1
1645,84.49,1,Blue Discus,60,dart,398,0.1870,66,85.69,100.0,96.6,98.0,75.1
1646,83.63,1,Ghostfish,50,mixed,335,0.1870,67,85.69,100.0,96.6,98.0,75.1
1647,74.15,1,Ghostfish,50,mixed,328,0.1870,68,85.96,100.0,96.6,98.0,75.1
1648,86.82,1,Woodskip,50,mixed,455,0.1870,69,86.70,100.0,96.6,98.0,75.1
1649,108.46,1,Tuna,70,smooth,328,0.1869,70,86.07,100.0,96.6,98.0,75.1
1650,125.61,1,Stingray,80,sinker,448,0.1869,71,86.54,100.0,96.6,98.0,75.2
1651,86.27,1,Salmon,50,mixed,330,0.1869,72,86.61,100.0,96.6,98.0,75.2
1652,71.02,1,Red Snapper,40,mixed,328,0.1869,73,86.07,100.0,96.6,98.0,75.2
1653,32.50,1,Carp,15,mixed,340,0.1869,74,85.83,100.0,96.6,98.0,75.2
1654,68.50,1,Sea Cucumber,40,sinker,333,0.1869,75,85.97,100.0,96.6,98.0,75.2
1655,84.14,1,Salmon,50,mixed,330,0.1869,76,86.22,100.0,96.6,98.0,75.2
1656,-20.21,0,Sea Cucumber,40,sinker,167,0.1868,0,84.73,99.0,96.5,98.0,75.2
1657,77.50,1,Shad,45,smooth,333,0.1868,1,84.42,99.0,96.5,98.0,75.2
1658,51.81,1,Sardine,30,dart,335,0.1868,2,84.35,99.0,96.5,98.0,75.2
1659,61.49,1,Perch,35,dart,328,0.1868,3,84.02,99.0,96.5,98.0,75.2
1660,88.59,1,Midnight Carp,55,mixed,325,0.1868,4,83.89,99.0,96.5,98.0,75.2
1661,62.34,1,Perch,35,dart,335,0.1868,5,84.03,99.0,96.5,98.0,75.2
1662,52.66,1,Smallmouth Bass,28,mixed,338,0.1867,6,83.40,99.0,96.5,98.0,75.2
1663,45.74,1,Herring,25,dart,340,0.1867,7,83.02,99.0,96.5,98.0,75.2
1664,90.86,1,Albacore,60,mixed,360,0.1867,8,83.24,99.0,96.5,98.0,75.2
1665,81.26,1,Halibut,50,sinker,385,0.1867,9,83.32,99.0,96.5,98.0,75.2
1666,156.40,1,Octopus,95,sinker,480,0.1867,10,84.30,99.0,96.5,98.0,75.3
1667,153.48,1,Lava Eel,90,mixed,420,0.1867,11,85.57,99.0,96.5,98.0,75.4
1668,75.13,1,Walleye,45,smooth,330,0.1866,12,85.81,99.0,96.5,98.0,75.4
1669,90.36,1,Red Mullet,55,smooth,348,0.1866,13,85.93,99.0,96.5,98.0,75.4
1670,109.06,1,Eel,70,smooth,325,0.1866,14,86.48,99.0,96.5,98.0,75.4
1671,94.58,1,Midnight Carp,55,mixed,330,0.1866,15,86.87,99.0,96.5,98.0,75.4
1672,65.28,1,Sea Cucumber,40,sinker,328,0.1866,16,86.75,99.0,96.5,98.0,75.4
1673,67.14,1,Sea Cucumber,40,sinker,333,0.1866,17,86.69,99.0,96.5,98.0,75.4
1674,62.61,1,Bream,35,smooth,338,0.1866,18,86.48,99.0,96.5,98.0,75.4
1675,85.53,1,Lionfish,50,smooth,323,0.1865,19,86.80,99.0,96.5,98.1,75.4
1676,174.46,1,Sturgeon,78,mixed,875,0.1865,20,87.63,99.0,96.5,98.1,75.5
1677,59.25,1,Chub,35,dart,333,0.1865,21,87.80,99.0,96.5,98.1,75.5
1678,31.05,1,Carp,15,mixed,330,0.1865,22,87.63,99.0,96.5,98.1,75.5
1679,58.75,1,Perch,35,dart,330,0.1865,23,87.46,99.0,96.5,98.1,75.5
1680,158.48,1,Lava Eel,90,mixed,495,0.1865,24,88.28,99.0,96.5,98.1,75.6
1681,67.13,1,Sea Cucumber,40,sinker,325,0.1864,25,88.24,99.0,96.5,98.1,75.6
1682,65.20,1,Red Snapper,40,mixed,338,0.1864,26,88.11,99.0,96.5,98.1,75.6
1683,47.93,1,Herring,25,dart,333,0.1864,27,87.77,99.0,96.6,98.1,75.6
1684,60.14,1,Perch,35,dart,335,0.1864,28,87.95,99.0,96.6,98.1,75.6
1685,88.74,1,Albacore,60,mixed,325,0.1864,29,87.49,99.0,96.6,98.1,75.6
1686,99.49,1,Albacore,60,mixed,335,0.1864,30,87.89,99.0,96.6,98.1,75.6
1687,104.87,1,Squid,75,sinker,313,0.1863,31,87.10,99.0,96.6,98.1,75.7
1688,92.93,1,Red Mullet,55,smooth,318,0.1863,32,86.89,99.0,96.6,98.1,75.7
1689,85.06,1,Woodskip,50,mixed,333,0.1863,33,86.94,99.0,96.6,98.1,75.7
1690,87.14,1,Slimejack,55,dart,310,0.1863,34,87.03,99.0,96.6,98.1,75.7
1691,52.72,1,Smallmouth Bass,28,mixed,363,0.1863,35,86.92,99.0,96.6,98.1,75.7
1692,77.38,1,Walleye,45,smooth,338,0.1863,36,87.19,99.0,96.6,98.1,75.7
1693,53.18,1,Sardine,30,dart,333,0.1863,37,86.72,99.0,96.6,98.1,75.7
1694,52.42,1,Anchovy,30,dart,335,0.1862,38,86.62,99.0,96.6,98.1,75.7
1695,49.25,1,Anchovy,30,dart,343,0.1862,39,85.40,99.0,96.6,98.1,75.7
1696,53.42,1,Sardine,30,dart,340,0.1862,40,85.30,99.0,96.6,98.1,75.7
1697,83.24,1,Tiger Trout,60,dart,335,0.1862,41,85.29,99.0,96.6,98.1,75.7
1698,102.97,1,Sandfish,65,mixed,333,0.1862,42,86.04,99.0,96.6,98.1,75.7
1699,53.64,1,Anchovy,30,dart,345,0.1862,43,85.23,99.0,96.6,98.1,75.7
1700,132.59,1,Void Salmon,80,mixed,548,0.1861,44,85.04,99.0,96.6,98.1,75.8
1701,51.00,1,Anchovy,30,dart,333,0.1861,45,85.25,99.0,96.6,98.1,75.8
1702,61.84,1,Chub,35,dart,330,0.1861,46,84.78,99.0,96.6,98.1,75.8
1703,50.97,1,Smallmouth Bass,28,mixed,330,0.1861,47,84.69,99.0,96.6,98.1,75.8
1704,96.86,1,Albacore,60,mixed,330,0.1861,48,84.33,99.0,96.6,98.1,75.8
1705,58.34,1,Chub,35,dart,328,0.1861,49,84.10,99.0,96.6,98.1,75.8
1706,82.51,1,Largemouth Bass,50,mixed,333,0.1860,50,83.57,99.0,96.6,98.1,75.8
1707,82.90,1,Halibut,50,sinker,400,0.1860,51,84.10,99.0,96.6,98.1,75.8
1708,124.94,1,Lingcod,85,mixed,383,0.1860,52,84.55,99.0,96.6,98.1,75.9
1709,45.83,1,Herring,25,dart,330,0.1860,53,84.21,99.0,96.6,98.1,75.9
1710,59.50,1,Perch,35,dart,335,0.1860,54,83.80,99.0,96.6,98.1,75.9
1711,55.40,1,Perch,35,dart,338,0.1860,55,83.86,99.0,96.6,98.1,75.9
1712,53.68,1,Sunfish,30,mixed,375,0.1860,56,82.73,99.0,96.6,98.1,75.9
1713,91.23,1,Stonefish,65,sinker,320,0.1859,57,82.13,99.0,96.6,98.1,75.9
1714,82.80,1,Largemouth Bass,50,mixed,333,0.1859,58,82.14,99.0,96.6,98.1,75.9
1715,72.07,1,Tilapia,50,mixed,315,0.1859,59,81.99,99.0,96.6,98.1,75.9
1716,126.82,1,Super Cucumber,80,sinker,368,0.1859,60,81.96,99.0,96.6,98.1,76.0
1717,53.15,1,Sunfish,30,mixed,353,0.1859,61,81.38,99.0,96.6,98.1,76.0
1718,137.74,1,Dorado,78,mixed,673,0.1859,62,81.99,99.0,96.6,98.1,76.1
1719,182.28,1,Octopus,95,sinker,653,0.1858,63,82.96,99.0,96.6,98.1,76.2
1720,64.10,1,Sea Cucumber,40,sinker,315,0.1858,64,82.89,99.0,96.6,98.1,76.2
1721,81.28,1,Blue Discus,60,dart,320,0.1858,65,81.74,99.0,96.6,98.1,76.2
1722,53.10,1,Sunfish,30,mixed,348,0.1858,66,81.68,99.0,96.6,98.1,76.2
1723,53.01,1,Sardine,30,dart,355,0.1858,67,81.59,99.0,96.6,98.1,76.2
1724,89.36,1,Midnight Carp,55,mixed,338,0.1858,68,82.01,99.0,96.6,98.1,76.2
1725,114.93,1,Dorado,78,mixed,515,0.1857,69,81.78,99.0,96.6,98.1,76.3
1726,112.27,1,Eel,70,smooth,315,0.1857,70,82.29,99.0,96.6,98.1,76.3
1727,55.79,1,Perch,35,dart,335,0.1857,71,81.99,99.0,96.6,98.1,76.3
1728,82.42,1,Largemouth Bass,50,mixed,380,0.1857,72,82.03,99.0,96.6,98.1,76.3
1729,99.23,1,Albacore,60,mixed,380,0.1857,73,82.17,99.0,96.6,98.1,76.3
1730,98.58,1,Stonefish,65,sinker,305,0.1857,74,81.73,99.0,96.6,98.1,76.3
1731,104.91,1,Sandfish,65,mixed,388,0.1856,75,82.08,99.0,96.6,98.1,76.3
1732,86.98,1,Red Mullet,55,smooth,328,0.1856,76,82.31,99.0,96.6,98.1,76.3
1733,75.00,1,Woodskip,50,mixed,393,0.1856,77,81.27,99.0,96.6,98.1,76.3
1734,58.49,1,Chub,35,dart,330,0.1856,78,80.77,99.0,96.6,98.1,76.3
1735,111.74,1,Eel,70,smooth,318,0.1856,79,81.32,99.0,96.6,98.1,76.3
1736,105.65,1,Tuna,70,smooth,335,0.1856,80,81.14,99.0,96.6,98.1,76.3
1737,55.02,1,Sunfish,30,mixed,340,0.1855,81,81.22,99.0,96.6,98.1,76.3
1738,71.81,1,Bullhead,46,smooth,330,0.1855,82,81.12,99.0,96.6,98.1,76.3
1739,57.05,1,Bream,35,smooth,330,0.1855,83,80.77,99.0,96.6,98.1,76.3
1740,77.50,1,Largemouth Bass,50,mixed,358,0.1855,84,80.57,99.0,96.6,98.1,76.3
1741,66.86,1,Red Snapper,40,mixed,333,0.1855,85,80.45,99.0,96.6,98.1,76.3
1742,56.26,1,Chub,35,dart,328,0.1855,86,79.81,99.0,96.6,98.1,76.3
1743,57.99,1,Bream,35,smooth,328,0.1855,87,79.92,99.0,96.6,98.1,76.3
1744,89.66,1,Midnight Carp,55,mixed,418,0.1854,88,79.97,99.0,96.6,98.2,76.3
1745,82.84,1,Woodskip,50,mixed,338,0.1854,89,79.96,99.0,96.6,98.2,76.3
1746,51.16,1,Smallmouth Bass,28,mixed,338,0.1854,90,79.63,99.0,96.6,98.2,76.3
1747,83.73,1,Goby,55,dart,323,0.1854,91,79.73,99.0,96.6,98.2,76.3
1748,107.25,1,Eel,70,smooth,315,0.1854,92,79.93,99.0,96.6,98.2,76.3
1749,41.19,1,Herring,25,dart,335,0.1854,93,79.26,99.0,96.7,98.2,76.3
1750,-25.79,0,Pufferfish,80,floater,332,0.1853,0,77.75,98.0,96.7,98.2,76.0
1751,184.67,1,Lava Eel,90,mixed,663,0.1853,1,78.73,98.0,96.7,98.2,76.1
1752,43.11,0,Pufferfish,80,floater,1312,0.1853,0,78.45,98.0,96.7,98.2,75.8
1753,49.26,1,Smallmouth Bass,28,mixed,328,0.1853,1,78.62,98.0,96.7,98.2,75.8
1754,51.59,1,Sardine,30,dart,323,0.1853,2,78.45,98.0,96.7,98.2,75.8
1755,93.19,1,Pike,60,dart,393,0.1853,3,78.54,98.0,96.7,98.2,75.8
1756,61.44,1,Bream,35,smooth,338,0.1852,4,79.36,99.0,96.7,98.2,75.8
1757,51.31,1,Smallmouth Bass,28,mixed,333,0.1852,5,79.10,99.0,96.7,98.2,75.8
1758,130.57,1,Super Cucumber,80,sinker,443,0.1852,6,79.88,99.0,96.7,98.2,75.9
1759,-32.58,0,Super Cucumber,80,sinker,199,0.1852,0,78.94,98.0,96.7,98.2,75.6
1760,42.02,1,Herring,25,dart,333,0.1852,1,78.48,98.0,96.7,98.2,75.6
1761,68.35,1,Halibut,50,sinker,338,0.1852,2,78.54,98.0,96.7,98.2,75.6
1762,50.69,1,Sunfish,30,mixed,343,0.1851,3,78.52,98.0,96.7,98.2,75.6
1763,95.14,1,Tiger Trout,60,dart,490,0.1851,4,79.01,98.0,96.7,98.2,75.6
1764,84.18,1,Slimejack,55,dart,440,0.1851,5,78.94,98.0,96.7,98.2,75.6
1765,-24.84,0,Catfish,75,mixed,347,0.1851,0,77.88,97.0,96.7,98.2,75.3
1766,45.56,1,Herring,25,dart,368,0.1851,1,76.77,97.0,96.7,98.2,75.3
1767,113.51,1,Void Salmon,80,mixed,313,0.1851,2,76.38,97.0,96.7,98.2,75.4
1768,111.96,1,Catfish,75,mixed,323,0.1850,3,76.74,97.0,96.7,98.2,75.5
1769,183.38,1,Scorpion Carp,90,dart,805,0.1850,4,77.67,97.0,96.7,98.2,75.6
1770,79.12,1,Walleye,45,smooth,338,0.1850,5,77.37,97.0,96.7,98.2,75.6
1771,54.70,1,Sardine,30,dart,330,0.1850,6,76.98,97.0,96.7,98.2,75.6
1772,158.85,1,Tuna,70,smooth,818,0.1850,7,77.91,97.0,96.7,98.2,75.6
1773,84.34,1,Ghostfish,50,mixed,328,0.1850,8,78.08,97.0,96.7,98.2,75.6
1774,65.61,1,Sea Cucumber,40,sinker,325,0.1849,9,78.11,97.0,96.7,98.2,75.6
1775,191.38,1,Lava Eel,90,mixed,943,0.1849,10,79.17,97.0,96.7,98.2,75.7
1776,82.21,1,Goby,55,dart,320,0.1849,11,78.25,97.0,96.7,98.2,75.7
1777,109.12,1,Blue Discus,60,dart,650,0.1849,12,78.75,97.0,96.7,98.2,75.7
1778,42.44,0,Pufferfish,80,floater,1054,0.1849,0,78.86,97.0,96.7,98.2,75.4
1779,58.95,1,Chub,35,dart,325,0.1849,1,78.86,97.0,96.7,98.2,75.4
1780,45.20,1,Herring,25,dart,330,0.1848,2,77.73,97.0,96.7,98.2,75.4
1781,89.14,1,Pike,60,dart,325,0.1848,3,77.95,97.0,96.7,98.2,75.4
1782,76.45,1,Bullhead,46,smooth,330,0.1848,4,78.06,97.0,96.7,98.2,75.4
1783,110.12,1,Dorado,78,mixed,325,0.1848,5,78.69,97.0,96.7,98.2,75.5
1784,82.02,1,Tiger Trout,60,dart,328,0.1848,6,78.90,97.0,96.7,98.2,75.5
1785,53.93,1,Sunfish,30,mixed,330,0.1848,7,78.56,97.0,96.7,98.2,75.5
1786,95.98,1,Albacore,60,mixed,318,0.1847,8,78.52,97.0,96.7,98.2,75.5
1787,117.20,1,Pufferfish,80,floater,528,0.1847,9,78.64,97.0,96.7,98.2,75.6
1788,79.33,1,Walleye,45,smooth,340,0.1847,10,78.51,97.0,96.7,98.2,75.6
1789,60.39,1,Perch,35,dart,330,0.1847,11,78.26,97.0,96.7,98.2,75.6
1790,181.21,1,Lava Eel,90,mixed,723,0.1847,12,79.20,97.0,96.7,98.2,75.7
1791,79.55,1,Rainbow Trout,45,mixed,330,0.1847,13,79.47,97.0,96.7,98.2,75.7
1792,108.19,1,Catfish,75,mixed,355,0.1846,14,79.78,97.0,96.7,98.2,75.8
1793,50.99,1,Smallmouth Bass,28,mixed,328,0.1846,15,79.76,97.0,96.7,98.2,75.8
1794,40.05,1,Herring,25,dart,345,0.1846,16,79.63,97.0,96.7,98.2,75.8
1795,49.69,1,Smallmouth Bass,28,mixed,325,0.1846,17,79.64,97.0,96.7,98.2,75.8
1796,82.25,1,Ghostfish,50,mixed,325,0.1846,18,79.93,97.0,96.7,98.2,75.8
1797,44.72,1,Herring,25,dart,335,0.1846,19,79.54,97.0,96.7,98.2,75.8
1798,79.60,1,Salmon,50,mixed,328,0.1845,20,79.31,97.0,96.7,98.2,75.8
1799,78.94,1,Walleye,45,smooth,333,0.1845,21,79.56,97.0,96.7,98.2,75.8
1800,80.66,1,Tilapia,50,mixed,320,0.1845,22,79.04,97.0,96.7,98.2,75.8
1801,87.98,1,Blue Discus,60,dart,323,0.1845,23,79.41,97.0,96.7,98.2,75.8
1802,121.69,1,Blue Discus,60,dart,640,0.1845,24,80.01,97.0,96.7,98.2,75.8
1803,84.48,1,Ghostfish,50,mixed,325,0.1845,25,80.34,97.0,96.7,98.2,75.8
1804,59.84,1,Sea Cucumber,40,sinker,325,0.1844,26,79.97,97.0,96.7,98.2,75.8
1805,-4.85,0,Ice Pip,85,dart,524,0.1844,0,79.34,96.0,96.7,98.2,75.5
1806,53.19,1,Anchovy,30,dart,365,0.1844,1,79.05,96.0,96.7,98.2,75.5
1807,46.57,1,Herring,25,dart,350,0.1844,2,78.69,96.0,96.7,98.2,75.5
1808,31.74,1,Carp,15,mixed,325,0.1844,3,77.75,96.0,96.7,98.2,75.5
1809,60.90,1,Bream,35,smooth,328,0.1844,4,77.90,96.0,96.7,98.2,75.5
1810,51.07,1,Sardine,30,dart,335,0.1843,5,77.82,96.0,96.7,98.2,75.5
1811,48.15,1,Herring,25,dart,368,0.1843,6,77.75,96.0,96.7,98.2,75.5
1812,75.38,1,Rainbow Trout,45,mixed,393,0.1843,7,77.96,96.0,96.7,98.2,75.5
1813,77.58,1,Bullhead,46,smooth,328,0.1843,8,77.83,96.0,96.7,98.2,75.5
1814,116.01,1,Catfish,75,mixed,398,0.1843,9,78.16,96.0,96.7,98.2,75.6
1815,77.23,1,Goby,55,dart,325,0.1843,10,78.21,96.0,96.7,98.2,75.6
1816,50.16,1,Smallmouth Bass,28,mixed,330,0.1842,11,77.45,96.0,96.7,98.2,75.6
1817,86.55,1,Largemouth Bass,50,mixed,325,0.1842,12,77.78,96.0,96.7,98.2,75.6
1818,133.73,1,Squid,75,sinker,465,0.1842,13,77.74,96.0,96.7,98.2,75.7
1819,108.91,1,Tuna,70,smooth,315,0.1842,14,77.01,96.0,96.7,98.2,75.7
1820,82.98,1,Salmon,50,mixed,323,0.1842,15,77.19,96.0,96.7,98.3,75.7
1821,61.16,1,Red Snapper,40,mixed,328,0.1842,16,76.99,96.0,96.7,98.3,75.7
1822,82.47,1,Tilapia,50,mixed,318,0.1841,17,77.29,96.0,96.7,98.3,75.7
1823,62.32,1,Bream,35,smooth,343,0.1841,18,77.38,96.0,96.7,98.3,75.7
1824,119.86,1,Tuna,70,smooth,395,0.1841,19,77.68,96.0,96.7,98.3,75.7
1825,32.06,1,Carp,15,mixed,340,0.1841,20,76.86,96.0,96.7,98.3,75.7
1826,61.05,1,Sea Cucumber,40,sinker,333,0.1841,21,76.34,96.0,96.8,98.3,75.7
1827,81.81,1,Tilapia,50,mixed,325,0.1841,22,76.60,96.0,96.8,98.3,75.7
1828,77.66,1,Flounder,50,sinker,373,0.1840,23,76.56,96.0,96.8,98.3,75.7
1829,92.22,1,Slimejack,55,dart,325,0.1840,24,76.49,96.0,96.8,98.3,75.7
1830,52.11,1,Smallmouth Bass,28,mixed,328,0.1840,25,76.02,96.0,96.8,98.3,75.7
1831,71.04,1,Red Snapper,40,mixed,333,0.1840,26,75.68,96.0,96.8,98.3,75.7
1832,-30.89,0,Lava Eel,90,mixed,295,0.1840,0,74.50,95.0,96.8,98.3,75.4
1833,71.27,1,Red Snapper,40,mixed,335,0.1840,1,74.47,95.0,96.8,98.3,75.4
1834,82.03,1,Tiger Trout,60,dart,380,0.1839,2,74.70,95.0,96.8,98.3,75.4
1835,25.91,0,Pufferfish,80,floater,734,0.1839,0,73.84,95.0,96.8,98.3,75.1
1836,112.59,1,Eel,70,smooth,325,0.1839,1,73.91,95.0,96.8,98.3,75.1
1837,87.83,1,Midnight Carp,55,mixed,310,0.1839,2,74.24,95.0,96.8,98.3,75.1
1838,59.40,1,Chub,35,dart,325,0.1839,3,74.12,95.0,96.8,98.3,75.1
1839,63.87,1,Sea Cucumber,40,sinker,328,0.1839,4,74.19,95.0,96.8,98.3,75.1
1840,143.80,1,Catfish,75,mixed,603,0.1838,5,74.85,95.0,96.8,98.3,75.2
1841,83.87,1,Woodskip,50,mixed,320,0.1838,6,75.02,95.0,96.8,98.3,75.2
1842,91.81,1,Stonefish,65,sinker,323,0.1838,7,75.37,95.0,96.8,98.3,75.2
1843,57.12,1,Chub,35,dart,333,0.1838,8,75.37,95.0,96.8,98.3,75.2
1844,110.05,1,Void Salmon,80,mixed,325,0.1838,9,75.57,95.0,96.8,98.3,75.3
1845,91.34,1,Sandfish,65,mixed,308,0.1837,10,75.65,95.0,96.8,98.3,75.3
1846,226.23,0,Ice Pip,85,dart,2000,0.1837,0,77.41,95.0,96.8,98.3,75.0
1847,94.30,1,Red Mullet,55,smooth,320,0.1837,1,77.51,95.0,96.8,98.3,75.0
1848,69.29,1,Red Snapper,40,mixed,328,0.1837,2,77.13,95.0,96.8,98.3,75.0
1849,78.21,1,Walleye,45,smooth,338,0.1837,3,77.50,95.0,96.8,98.3,75.0
1850,66.05,1,Sea Cucumber,40,sinker,323,0.1837,4,78.42,96.0,96.8,98.3,75.0
1851,124.58,1,Ice Pip,85,dart,595,0.1836,5,77.82,96.0,96.8,98.3,75.1
1852,51.22,1,Anchovy,30,dart,338,0.1836,6,77.90,96.0,96.8,98.3,75.1
1853,60.72,1,Chub,35,dart,328,0.1836,7,78.01,96.0,96.8,98.3,75.1
1854,81.70,1,Salmon,50,mixed,318,0.1836,8,78.32,96.0,96.8,98.3,75.1
1855,87.81,1,Tiger Trout,60,dart,333,0.1836,9,78.26,96.0,96.8,98.3,75.1
1856,76.43,1,Shad,45,smooth,328,0.1836,10,78.41,96.0,96.8,98.3,75.1
1857,122.77,1,Squid,75,sinker,443,0.1835,11,79.13,96.0,96.8,98.3,75.2
1858,57.07,1,Chub,35,dart,338,0.1835,12,78.39,96.0,96.8,98.3,75.2
1859,64.97,1,Sea Cucumber,40,sinker,325,0.1835,13,79.37,97.0,96.8,98.3,75.2
1860,90.69,1,Pike,60,dart,345,0.1835,14,79.85,97.0,96.8,98.3,75.2
1861,85.05,1,Albacore,60,mixed,320,0.1835,15,80.02,97.0,96.8,98.3,75.2
1862,50.96,1,Smallmouth Bass,28,mixed,333,0.1835,16,80.02,97.0,96.8,98.3,75.2
1863,32.21,1,Carp,15,mixed,340,0.1834,17,79.39,97.0,96.8,98.3,75.2
1864,81.47,1,Tilapia,50,mixed,328,0.1834,18,79.37,97.0,96.8,98.3,75.2
1865,61.26,1,Perch,35,dart,330,0.1834,19,80.23,98.0,96.8,98.3,75.2
1866,140.41,1,Lingcod,85,mixed,498,0.1834,20,81.18,98.0,96.8,98.3,75.3
1867,94.02,1,Blue Discus,60,dart,345,0.1834,21,80.98,98.0,96.8,98.3,75.3
1868,66.01,1,Sea Cucumber,40,sinker,368,0.1834,22,80.52,98.0,96.8,98.3,75.3
1869,97.88,1,Blue Discus,60,dart,485,0.1833,23,79.67,98.0,96.8,98.3,75.3
1870,87.96,1,Tiger Trout,60,dart,318,0.1833,24,79.76,98.0,96.8,98.3,75.3
1871,68.45,1,Halibut,50,sinker,318,0.1833,25,79.89,98.0,96.8,98.3,75.3
1872,31.22,1,Carp,15,mixed,333,0.1833,26,78.62,98.0,96.8,98.3,75.3
1873,31.92,1,Carp,15,mixed,340,0.1833,27,78.09,98.0,96.8,98.3,75.3
1874,47.39,0,Scorpion Carp,90,dart,1049,0.1832,0,77.91,98.0,96.8,98.3,75.0
1875,59.81,1,Perch,35,dart,330,0.1832,1,76.59,98.0,96.8,98.3,75.0
1876,105.53,1,Eel,70,smooth,318,0.1832,2,76.83,98.0,96.8,98.3,75.0
1877,117.93,1,Eel,70,smooth,370,0.1832,3,76.92,98.0,96.8,98.3,75.0
1878,92.80,1,Super Cucumber,80,sinker,368,0.1832,4,77.42,98.0,96.8,98.3,75.1
1879,79.13,1,Shad,45,smooth,340,0.1832,5,77.62,98.0,96.8,98.3,75.1
1880,47.88,1,Herring,25,dart,400,0.1831,6,77.65,98.0,96.8,98.3,75.1
1881,159.18,1,Octopus,95,sinker,500,0.1831,7,78.35,98.0,96.8,98.3,75.2
1882,50.01,0,Pufferfish,80,floater,1090,0.1831,0,78.08,98.0,96.8,98.3,74.9
1883,45.98,1,Herring,25,dart,390,0.1831,1,77.44,98.0,96.8,98.3,74.9
1884,92.79,1,Midnight Carp,55,mixed,330,0.1831,2,77.55,98.0,96.8,98.3,74.9
1885,51.59,1,Smallmouth Bass,28,mixed,335,0.1831,3,77.53,98.0,96.8,98.3,74.9
1886,66.17,1,Sea Cucumber,40,sinker,333,0.1830,4,77.23,98.0,96.8,98.3,74.9
1887,65.04,1,Sea Cucumber,40,sinker,325,0.1830,5,76.71,98.0,96.8,98.3,74.9
1888,71.36,1,Red Snapper,40,mixed,335,0.1830,6,76.63,98.0,96.8,98.3,74.9
1889,53.87,1,Sardine,30,dart,330,0.1830,7,76.56,98.0,96.8,98.3,74.9
1890,43.28,1,Herring,25,dart,343,0.1830,8,75.18,98.0,96.8,98.3,74.9
1891,141.84,1,Octopus,95,sinker,400,0.1830,9,75.81,98.0,96.8,98.3,75.0
1892,98.48,1,Void Salmon,80,mixed,328,0.1829,10,75.71,98.0,96.8,98.3,75.1
1893,64.33,1,Bream,35,smooth,348,0.1829,11,75.84,98.0,96.8,98.3,75.1
1894,79.38,1,Goby,55,dart,320,0.1829,12,76.24,98.0,96.8,98.3,75.1
1895,85.65,1,Pike,60,dart,313,0.1829,13,76.60,98.0,96.8,98.3,75.1
1896,75.01,1,Largemouth Bass,50,mixed,415,0.1829,14,76.52,98.0,96.8,98.3,75.1
1897,69.98,1,Ghostfish,50,mixed,315,0.1828,15,76.78,98.0,96.8,98.3,75.1
1898,62.23,1,Perch,35,dart,378,0.1828,16,76.60,98.0,96.8,98.3,75.1
1899,84.01,1,Albacore,60,mixed,325,0.1828,17,76.65,98.0,96.8,98.3,75.1
1900,54.35,1,Anchovy,30,dart,338,0.1828,18,76.39,98.0,96.8,98.3,75.1
1901,91.19,1,Albacore,60,mixed,313,0.1828,19,76.42,98.0,96.8,98.3,75.1
1902,139.31,1,Super Cucumber,80,sinker,465,0.1828,20,76.60,98.0,96.8,98.3,75.2
1903,-14.93,0,Squid,75,sinker,440,0.1827,0,75.60,97.0,96.8,98.3,74.9
1904,52.57,1,Sunfish,30,mixed,328,0.1827,1,75.53,97.0,96.9,98.3,74.9
1905,87.77,1,Tiger Trout,60,dart,328,0.1827,2,76.46,98.0,96.9,98.3,74.9
1906,31.64,1,Carp,15,mixed,333,0.1827,3,76.24,98.0,96.9,98.3,74.9
1907,80.98,1,Halibut,50,sinker,323,0.1827,4,76.59,98.0,96.9,98.4,74.9
1908,78.74,1,Shad,45,smooth,325,0.1827,5,77.06,98.0,96.9,98.4,74.9
1909,65.99,1,Bream,35,smooth,383,0.1826,6,77.11,98.0,96.9,98.4,74.9
1910,52.32,1,Sardine,30,dart,368,0.1826,7,77.12,98.0,96.9,98.4,74.9
1911,-3.04,0,Carp,15,mixed,457,0.1826,0,76.61,97.0,96.8,98.4,74.9
1912,49.44,1,Herring,25,dart,430,0.1826,1,76.35,97.0,96.8,98.4,74.9
1913,83.99,1,Largemouth Bass,50,mixed,323,0.1826,2,76.41,97.0,96.8,98.4,74.9
1914,80.46,1,Slimejack,55,dart,325,0.1825,3,76.06,97.0,96.8,98.4,74.9
1915,113.90,1,Stingray,80,sinker,370,0.1825,4,76.42,97.0,96.8,98.4,75.0
1916,89.55,1,Red Mullet,55,smooth,330,0.1825,5,76.82,97.0,96.8,98.4,75.0
1917,57.31,1,Perch,35,dart,358,0.1825,6,76.52,97.0,96.8,98.4,75.0
1918,60.36,1,Perch,35,dart,323,0.1825,7,75.79,97.0,96.8,98.4,75.0
1919,62.78,1,Bream,35,smooth,358,0.1825,8,75.33,97.0,96.8,98.4,75.0
1920,196.42,1,Lingcod,85,mixed,808,0.1824,9,76.46,97.0,96.8,98.4,75.1
1921,79.73,1,Ghostfish,50,mixed,325,0.1824,10,76.65,97.0,96.8,98.4,75.1
1922,190.67,1,Octopus,95,sinker,653,0.1824,11,77.73,97.0,96.8,98.4,75.2
1923,77.59,1,Stonefish,65,sinker,378,0.1824,12,77.88,97.0,96.8,98.4,75.2
1924,142.83,1,Super Cucumber,80,sinker,655,0.1824,13,78.11,97.0,96.8,98.4,75.3
1925,93.46,1,Tiger Trout,60,dart,318,0.1824,14,78.73,97.0,96.8,98.4,75.3
1926,79.44,1,Bullhead,46,smooth,328,0.1823,15,78.91,97.0,96.8,98.4,75.3
1927,71.10,1,Red Snapper,40,mixed,333,0.1823,16,78.80,97.0,96.8,98.4,75.3
1928,128.82,1,Super Cucumber,80,sinker,468,0.1823,17,79.32,97.0,96.8,98.4,75.3
1929,54.48,1,Sunfish,30,mixed,320,0.1823,18,78.94,97.0,96.8,98.4,75.3
1930,76.47,1,Walleye,45,smooth,318,0.1823,19,79.18,97.0,96.8,98.4,75.3
1931,87.46,1,Red Mullet,55,smooth,325,0.1822,20,79.35,97.0,96.8,98.4,75.3
1932,101.33,1,Flounder,50,sinker,553,0.1822,21,80.67,98.0,96.8,98.4,75.3
1933,121.70,1,Stingray,80,sinker,458,0.1822,22,81.17,98.0,96.8,98.4,75.4
1934,55.13,1,Perch,35,dart,328,0.1822,23,80.90,98.0,96.8,98.4,75.4
1935,80.66,1,Lionfish,50,smooth,330,0.1822,24,81.45,98.0,96.8,98.4,75.4
1936,91.94,1,Sandfish,65,mixed,328,0.1822,25,81.25,98.0,96.8,98.4,75.4
1937,59.33,1,Chub,35,dart,320,0.1821,26,80.96,98.0,96.8,98.4,75.4
1938,108.67,1,Eel,70,smooth,315,0.1821,27,81.45,98.0,96.8,98.4,75.4
1939,104.47,1,Tuna,70,smooth,313,0.1821,28,81.86,98.0,96.8,98.4,75.4
1940,76.61,1,Slimejack,55,dart,318,0.1821,29,81.19,98.0,96.8,98.4,75.4
1941,64.35,1,Bream,35,smooth,358,0.1821,30,80.99,98.0,96.8,98.4,75.4
1942,79.12,1,Flounder,50,sinker,335,0.1820,31,80.87,98.0,96.8,98.4,75.4
1943,61.90,1,Bream,35,smooth,345,0.1820,32,80.91,98.0,96.8,98.4,75.4
1944,80.97,1,Flounder,50,sinker,333,0.1820,33,80.62,98.0,96.8,98.4,75.4
1945,90.83,1,Albacore,60,mixed,390,0.1820,34,80.62,98.0,96.8,98.4,75.4
1946,146.93,1,Lava Eel,90,mixed,498,0.1820,35,79.82,98.0,96.8,98.4,75.5
1947,93.12,1,Red Mullet,55,smooth,325,0.1820,36,79.81,98.0,96.8,98.4,75.5
1948,84.54,1,Lionfish,50,smooth,320,0.1819,37,79.96,98.0,96.8,98.4,75.5
1949,99.37,1,Tiger Trout,60,dart,498,0.1819,38,80.18,98.0,96.8,98.4,75.5
1950,72.95,1,Shad,45,smooth,333,0.1819,39,80.25,98.0,96.8,98.4,75.5
1951,78.53,1,Flounder,50,sinker,333,0.1819,40,79.78,98.0,96.8,98.4,75.5
1952,67.13,1,Red Snapper,40,mixed,355,0.1819,41,79.94,98.0,96.8,98.4,75.5
1953,-34.11,0,Pufferfish,80,floater,210,0.1819,0,79.00,97.0,96.8,98.4,75.3
1954,141.32,1,Void Salmon,80,mixed,510,0.1818,1,79.59,97.0,96.8,98.4,75.3
1955,126.45,1,Super Cucumber,80,sinker,410,0.1818,2,79.98,97.0,96.8,98.4,75.4
1956,73.24,1,Flounder,50,sinker,333,0.1818,3,79.95,97.0,96.8,98.4,75.4
1957,137.05,1,Octopus,95,sinker,400,0.1818,4,80.09,97.0,96.8,98.4,75.5
1958,83.51,1,Sandfish,65,mixed,313,0.1818,5,80.35,97.0,96.8,98.4,75.5
1959,63.40,1,Perch,35,dart,345,0.1817,6,80.34,97.0,96.8,98.4,75.5
1960,86.86,1,Goby,55,dart,380,0.1817,7,80.30,97.0,96.8,98.4,75.5
1961,105.09,1,Catfish,75,mixed,335,0.1817,8,80.50,97.0,96.8,98.4,75.6
1962,60.17,1,Chub,35,dart,328,0.1817,9,80.59,97.0,96.8,98.4,75.6
1963,83.65,1,Halibut,50,sinker,323,0.1817,10,81.11,97.0,96.8,98.4,75.6
1964,190.64,1,Lava Eel,90,mixed,675,0.1817,11,82.20,97.0,96.8,98.4,75.7
1965,74.55,1,Bullhead,46,smooth,328,0.1816,12,82.33,97.0,96.8,98.4,75.7
1966,97.87,1,Catfish,75,mixed,313,0.1816,13,81.91,97.0,96.8,98.4,75.8
1967,206.09,1,Ice Pip,85,dart,1178,0.1816,14,83.03,97.0,96.8,98.4,75.8
1968,99.12,1,Dorado,78,mixed,290,0.1816,15,83.36,97.0,96.8,98.4,75.9
1969,81.05,1,Tilapia,50,mixed,320,0.1816,16,83.19,97.0,96.8,98.4,75.9
1970,76.04,1,Rainbow Trout,45,mixed,323,0.1815,17,83.07,97.0,96.8,98.4,75.9
1971,74.22,1,Rainbow Trout,45,mixed,325,0.1815,18,83.13,97.0,96.8,98.4,75.9
1972,59.15,1,Perch,35,dart,328,0.1815,19,83.41,97.0,96.8,98.4,75.9
1973,57.87,1,Perch,35,dart,335,0.1815,20,83.67,97.0,96.8,98.4,75.9
1974,77.34,1,Walleye,45,smooth,323,0.1815,21,83.97,97.0,96.8,98.4,75.9
1975,76.88,1,Red Snapper,40,mixed,458,0.1815,22,84.14,97.0,96.8,98.4,75.9
1976,84.16,1,Ghostfish,50,mixed,320,0.1814,23,83.92,97.0,96.8,98.4,75.9
1977,96.43,1,Albacore,60,mixed,315,0.1814,24,83.71,97.0,96.8,98.4,75.9
1978,52.87,1,Sardine,30,dart,325,0.1814,25,83.31,97.0,96.8,98.4,75.9
1979,91.57,1,Red Mullet,55,smooth,323,0.1814,26,83.43,97.0,96.8,98.4,75.9
1980,81.66,1,Salmon,50,mixed,323,0.1814,27,83.77,97.0,96.8,98.4,75.9
1981,103.38,1,Eel,70,smooth,315,0.1813,28,83.21,97.0,96.8,98.4,75.9
1982,103.82,1,Tuna,70,smooth,383,0.1813,29,83.75,97.0,96.8,98.5,75.9
1983,80.04,1,Woodskip,50,mixed,320,0.1813,30,84.09,97.0,96.8,98.5,75.9
1984,160.06,1,Catfish,75,mixed,615,0.1813,31,84.76,97.0,96.8,98.5,76.0
1985,76.75,1,Shad,45,smooth,323,0.1813,32,85.02,97.0,96.8,98.5,76.0
1986,106.12,1,Stonefish,65,sinker,340,0.1813,33,85.41,97.0,96.8,98.5,76.0
1987,67.02,1,Sea Cucumber,40,sinker,330,0.1812,34,85.43,97.0,96.8,98.5,76.0
1988,81.62,1,Ghostfish,50,mixed,318,0.1812,35,85.54,97.0,96.8,98.5,76.0
1989,-27.75,0,Lingcod,85,mixed,237,0.1812,0,84.72,96.0,96.8,98.5,75.7
1990,-27.51,0,Sturgeon,78,mixed,224,0.1812,0,84.01,95.0,96.8,98.5,75.5
1991,80.31,1,Salmon,50,mixed,320,0.1812,1,83.40,95.0,96.8,98.5,75.5
1992,95.68,1,Sandfish,65,mixed,318,0.1811,2,83.37,95.0,96.8,98.5,75.5
1993,91.33,1,Sandfish,65,mixed,325,0.1811,3,83.64,95.0,96.8,98.5,75.5
1994,102.60,1,Sandfish,65,mixed,325,0.1811,4,83.87,95.0,96.8,98.5,75.5
1995,53.49,1,Anchovy,30,dart,335,0.1811,5,83.55,95.0,96.8,98.5,75.5
1996,112.71,1,Tuna,70,smooth,313,0.1811,6,83.93,95.0,96.8,98.5,75.5
1997,77.20,1,Halibut,50,sinker,325,0.1811,7,84.00,95.0,96.8,98.5,75.5
1998,121.51,1,Lava Eel,90,mixed,310,0.1810,8,84.59,95.0,96.8,98.5,75.6
1999,145.75,1,Octopus,95,sinker,410,0.1810,9,85.21,95.0,96.8,98.5,75.7
2000,43.26,1,Smallmouth Bass,28,mixed,328,0.1810,10,85.10,95.0,96.8,98.5,75.7
2001,79.15,1,Flounder,50,sinker,340,0.1810,11,84.98,95.0,96.8,98.5,75.7
2002,52.85,1,Anchovy,30,dart,333,0.1810,12,84.11,95.0,96.8,98.5,75.7
2003,143.71,1,Super Cucumber,80,sinker,518,0.1809,13,85.70,96.0,96.8,98.5,75.7
2004,102.48,1,Catfish,75,mixed,393,0.1809,14,86.20,96.0,96.8,98.5,75.8
2005,176.56,1,Lingcod,85,mixed,698,0.1809,15,87.09,96.0,96.8,98.5,75.9
2006,137.87,1,Super Cucumber,80,sinker,473,0.1809,16,88.15,96.0,96.8,98.5,76.0
2007,60.25,1,Chub,35,dart,323,0.1809,17,87.94,96.0,96.8,98.5,76.0
2008,189.14,1,Lava Eel,90,mixed,615,0.1808,18,89.05,96.0,96.8,98.5,76.1
2009,55.43,1,Perch,35,dart,320,0.1808,19,88.94,96.0,96.8,98.5,76.1
2010,79.78,1,Tilapia,50,mixed,328,0.1808,20,89.22,96.0,96.8,98.5,76.1
2011,-20.83,0,Lava Eel,90,mixed,377,0.1808,0,89.04,96.0,96.8,98.5,75.8
2012,82.10,1,Woodskip,50,mixed,328,0.1808,1,89.36,96.0,96.8,98.5,75.8
2013,47.27,1,Herring,25,dart,328,0.1808,2,89.00,96.0,96.8,98.5,75.8
2014,53.66,1,Sardine,30,dart,330,0.1807,3,88.73,96.0,96.8,98.5,75.8
2015,91.60,1,Midnight Carp,55,mixed,320,0.1807,4,88.51,96.0,96.8,98.5,75.8
2016,53.28,1,Sardine,30,dart,330,0.1807,5,88.14,96.0,96.8,98.5,75.8
2017,92.87,1,Sandfish,65,mixed,348,0.1807,6,88.50,96.0,96.8,98.5,75.8
2018,68.05,1,Sea Cucumber,40,sinker,330,0.1807,7,88.58,96.0,96.8,98.5,75.8
2019,110.67,1,Squid,75,sinker,313,0.1806,8,89.05,96.0,96.8,98.5,75.9
2020,86.25,1,Pike,60,dart,325,0.1806,9,87.95,96.0,96.8,98.5,75.9
2021,151.73,1,Stingray,80,sinker,730,0.1806,10,88.67,96.0,96.8,98.5,76.0
2022,151.23,1,Lava Eel,90,mixed,618,0.1806,11,88.28,96.0,96.8,98.5,76.0
2023,75.18,1,Flounder,50,sinker,323,0.1806,12,88.25,96.0,96.8,98.5,76.0
2024,47.74,1,Smallmouth Bass,28,mixed,340,0.1806,13,87.30,96.0,96.9,98.5,76.0
2025,111.58,1,Albacore,60,mixed,468,0.1805,14,87.48,96.0,96.9,98.5,76.0
2026,80.36,1,Walleye,45,smooth,328,0.1805,15,87.49,96.0,96.9,98.5,76.0
2027,80.71,1,Tilapia,50,mixed,325,0.1805,16,87.59,96.0,96.9,98.5,76.0
2028,55.56,1,Anchovy,30,dart,358,0.1805,17,86.86,96.0,96.9,98.5,76.0
2029,112.55,1,Tuna,70,smooth,315,0.1805,18,87.44,96.0,96.9,98.5,76.0
2030,80.95,1,Woodskip,50,mixed,323,0.1804,19,87.48,96.0,96.9,98.5,76.0
2031,70.91,1,Sea Cucumber,40,sinker,338,0.1804,20,87.32,96.0,96.9,98.5,76.0
2032,84.82,1,Ghostfish,50,mixed,328,0.1804,21,87.15,96.0,96.9,98.5,76.0
2033,54.44,1,Anchovy,30,dart,350,0.1804,22,86.48,96.0,96.9,98.5,76.0
2034,75.57,1,Rainbow Trout,45,mixed,315,0.1804,23,86.68,96.0,96.9,98.5,76.0
2035,117.08,1,Stingray,80,sinker,338,0.1803,24,87.05,96.0,96.9,98.5,76.1
2036,123.16,1,Squid,75,sinker,430,0.1803,25,87.36,96.0,96.9,98.5,76.2
2037,112.21,1,Super Cucumber,80,sinker,360,0.1803,26,87.89,96.0,96.9,98.5,76.3
2038,60.05,1,Red Snapper,40,mixed,340,0.1803,27,87.40,96.0,96.9,98.5,76.3
2039,80.19,1,Ghostfish,50,mixed,355,0.1803,28,87.16,96.0,96.9,98.5,76.3
2040,46.85,1,Herring,25,dart,343,0.1803,29,86.86,96.0,96.9,98.5,76.3
2041,93.59,1,Albacore,60,mixed,320,0.1802,30,87.16,96.0,96.9,98.5,76.3
2042,60.46,1,Perch,35,dart,338,0.1802,31,86.97,96.0,96.9,98.5,76.3
2043,50.69,1,Sunfish,30,mixed,335,0.1802,32,86.86,96.0,96.9,98.5,76.3
2044,96.56,1,Pike,60,dart,370,0.1802,33,87.01,96.0,96.9,98.5,76.3
2045,63.63,1,Chub,35,dart,330,0.1802,34,86.74,96.0,96.9,98.5,76.3
2046,61.12,1,Perch,35,dart,335,0.1801,35,85.88,96.0,96.9,98.5,76.3
2047,90.36,1,Sandfish,65,mixed,298,0.1801,36,85.85,96.0,96.9,98.5,76.3
2048,53.18,1,Anchovy,30,dart,335,0.1801,37,85.54,96.0,96.9,98.5,76.3
2049,123.82,1,Squid,75,sinker,440,0.1801,38,85.79,96.0,96.9,98.5,76.3
2050,116.05,1,Albacore,60,mixed,580,0.1801,39,86.22,96.0,96.9,98.5,76.3
2051,102.60,1,Pike,60,dart,413,0.1800,40,86.46,96.0,96.9,98.5,76.3
2052,59.95,1,Perch,35,dart,328,0.1800,41,86.39,96.0,96.9,98.5,76.3
2053,80.41,1,Shad,45,smooth,323,0.1800,42,87.53,97.0,96.9,98.5,76.3
2054,53.49,1,Sunfish,30,mixed,333,0.1800,43,86.65,97.0,96.9,98.5,76.3
2055,79.35,1,Largemouth Bass,50,mixed,318,0.1800,44,86.18,97.0,96.9,98.5,76.3
2056,54.88,1,Sardine,30,dart,375,0.1800,45,86.00,97.0,96.9,98.5,76.3
2057,53.85,1,Sardine,30,dart,330,0.1799,46,85.17,97.0,96.9,98.5,76.3
2058,67.52,1,Rainbow Trout,45,mixed,328,0.1799,47,85.01,97.0,96.9,98.5,76.3
2059,58.01,1,Chub,35,dart,330,0.1799,48,84.95,97.0,96.9,98.5,76.3
2060,44.74,1,Herring,25,dart,338,0.1799,49,84.53,97.0,96.9,98.5,76.3
2061,77.48,1,Walleye,45,smooth,323,0.1799,50,84.25,97.0,96.9,98.5,76.3
2062,72.47,1,Rainbow Trout,45,mixed,325,0.1798,51,84.38,97.0,96.9,98.5,76.3
2063,79.20,1,Largemouth Bass,50,mixed,325,0.1798,52,84.33,97.0,96.9,98.5,76.3
2064,-26.87,0,Lava Eel,90,mixed,284,0.1798,0,82.16,96.0,96.9,98.5,76.1
2065,68.16,1,Sea Cucumber,40,sinker,325,0.1798,1,82.09,96.0,96.9,98.5,76.1
2066,42.23,1,Herring,25,dart,338,0.1798,2,81.54,96.0,96.9,98.5,76.1
2067,83.47,1,Largemouth Bass,50,mixed,323,0.1797,3,80.31,96.0,96.9,98.5,76.1
2068,154.18,0,Scorpion Carp,90,dart,1859,0.1797,0,80.86,96.0,96.9,98.5,75.9
2069,65.95,1,Sea Cucumber,40,sinker,335,0.1797,1,80.71,96.0,96.9,98.5,75.9
2070,73.37,1,Ghostfish,50,mixed,328,0.1797,2,80.68,96.0,96.9,98.5,75.9
2071,139.89,1,Lava Eel,90,mixed,408,0.1797,3,81.34,96.0,96.9,98.5,75.9
2072,68.96,1,Red Snapper,40,mixed,338,0.1797,4,81.44,96.0,96.9,98.5,75.9
2073,68.40,1,Red Snapper,40,mixed,333,0.1796,5,81.54,96.0,96.9,98.5,75.9
2074,128.23,1,Void Salmon,80,mixed,393,0.1796,6,82.05,96.0,96.9,98.5,76.0
2075,92.88,1,Sandfish,65,mixed,340,0.1796,7,82.21,96.0,96.9,98.5,76.0
2076,167.97,1,Lava Eel,90,mixed,555,0.1796,8,83.05,96.0,96.9,98.5,76.1
2077,75.83,1,Shad,45,smooth,328,0.1796,9,82.85,96.0,96.9,98.5,76.1
2078,-7.35,0,Lava Eel,90,mixed,517,0.1795,0,82.24,95.0,96.9,98.5,75.9
2079,81.11,1,Woodskip,50,mixed,325,0.1795,1,82.14,95.0,96.9,98.5,75.9
2080,80.71,1,Blue Discus,60,dart,318,0.1795,2,82.13,95.0,96.9,98.5,75.9
2081,69.53,1,Sea Cucumber,40,sinker,335,0.1795,3,81.79,95.0,96.9,98.5,75.9
2082,55.53,1,Anchovy,30,dart,330,0.1795,4,81.31,95.0,96.9,98.5,75.9
2083,95.20,1,Tiger Trout,60,dart,503,0.1794,5,81.46,95.0,96.9,98.5,75.9
2084,114.93,1,Void Salmon,80,mixed,325,0.1794,6,81.01,95.0,96.9,98.5,75.9
2085,85.96,1,Lionfish,50,smooth,323,0.1794,7,81.10,95.0,96.9,98.6,75.9
2086,49.48,1,Smallmouth Bass,28,mixed,333,0.1794,8,80.53,95.0,96.9,98.6,75.9
2087,78.10,1,Ghostfish,50,mixed,323,0.1794,9,80.65,95.0,96.9,98.6,75.9
2088,78.15,1,Walleye,45,smooth,323,0.1793,10,80.61,95.0,96.9,98.6,75.9
2089,26.70,1,Carp,15,mixed,333,0.1793,11,81.15,96.0,96.9,98.6,75.9
2090,92.70,1,Red Mullet,55,smooth,323,0.1793,12,82.36,97.0,96.9,98.6,75.9
2091,97.46,1,Blue Discus,60,dart,398,0.1793,13,82.53,97.0,96.9,98.6,75.9
2092,49.42,1,Smallmouth Bass,28,mixed,325,0.1793,14,82.07,97.0,96.9,98.6,75.9
2093,52.06,1,Anchovy,30,dart,323,0.1793,15,81.67,97.0,96.9,98.6,75.9
2094,69.83,1,Sea Cucumber,40,sinker,330,0.1792,16,81.35,97.0,96.9,98.6,75.9
2095,77.74,1,Walleye,45,smooth,330,0.1792,17,81.59,97.0,96.9,98.6,75.9
2096,136.57,1,Dorado,78,mixed,530,0.1792,18,81.83,97.0,96.9,98.6,76.0
2097,54.45,1,Sardine,30,dart,335,0.1792,19,81.60,97.0,96.9,98.6,76.0
2098,93.98,1,Stonefish,65,sinker,338,0.1792,20,81.32,97.0,96.9,98.6,76.0
2099,64.00,1,Sea Cucumber,40,sinker,328,0.1791,21,80.51,97.0,96.9,98.6,76.0
2100,141.81,1,Void Salmon,80,mixed,460,0.1791,22,81.49,97.0,96.9,98.6,76.1
2101,62.01,1,Chub,35,dart,333,0.1791,23,81.32,97.0,96.9,98.6,76.1
2102,69.86,1,Red Snapper,40,mixed,343,0.1791,24,81.49,97.0,96.9,98.6,76.1
2103,124.78,1,Stingray,80,sinker,415,0.1791,25,81.30,97.0,96.9,98.6,76.1
2104,91.02,1,Stonefish,65,sinker,318,0.1790,26,81.19,97.0,96.9,98.6,76.1
2105,51.85,1,Anchovy,30,dart,340,0.1790,27,79.94,97.0,96.9,98.6,76.1
2106,-23.43,0,Scorpion Carp,90,dart,380,0.1790,0,78.33,96.0,96.9,98.6,75.9
2107,92.53,1,Red Mullet,55,smooth,333,0.1790,1,78.65,96.0,96.9,98.6,75.9
2108,162.02,1,Super Cucumber,80,sinker,708,0.1790,2,78.38,96.0,96.9,98.6,76.0
2109,48.00,1,Herring,25,dart,343,0.1789,3,78.30,96.0,97.0,98.6,76.0
2110,55.34,1,Perch,35,dart,338,0.1789,4,78.06,96.0,97.0,98.6,76.0
2111,51.97,1,Sardine,30,dart,373,0.1789,5,78.79,97.0,97.0,98.6,76.0
2112,93.40,1,Pike,60,dart,320,0.1789,6,78.90,97.0,97.0,98.6,76.0
2113,84.76,1,Red Mullet,55,smooth,328,0.1789,7,79.28,97.0,97.0,98.6,76.0
2114,53.72,1,Anchovy,30,dart,323,0.1789,8,79.28,97.0,97.0,98.6,76.0
2115,81.10,1,Ghostfish,50,mixed,318,0.1788,9,79.17,97.0,97.0,98.6,76.0
2116,121.45,1,Super Cucumber,80,sinker,430,0.1788,10,79.85,97.0,97.0,98.6,76.1
2117,60.54,1,Perch,35,dart,323,0.1788,11,79.53,97.0,97.0,98.6,76.1
2118,52.54,1,Sunfish,30,mixed,328,0.1788,12,79.37,97.0,97.0,98.6,76.1
2119,93.99,1,Tiger Trout,60,dart,413,0.1788,13,79.21,97.0,97.0,98.6,76.1
2120,78.26,1,Bullhead,46,smooth,325,0.1787,14,79.13,97.0,97.0,98.6,76.1
2121,128.27,1,Stingray,80,sinker,443,0.1787,15,78.89,97.0,97.0,98.6,76.1
2122,66.49,1,Sea Cucumber,40,sinker,338,0.1787,16,78.05,97.0,97.0,98.6,76.1
2123,62.03,1,Bream,35,smooth,355,0.1787,17,77.91,97.0,97.0,98.6,76.1
2124,60.20,1,Chub,35,dart,323,0.1787,18,78.04,97.0,97.0,98.6,76.1
2125,97.93,1,Ghostfish,50,mixed,463,0.1786,19,77.90,97.0,97.0,98.6,76.1
2126,64.82,1,Red Snapper,40,mixed,323,0.1786,20,77.75,97.0,97.0,98.6,76.1
2127,82.22,1,Woodskip,50,mixed,318,0.1786,21,77.76,97.0,97.0,98.6,76.1
2128,104.15,1,Tuna,70,smooth,318,0.1786,22,78.25,97.0,97.0,98.6,76.1
2129,127.21,1,Super Cucumber,80,sinker,410,0.1786,23,78.39,97.0,97.0,98.6,76.2
2130,85.63,1,Blue Discus,60,dart,318,0.1785,24,78.44,97.0,97.0,98.6,76.2
2131,71.05,1,Red Snapper,40,mixed,373,0.1785,25,78.44,97.0,97.0,98.6,76.2
2132,-13.47,0,Herring,25,dart,190,0.1785,0,77.46,96.0,96.9,98.6,76.2
2133,122.77,1,Stingray,80,sinker,378,0.1785,1,78.14,96.0,96.9,98.6,76.3
2134,60.61,1,Perch,35,dart,325,0.1785,2,77.99,96.0,96.9,98.6,76.3
2135,53.90,1,Sunfish,30,mixed,325,0.1784,3,77.36,96.0,96.9,98.6,76.3
2136,86.42,1,Salmon,50,mixed,323,0.1784,4,76.99,96.0,96.9,98.6,76.3
2137,49.15,1,Anchovy,30,dart,323,0.1784,5,76.36,96.0,96.9,98.6,76.3
2138,52.69,1,Sardine,30,dart,323,0.1784,6,76.29,96.0,96.9,98.6,76.3
2139,96.90,1,Albacore,60,mixed,318,0.1784,7,76.46,96.0,96.9,98.6,76.3
2140,10.66,0,Scorpion Carp,90,dart,642,0.1783,0,76.09,96.0,96.9,98.6,76.0
2141,54.53,1,Sardine,30,dart,335,0.1783,1,75.70,96.0,96.9,98.6,76.0
2142,66.96,1,Red Snapper,40,mixed,333,0.1783,2,75.77,96.0,96.9,98.6,76.0
2143,83.80,1,Lionfish,50,smooth,338,0.1783,3,76.10,96.0,96.9,98.6,76.0
2144,51.42,1,Anchovy,30,dart,318,0.1783,4,75.65,96.0,96.9,98.6,76.0
2145,68.22,1,Red Snapper,40,mixed,328,0.1783,5,75.69,96.0,96.9,98.6,76.0
2146,60.28,1,Perch,35,dart,325,0.1782,6,75.69,96.0,96.9,98.6,76.0
2147,133.39,1,Sturgeon,78,mixed,445,0.1782,7,76.12,96.0,96.9,98.6,76.1
2148,84.95,1,Ghostfish,50,mixed,320,0.1782,8,76.43,96.0,96.9,98.6,76.1
2149,81.44,1,Tilapia,50,mixed,318,0.1782,9,76.01,96.0,96.9,98.6,76.1
2150,95.20,1,Sandfish,65,mixed,318,0.1782,10,75.80,96.0,96.9,98.6,76.1
2151,87.17,1,Tiger Trout,60,dart,313,0.1781,11,75.65,96.0,96.9,98.6,76.1
2152,128.13,1,Sturgeon,78,mixed,493,0.1781,12,76.33,96.0,96.9,98.6,76.2
2153,48.91,1,Sardine,30,dart,320,0.1781,13,76.01,96.0,96.9,98.6,76.2
2154,108.76,1,Sturgeon,78,mixed,353,0.1781,14,76.57,96.0,96.9,98.6,76.3
2155,79.18,1,Halibut,50,sinker,338,0.1781,15,76.57,96.0,96.9,98.6,76.3
2156,26.88,1,Carp,15,mixed,978,0.1780,16,76.29,96.0,96.9,98.6,76.3
2157,43.59,1,Herring,25,dart,373,0.1780,17,76.18,96.0,96.9,98.6,76.3
2158,81.10,1,Flounder,50,sinker,338,0.1780,18,76.32,96.0,96.9,98.6,76.3
2159,60.07,1,Bream,35,smooth,325,0.1780,19,76.34,96.0,96.9,98.6,76.3
2160,119.60,1,Catfish,75,mixed,315,0.1780,20,77.09,96.0,96.9,98.6,76.3
2161,59.27,1,Chub,35,dart,335,0.1779,21,76.91,96.0,96.9,98.6,76.3
2162,51.62,1,Anchovy,30,dart,320,0.1779,22,76.70,96.0,96.9,98.6,76.3
2163,75.39,1,Flounder,50,sinker,368,0.1779,23,76.66,96.0,96.9,98.6,76.3
2164,88.76,1,Largemouth Bass,50,mixed,395,0.1779,24,77.82,97.0,96.9,98.6,76.3
2165,51.98,1,Sunfish,30,mixed,338,0.1779,25,77.65,97.0,96.9,98.6,76.3
2166,49.03,1,Anchovy,30,dart,340,0.1778,26,77.72,97.0,96.9,98.6,76.3
2167,-16.32,0,Pufferfish,80,floater,840,0.1778,0,76.72,96.0,96.9,98.6,76.1
2168,106.76,1,Sandfish,65,mixed,323,0.1778,1,76.25,96.0,96.9,98.6,76.1
2169,52.57,1,Anchovy,30,dart,380,0.1778,2,76.12,96.0,96.9,98.6,76.1
2170,58.86,1,Perch,35,dart,343,0.1778,3,75.97,96.0,96.9,98.6,76.1
2171,74.50,1,Walleye,45,smooth,328,0.1777,4,75.32,96.0,96.9,98.6,76.1
2172,109.44,1,Sturgeon,78,mixed,323,0.1777,5,75.72,96.0,96.9,98.6,76.2
2173,60.46,1,Bream,35,smooth,325,0.1777,6,75.64,96.0,96.9,98.6,76.2
2174,76.94,1,Shad,45,smooth,325,0.1777,7,75.13,96.0,96.9,98.6,76.2
2175,78.68,1,Woodskip,50,mixed,325,0.1777,8,74.99,96.0,96.9,98.6,76.2
2176,78.84,1,Lionfish,50,smooth,330,0.1776,9,74.10,96.0,96.9,98.6,76.2
2177,87.44,1,Midnight Carp,55,mixed,325,0.1776,10,74.21,96.0,96.9,98.6,76.2
2178,26.53,1,Carp,15,mixed,1065,0.1776,11,74.55,97.0,96.9,98.6,76.2
2179,89.29,1,Midnight Carp,55,mixed,325,0.1776,12,74.63,97.0,96.9,98.6,76.2
2180,-28.74,0,Ice Pip,85,dart,307,0.1776,0,73.54,96.0,96.9,98.6,76.0
2181,65.33,1,Sea Cucumber,40,sinker,343,0.1775,1,73.50,96.0,97.0,98.6,76.0
2182,90.02,1,Pike,60,dart,330,0.1775,2,73.84,96.0,97.0,98.6,76.0
2183,77.62,1,Shad,45,smooth,333,0.1775,3,73.67,96.0,97.0,98.6,76.0
2184,49.42,1,Anchovy,30,dart,323,0.1775,4,73.01,96.0,97.0,98.6,76.0
2185,74.61,1,Rainbow Trout,45,mixed,340,0.1775,5,72.90,96.0,97.0,98.6,76.0
2186,60.62,1,Chub,35,dart,340,0.1774,6,73.01,96.0,97.0,98.6,76.0
2187,88.58,1,Midnight Carp,55,mixed,323,0.1774,7,73.11,96.0,97.0,98.6,76.0
2188,85.98,1,Goby,55,dart,358,0.1774,8,73.19,96.0,97.0,98.6,76.0
2189,49.73,1,Smallmouth Bass,28,mixed,358,0.1774,9,73.42,96.0,97.0,98.6,76.0
2190,72.44,1,Halibut,50,sinker,350,0.1774,10,73.22,96.0,97.0,98.6,76.0
2191,52.76,1,Smallmouth Bass,28,mixed,343,0.1773,11,72.77,96.0,97.0,98.6,76.0
2192,82.60,1,Flounder,50,sinker,455,0.1773,12,73.10,96.0,97.0,98.6,76.0
2193,45.41,1,Herring,25,dart,333,0.1773,13,73.04,96.0,97.0,98.6,76.0
2194,61.46,1,Perch,35,dart,358,0.1773,14,72.95,96.0,97.0,98.6,76.0
2195,53.21,1,Anchovy,30,dart,335,0.1773,15,72.71,96.0,97.0,98.6,76.0
2196,77.92,1,Rainbow Trout,45,mixed,330,0.1772,16,72.12,96.0,97.0,98.6,76.0
2197,80.49,1,Flounder,50,sinker,528,0.1772,17,72.38,96.0,97.0,98.6,76.0
2198,81.02,1,Woodskip,50,mixed,335,0.1772,18,72.25,96.0,97.0,98.6,76.0
2199,150.18,1,Super Cucumber,80,sinker,590,0.1772,19,73.11,96.0,97.0,98.6,76.0
2200,113.59,1,Void Salmon,80,mixed,325,0.1772,20,72.83,96.0,97.0,98.6,76.1
2201,114.92,1,Super Cucumber,80,sinker,368,0.1771,21,73.36,96.0,97.0,98.6,76.2
2202,82.52,1,Woodskip,50,mixed,333,0.1771,22,73.49,96.0,97.0,98.6,76.2
2203,125.18,1,Super Cucumber,80,sinker,408,0.1771,23,73.49,96.0,97.0,98.6,76.2
2204,69.55,1,Red Snapper,40,mixed,340,0.1771,24,73.28,96.0,97.0,98.6,76.2
2205,43.30,1,Herring,25,dart,325,0.1771,25,73.19,96.0,97.0,98.6,76.2
2206,77.87,1,Bullhead,46,smooth,335,0.1770,26,74.20,97.0,97.0,98.6,76.2
2207,83.01,1,Tiger Trout,60,dart,400,0.1770,27,74.11,97.0,97.0,98.6,76.2
2208,69.74,1,Red Snapper,40,mixed,335,0.1770,28,73.19,97.0,97.0,98.6,76.2
2209,81.19,1,Ghostfish,50,mixed,318,0.1770,29,73.52,97.0,97.0,98.6,76.2
2210,95.46,1,Albacore,60,mixed,315,0.1770,30,73.92,97.0,97.0,98.6,76.2
2211,66.06,1,Sea Cucumber,40,sinker,365,0.1769,31,74.06,97.0,97.0,98.6,76.2
2212,29.56,1,Carp,15,mixed,340,0.1769,32,73.42,97.0,97.0,98.6,76.2
2213,75.20,1,Shad,45,smooth,328,0.1769,33,73.33,97.0,97.0,98.7,76.2
2214,78.47,1,Rainbow Trout,45,mixed,328,0.1769,34,73.57,97.0,97.0,98.7,76.2
2215,97.78,1,Blue Discus,60,dart,415,0.1769,35,73.74,97.0,97.0,98.7,76.2
2216,74.11,1,Flounder,50,sinker,358,0.1768,36,73.27,97.0,97.0,98.7,76.2
2217,55.09,1,Anchovy,30,dart,325,0.1768,37,73.21,97.0,97.0,98.7,76.2
2218,80.88,1,Flounder,50,sinker,338,0.1768,38,73.50,97.0,97.0,98.7,76.2
2219,111.91,1,Eel,70,smooth,315,0.1768,39,73.68,97.0,97.0,98.7,76.2
2220,32.25,1,Carp,15,mixed,345,0.1768,40,73.22,97.0,97.0,98.7,76.2
2221,148.18,1,Stingray,80,sinker,530,0.1767,41,73.41,97.0,97.0,98.7,76.3
2222,32.14,1,Carp,15,mixed,345,0.1767,42,73.07,97.0,97.0,98.7,76.3
2223,119.44,1,Midnight Carp,55,mixed,683,0.1767,43,73.65,97.0,97.0,98.7,76.3
2224,44.83,1,Herring,25,dart,333,0.1767,44,73.49,97.0,97.0,98.7,76.3
2225,63.61,1,Bream,35,smooth,335,0.1767,45,73.15,97.0,97.0,98.7,76.3
2226,86.23,1,Goby,55,dart,370,0.1766,46,73.36,97.0,97.0,98.7,76.3
2227,98.30,1,Sandfish,65,mixed,308,0.1766,47,73.52,97.0,97.0,98.7,76.3
2228,59.52,1,Chub,35,dart,328,0.1766,48,73.08,97.0,97.0,98.7,76.3
2229,113.35,1,Eel,70,smooth,415,0.1766,49,72.94,97.0,97.0,98.7,76.3
2230,80.83,1,Woodskip,50,mixed,380,0.1766,50,72.89,97.0,97.0,98.7,76.3
2231,70.24,1,Red Snapper,40,mixed,335,0.1765,51,72.88,97.0,97.0,98.7,76.3
2232,89.40,1,Slimejack,55,dart,465,0.1765,52,73.91,98.0,97.0,98.7,76.3
2233,-43.12,0,Lingcod,85,mixed,207,0.1765,0,72.25,97.0,97.0,98.7,76.1
2234,85.34,1,Slimejack,55,dart,385,0.1765,1,72.50,97.0,97.0,98.7,76.1
2235,101.20,1,Blue Discus,60,dart,420,0.1765,2,72.97,97.0,97.0,98.7,76.1
2236,55.84,1,Sardine,30,dart,340,0.1764,3,72.67,97.0,97.0,98.7,76.1
2237,116.40,1,Tuna,70,smooth,318,0.1764,4,73.34,97.0,97.0,98.7,76.1
2238,46.78,1,Herring,25,dart,323,0.1764,5,73.28,97.0,97.0,98.7,76.1
2239,128.17,1,Octopus,95,sinker,540,0.1764,6,73.59,97.0,97.0,98.7,76.1
2240,133.53,1,Void Salmon,80,mixed,463,0.1764,7,74.82,97.0,97.0,98.7,76.2
2241,55.51,1,Anchovy,30,dart,330,0.1763,8,74.83,97.0,97.0,98.7,76.2
2242,55.22,1,Sardine,30,dart,340,0.1763,9,74.71,97.0,97.0,98.7,76.2
2243,91.35,1,Pike,60,dart,325,0.1763,10,74.79,97.0,97.0,98.7,76.2
2244,55.37,1,Sardine,30,dart,330,0.1763,11,74.83,97.0,97.0,98.7,76.2
2245,90.27,1,Blue Discus,60,dart,395,0.1763,12,75.05,97.0,97.0,98.7,76.2
2246,82.54,1,Halibut,50,sinker,335,0.1762,13,75.27,97.0,97.0,98.7,76.2
2247,52.13,1,Smallmouth Bass,28,mixed,333,0.1762,14,74.46,97.0,97.0,98.7,76.2
2248,95.04,1,Tiger Trout,60,dart,443,0.1762,15,74.56,97.0,97.0,98.7,76.2
2249,51.84,1,Anchovy,30,dart,328,0.1762,16,74.26,97.0,97.0,98.7,76.2
2250,64.33,1,Bream,35,smooth,340,0.1762,17,73.96,97.0,97.0,98.7,76.2
2251,52.52,1,Sunfish,30,mixed,333,0.1761,18,73.61,97.0,97.0,98.7,76.2
2252,70.50,1,Red Snapper,40,mixed,335,0.1761,19,73.03,97.0,97.0,98.7,76.2
2253,77.84,1,Halibut,50,sinker,340,0.1761,20,73.32,97.0,97.0,98.7,76.2
2254,-32.39,0,Lingcod,85,mixed,222,0.1761,0,71.91,96.0,97.0,98.7,76.0
2255,86.05,1,Salmon,50,mixed,330,0.1761,1,71.98,96.0,97.0,98.7,76.0
2256,85.71,1,Woodskip,50,mixed,343,0.1760,2,72.57,96.0,97.0,98.7,76.0
2257,126.59,1,Squid,75,sinker,420,0.1760,3,73.40,96.0,97.0,98.7,76.1
2258,116.85,1,Eel,70,smooth,318,0.1760,4,73.75,96.0,97.0,98.7,76.1
2259,30.84,1,Carp,15,mixed,343,0.1760,5,73.46,96.0,97.0,98.7,76.1
2260,42.42,0,Ice Pip,85,dart,982,0.1760,0,72.69,96.0,97.0,98.7,75.9
2261,75.42,1,Bullhead,46,smooth,340,0.1759,1,72.85,96.0,97.0,98.7,75.9
2262,93.90,1,Pike,60,dart,318,0.1759,2,73.27,96.0,97.0,98.7,75.9
2263,88.23,1,Salmon,50,mixed,423,0.1759,3,73.40,96.0,97.0,98.7,75.9
2264,42.99,1,Herring,25,dart,323,0.1759,4,72.95,96.0,97.0,98.7,75.9
2265,79.18,1,Bullhead,46,smooth,348,0.1759,5,73.22,96.0,97.0,98.7,75.9
2266,82.85,1,Lionfish,50,smooth,340,0.1758,6,73.56,96.0,97.0,98.7,75.9
2267,54.57,1,Sunfish,30,mixed,333,0.1758,7,74.26,97.0,97.0,98.7,75.9
2268,43.69,1,Herring,25,dart,325,0.1758,8,73.63,97.0,97.0,98.7,75.9
2269,52.79,1,Smallmouth Bass,28,mixed,335,0.1758,9,73.64,97.0,97.0,98.7,75.9
2270,54.79,1,Anchovy,30,dart,318,0.1758,10,73.60,97.0,97.0,98.7,75.9
2271,90.27,1,Slimejack,55,dart,400,0.1757,11,73.75,97.0,97.0,98.7,75.9
2272,113.09,1,Eel,70,smooth,320,0.1757,12,73.79,97.0,97.0,98.7,75.9
2273,62.86,1,Sea Cucumber,40,sinker,410,0.1757,13,73.81,97.0,97.0,98.7,75.9
2274,136.26,1,Octopus,95,sinker,360,0.1757,14,74.41,97.0,97.0,98.7,75.9
2275,78.10,1,Walleye,45,smooth,338,0.1757,15,74.40,97.0,97.0,98.7,75.9
2276,81.58,1,Lionfish,50,smooth,338,0.1756,16,74.43,97.0,97.0,98.7,75.9
2277,106.12,1,Tiger Trout,60,dart,588,0.1756,17,74.62,97.0,97.0,98.7,75.9
2278,129.74,1,Catfish,75,mixed,485,0.1756,18,75.65,97.0,97.0,98.7,76.0
2279,107.84,1,Eel,70,smooth,325,0.1756,19,75.83,97.0,97.0,98.7,76.0
2280,112.43,1,Dorado,78,mixed,415,0.1755,20,77.24,98.0,97.0,98.7,76.1
2281,71.08,1,Red Snapper,40,mixed,338,0.1755,21,77.30,98.0,97.0,98.7,76.1
2282,80.19,1,Salmon,50,mixed,328,0.1755,22,77.20,98.0,97.0,98.7,76.1
2283,47.60,1,Herring,25,dart,323,0.1755,23,76.90,98.0,97.1,98.7,76.1
2284,62.91,1,Bream,35,smooth,338,0.1755,24,77.04,98.0,97.1,98.7,76.1
2285,61.28,1,Bream,35,smooth,333,0.1754,25,76.91,98.0,97.1,98.7,76.1
2286,166.28,1,Lava Eel,90,mixed,565,0.1754,26,77.96,98.0,97.1,98.7,76.1
2287,44.56,1,Herring,25,dart,328,0.1754,27,77.52,98.0,97.1,98.7,76.1
2288,70.33,1,Red Snapper,40,mixed,318,0.1754,28,77.37,98.0,97.1,98.7,76.1
2289,64.47,1,Sea Cucumber,40,sinker,313,0.1754,29,77.51,98.0,97.1,98.7,76.1
2290,63.78,1,Red Snapper,40,mixed,333,0.1753,30,77.43,98.0,97.1,98.7,76.1
2291,64.35,1,Bream,35,smooth,335,0.1753,31,77.54,98.0,97.1,98.7,76.1
2292,63.66,1,Bream,35,smooth,328,0.1753,32,77.35,98.0,97.1,98.7,76.1
2293,85.58,1,Goby,55,dart,335,0.1753,33,77.75,98.0,97.1,98.7,76.1
2294,100.70,1,Stonefish,65,sinker,405,0.1753,34,78.15,98.0,97.1,98.7,76.1
2295,94.35,1,Stonefish,65,sinker,323,0.1752,35,78.56,98.0,97.1,98.7,76.1
2296,73.19,1,Walleye,45,smooth,343,0.1752,36,78.51,98.0,97.1,98.7,76.1
2297,56.16,1,Sunfish,30,mixed,335,0.1752,37,78.27,98.0,97.1,98.7,76.1
2298,56.20,1,Perch,35,dart,333,0.1752,38,78.02,98.0,97.1,98.7,76.1
2299,82.84,1,Midnight Carp,55,mixed,325,0.1752,39,77.35,98.0,97.1,98.7,76.1
2300,115.55,1,Tuna,70,smooth,323,0.1751,40,77.37,98.0,97.1,98.7,76.1
2301,32.62,1,Carp,15,mixed,358,0.1751,41,76.54,98.0,97.1,98.7,76.1
2302,34.61,0,Ice Pip,85,dart,704,0.1751,0,76.06,98.0,97.1,98.7,75.9
2303,-25.34,0,Lava Eel,90,mixed,402,0.1751,0,74.56,97.0,97.1,98.7,75.7
2304,66.94,1,Red Snapper,40,mixed,338,0.1751,1,74.53,97.0,97.1,98.7,75.7
2305,122.34,1,Squid,75,sinker,388,0.1750,2,75.32,97.0,97.1,98.7,75.8
2306,107.96,1,Tuna,70,smooth,360,0.1750,3,75.62,97.0,97.1,98.7,75.8
2307,-30.81,0,Lava Eel,90,mixed,230,0.1750,0,74.49,96.0,97.1,98.7,75.6
2308,68.90,1,Halibut,50,sinker,338,0.1750,1,74.48,96.0,97.1,98.7,75.6
2309,84.03,1,Salmon,50,mixed,328,0.1749,2,74.50,96.0,97.1,98.7,75.6
2310,49.88,1,Anchovy,30,dart,340,0.1749,3,74.05,96.0,97.1,98.7,75.6
2311,75.24,1,Rainbow Trout,45,mixed,328,0.1749,4,74.14,96.0,97.1,98.7,75.6
2312,90.11,1,Tiger Trout,60,dart,325,0.1749,5,74.75,96.0,97.1,98.7,75.6
2313,64.27,1,Bream,35,smooth,338,0.1749,6,74.64,96.0,97.1,98.7,75.6
2314,64.69,1,Sea Cucumber,40,sinker,353,0.1748,7,74.50,96.0,97.1,98.7,75.6
2315,53.35,1,Sardine,30,dart,325,0.1748,8,74.06,96.0,97.1,98.7,75.6
2316,85.58,1,Largemouth Bass,50,mixed,335,0.1748,9,74.17,96.0,97.1,98.7,75.6
2317,68.07,1,Red Snapper,40,mixed,330,0.1748,10,74.30,96.0,97.1,98.7,75.6
2318,95.99,1,Stonefish,65,sinker,370,0.1748,11,74.45,96.0,97.1,98.7,75.6
2319,85.69,1,Goby,55,dart,333,0.1747,12,74.19,96.0,97.1,98.7,75.6
2320,-35.18,0,Scorpion Carp,90,dart,254,0.1747,0,73.51,95.0,97.1,98.7,75.3
2321,53.54,0,Pufferfish,80,floater,1040,0.1747,0,72.57,95.0,97.1,98.7,75.1
2322,53.98,1,Anchovy,30,dart,340,0.1747,1,72.79,95.0,97.1,98.7,75.1
2323,-6.00,0,Lava Eel,90,mixed,487,0.1747,0,71.53,94.0,97.1,98.7,74.9
2324,79.29,1,Flounder,50,sinker,393,0.1746,1,71.88,94.0,97.1,98.7,74.9
2325,52.20,1,Smallmouth Bass,28,mixed,333,0.1746,2,71.76,94.0,97.1,98.7,74.9
2326,90.09,1,Pike,60,dart,335,0.1746,3,71.80,94.0,97.1,98.7,74.9
2327,91.53,1,Tiger Trout,60,dart,343,0.1746,4,71.73,94.0,97.1,98.7,74.9
2328,140.85,1,Sturgeon,78,mixed,558,0.1746,5,72.55,94.0,97.1,98.7,75.0
2329,88.01,1,Ghostfish,50,mixed,343,0.1745,6,72.29,94.0,97.1,98.7,75.0
2330,90.19,1,Slimejack,55,dart,315,0.1745,7,72.39,94.0,97.1,98.7,75.0
2331,53.76,1,Anchovy,30,dart,333,0.1745,8,72.22,94.0,97.1,98.7,75.0
2332,99.31,1,Sturgeon,78,mixed,313,0.1745,9,72.32,94.0,97.1,98.7,75.1
2333,85.48,1,Sandfish,65,mixed,318,0.1744,10,73.61,95.0,97.1,98.7,75.1
2334,62.74,1,Sea Cucumber,40,sinker,340,0.1744,11,73.38,95.0,97.1,98.7,75.1
2335,62.51,1,Perch,35,dart,325,0.1744,12,72.99,95.0,97.1,98.7,75.1
2336,54.62,1,Sunfish,30,mixed,340,0.1744,13,72.98,95.0,97.1,98.7,75.1
2337,65.12,1,Sea Cucumber,40,sinker,350,0.1744,14,72.47,95.0,97.1,98.7,75.1
2338,58.19,1,Chub,35,dart,328,0.1743,15,72.58,95.0,97.1,98.7,75.1
2339,51.56,1,Sardine,30,dart,325,0.1743,16,71.82,95.0,97.1,98.7,75.1
2340,116.01,1,Squid,75,sinker,435,0.1743,17,71.64,95.0,97.1,98.7,75.1
2341,79.94,1,Tilapia,50,mixed,340,0.1743,18,71.89,95.0,97.1,98.7,75.1
2342,62.08,1,Bream,35,smooth,328,0.1743,19,71.95,95.0,97.1,98.7,75.1
2343,53.39,1,Anchovy,30,dart,330,0.1742,20,71.58,95.0,97.1,98.7,75.1
2344,86.85,1,Woodskip,50,mixed,333,0.1742,21,71.89,95.0,97.1,98.7,75.1
2345,93.48,1,Blue Discus,60,dart,378,0.1742,22,71.92,95.0,97.1,98.7,75.1
2346,102.95,1,Super Cucumber,80,sinker,410,0.1742,23,72.13,95.0,97.1,98.7,75.2
2347,116.50,1,Catfish,75,mixed,365,0.1742,24,72.77,95.0,97.1,98.7,75.3
2348,67.24,1,Red Snapper,40,mixed,343,0.1741,25,72.49,95.0,97.1,98.7,75.3
2349,63.64,1,Sea Cucumber,40,sinker,348,0.1741,26,72.61,95.0,97.1,98.7,75.3
2350,62.32,1,Perch,35,dart,335,0.1741,27,72.59,95.0,97.1,98.7,75.3
2351,72.08,1,Red Snapper,40,mixed,343,0.1741,28,72.79,95.0,97.1,98.7,75.3
2352,56.43,1,Sunfish,30,mixed,343,0.1741,29,72.64,95.0,97.1,98.7,75.3
2353,104.75,1,Catfish,75,mixed,328,0.1740,30,72.91,95.0,97.1,98.7,75.3
2354,115.57,1,Sandfish,65,mixed,488,0.1740,31,74.39,96.0,97.1,98.7,75.3
2355,116.12,1,Lava Eel,90,mixed,308,0.1740,32,74.69,96.0,97.1,98.7,75.4
2356,54.38,1,Anchovy,30,dart,328,0.1740,33,74.38,96.0,97.1,98.7,75.4
2357,51.28,1,Anchovy,30,dart,340,0.1739,34,73.63,96.0,97.1,98.7,75.4
2358,65.66,1,Sea Cucumber,40,sinker,348,0.1739,35,73.12,96.0,97.1,98.7,75.4
2359,59.24,1,Perch,35,dart,323,0.1739,36,73.40,96.0,97.1,98.7,75.4
2360,53.09,1,Sardine,30,dart,323,0.1739,37,73.51,96.0,97.1,98.7,75.4
2361,110.49,1,Catfish,75,mixed,325,0.1739,38,73.86,96.0,97.1,98.7,75.5
2362,60.86,1,Sea Cucumber,40,sinker,335,0.1738,39,73.53,96.0,97.1,98.7,75.5
2363,65.62,0,Scorpion Carp,90,dart,1017,0.1738,0,73.30,96.0,97.1,98.7,75.3
2364,45.37,1,Herring,25,dart,330,0.1738,1,73.32,96.0,97.2,98.7,75.3
2365,57.52,1,Chub,35,dart,320,0.1738,2,73.11,96.0,97.2,98.7,75.3
2366,87.29,1,Woodskip,50,mixed,345,0.1738,3,73.15,96.0,97.2,98.8,75.3
2367,45.53,1,Herring,25,dart,330,0.1737,4,73.06,96.0,97.2,98.8,75.3
2368,116.97,1,Squid,75,sinker,368,0.1737,5,73.79,96.0,97.2,98.8,75.3
2369,59.73,1,Sea Cucumber,40,sinker,333,0.1737,6,73.86,96.0,97.2,98.8,75.3
2370,81.78,1,Largemouth Bass,50,mixed,340,0.1737,7,74.13,96.0,97.2,98.8,75.3
2371,66.38,1,Chub,35,dart,480,0.1736,8,73.90,96.0,97.2,98.8,75.3
2372,37.06,0,Scorpion Carp,90,dart,1094,0.1736,0,73.13,96.0,97.2,98.8,75.1
2373,125.56,1,Void Salmon,80,mixed,485,0.1736,1,73.76,96.0,97.2,98.8,75.2
2374,61.78,1,Chub,35,dart,340,0.1736,2,73.02,96.0,97.2,98.8,75.2
2375,68.61,1,Red Snapper,40,mixed,318,0.1736,3,72.92,96.0,97.2,98.8,75.2
2376,45.55,1,Herring,25,dart,343,0.1735,4,72.56,96.0,97.2,98.8,75.2
2377,120.70,1,Lingcod,85,mixed,315,0.1735,5,72.71,96.0,97.2,98.8,75.3
2378,79.43,1,Goby,55,dart,338,0.1735,6,72.20,96.0,97.2,98.8,75.3
2379,-3.80,0,Ice Pip,85,dart,500,0.1735,0,71.09,95.0,97.2,98.8,75.1
2380,77.03,1,Slimejack,55,dart,390,0.1735,1,70.73,95.0,97.2,98.8,75.1
2381,60.19,1,Chub,35,dart,333,0.1734,2,70.63,95.0,97.2,98.8,75.1
2382,-21.17,0,Ice Pip,85,dart,327,0.1734,0,69.61,94.0,97.2,98.8,74.9
2383,31.81,1,Carp,15,mixed,345,0.1734,1,69.45,94.0,97.2,98.8,74.9
2384,45.57,1,Herring,25,dart,353,0.1734,2,69.28,94.0,97.2,98.8,74.9
2385,94.85,1,Blue Discus,60,dart,388,0.1734,3,69.62,94.0,97.2,98.8,74.9
2386,46.63,1,Smallmouth Bass,28,mixed,345,0.1733,4,68.42,94.0,97.2,98.8,74.9
2387,79.44,1,Woodskip,50,mixed,323,0.1733,5,68.77,94.0,97.2,98.8,74.9
2388,-27.04,0,Ice Pip,85,dart,282,0.1733,0,67.79,93.0,97.2,98.8,74.7
2389,85.09,1,Woodskip,50,mixed,343,0.1733,1,68.00,93.0,97.2,98.8,74.7
2390,51.17,1,Anchovy,30,dart,348,0.1732,2,67.87,93.0,97.2,98.8,74.7
2391,126.59,1,Dorado,78,mixed,493,0.1732,3,68.50,93.0,97.2,98.8,74.7
2392,109.17,1,Sandfish,65,mixed,465,0.1732,4,68.95,93.0,97.2,98.8,74.7
2393,60.57,1,Perch,35,dart,335,0.1732,5,68.70,93.0,97.2,98.8,74.7
2394,100.42,1,Blue Discus,60,dart,428,0.1732,6,68.70,93.0,97.2,98.8,74.7
2395,30.79,1,Carp,15,mixed,348,0.1731,7,68.06,93.0,97.2,98.8,74.7
2396,82.18,1,Salmon,50,mixed,333,0.1731,8,68.15,93.0,97.2,98.8,74.7
2397,87.44,1,Tilapia,50,mixed,348,0.1731,9,68.47,93.0,97.2,98.8,74.7
2398,59.71,1,Perch,35,dart,320,0.1731,10,68.50,93.0,97.2,98.8,74.7
2399,106.78,1,Catfish,75,mixed,338,0.1731,11,68.74,93.0,97.2,98.8,74.8
2400,87.07,1,Pike,60,dart,330,0.1730,12,68.46,93.0,97.2,98.8,74.8
2401,55.24,1,Sunfish,30,mixed,325,0.1730,13,68.68,93.0,97.2,98.8,74.8
2402,117.04,1,Super Cucumber,80,sinker,330,0.1730,14,69.51,93.0,97.2,98.8,74.9
2403,120.66,1,Squid,75,sinker,455,0.1730,15,70.97,94.0,97.2,98.8,74.9
2404,84.27,1,Largemouth Bass,50,mixed,333,0.1729,16,71.14,94.0,97.2,98.8,74.9
2405,102.16,1,Pufferfish,80,floater,468,0.1729,17,70.94,94.0,97.2,98.8,75.0
2406,60.19,1,Chub,35,dart,335,0.1729,18,70.46,94.0,97.2,98.8,75.0
2407,81.53,1,Salmon,50,mixed,363,0.1729,19,71.58,95.0,97.2,98.8,75.0
2408,31.85,1,Carp,15,mixed,345,0.1729,20,71.21,95.0,97.2,98.8,75.0
2409,79.12,1,Flounder,50,sinker,350,0.1728,21,71.16,95.0,97.2,98.8,75.0
2410,32.30,1,Carp,15,mixed,345,0.1728,22,70.99,95.0,97.2,98.8,75.0
2411,74.76,1,Walleye,45,smooth,328,0.1728,23,70.98,95.0,97.2,98.8,75.0
2412,97.15,1,Stonefish,65,sinker,425,0.1728,24,71.05,95.0,97.2,98.8,75.0
2413,66.14,1,Sea Cucumber,40,sinker,330,0.1728,25,71.07,95.0,97.2,98.8,75.0
2414,-39.50,0,Pufferfish,80,floater,192,0.1727,0,70.03,94.0,97.2,98.8,74.8
2415,82.14,1,Largemouth Bass,50,mixed,318,0.1727,1,70.32,94.0,97.2,98.8,74.8
2416,62.79,1,Bream,35,smooth,335,0.1727,2,70.09,94.0,97.2,98.8,74.8
2417,75.28,1,Walleye,45,smooth,325,0.1727,3,70.16,94.0,97.2,98.8,74.8
2418,-10.09,0,Scorpion Carp,90,dart,462,0.1726,0,69.10,93.0,97.2,98.8,74.6
2419,-30.22,0,Ice Pip,85,dart,257,0.1726,0,67.94,92.0,97.2,98.8,74.4
2420,56.23,1,Sunfish,30,mixed,335,0.1726,1,68.86,93.0,97.2,98.8,74.4
2421,100.08,1,Stonefish,65,sinker,358,0.1726,2,69.32,93.0,97.2,98.8,74.4
2422,55.34,1,Sunfish,30,mixed,338,0.1726,3,69.34,93.0,97.2,98.8,74.4
2423,69.59,1,Red Snapper,40,mixed,330,0.1725,4,70.09,94.0,97.2,98.8,74.4
2424,117.26,1,Albacore,60,mixed,578,0.1725,5,70.47,94.0,97.2,98.8,74.4
2425,108.42,1,Tuna,70,smooth,335,0.1725,6,71.03,94.0,97.2,98.8,74.4
2426,30.35,1,Carp,15,mixed,358,0.1725,7,70.44,94.0,97.2,98.8,74.4
2427,75.49,1,Shad,45,smooth,325,0.1725,8,70.28,94.0,97.2,98.8,74.4
2428,61.60,1,Bream,35,smooth,330,0.1724,9,69.48,94.0,97.2,98.8,74.4
2429,88.21,1,Woodskip,50,mixed,415,0.1724,10,69.49,94.0,97.2,98.8,74.4
2430,76.31,1,Flounder,50,sinker,330,0.1724,11,69.35,94.0,97.2,98.8,74.4
2431,108.49,1,Sandfish,65,mixed,358,0.1724,12,69.89,94.0,97.2,98.8,74.4
2432,71.59,1,Bullhead,46,smooth,325,0.1723,13,69.62,94.0,97.2,98.8,74.4
2433,106.15,1,Sandfish,65,mixed,503,0.1723,14,69.82,94.0,97.2,98.8,74.4
2434,83.64,1,Ghostfish,50,mixed,333,0.1723,15,70.03,94.0,97.2,98.8,74.4
2435,54.90,1,Anchovy,30,dart,333,0.1723,16,69.96,94.0,97.2,98.8,74.4
2436,46.32,1,Smallmouth Bass,28,mixed,328,0.1723,17,69.87,94.0,97.2,98.8,74.4
2437,116.55,1,Tuna,70,smooth,323,0.1722,18,70.39,94.0,97.2,98.8,74.4
2438,84.14,1,Salmon,50,mixed,328,0.1722,19,70.65,94.0,97.2,98.8,74.4
2439,60.79,1,Chub,35,dart,323,0.1722,20,70.74,94.0,97.2,98.8,74.4
2440,61.02,1,Perch,35,dart,345,0.1722,21,70.19,94.0,97.2,98.8,74.4
2441,85.53,1,Woodskip,50,mixed,310,0.1721,22,70.25,94.0,97.2,98.8,74.4
2442,89.46,1,Slimejack,55,dart,325,0.1721,23,70.52,94.0,97.2,98.8,74.4
2443,88.02,1,Tilapia,50,mixed,333,0.1721,24,70.87,94.0,97.2,98.8,74.4
2444,87.97,1,Tilapia,50,mixed,338,0.1721,25,70.88,94.0,97.2,98.8,74.4
2445,105.94,1,Stonefish,65,sinker,323,0.1721,26,71.00,94.0,97.2,98.8,74.4
2446,94.58,1,Pike,60,dart,408,0.1720,27,70.92,94.0,97.2,98.8,74.4
2447,63.25,1,Bream,35,smooth,328,0.1720,28,70.39,94.0,97.2,98.8,74.4
2448,124.80,1,Lingcod,85,mixed,385,0.1720,29,70.96,94.0,97.2,98.8,74.5
2449,-35.66,0,Pufferfish,80,floater,167,0.1720,0,69.97,93.0,97.2,98.8,74.3
2450,50.27,1,Sunfish,30,mixed,323,0.1720,1,69.85,93.0,97.2,98.8,74.3
2451,66.88,1,Sea Cucumber,40,sinker,343,0.1719,2,69.80,93.0,97.2,98.8,74.3
2452,63.65,1,Bream,35,smooth,325,0.1719,3,69.87,93.0,97.2,98.8,74.3
2453,81.23,1,Salmon,50,mixed,328,0.1719,4,69.63,93.0,97.2,98.8,74.3
2454,71.68,1,Red Snapper,40,mixed,335,0.1719,5,69.19,93.0,97.2,98.8,74.3
2455,55.79,1,Sunfish,30,mixed,340,0.1718,6,68.59,93.0,97.2,98.8,74.3
2456,96.22,1,Albacore,60,mixed,328,0.1718,7,69.01,93.0,97.2,98.8,74.3
2457,56.19,1,Sunfish,30,mixed,343,0.1718,8,69.06,93.0,97.2,98.8,74.3
2458,87.00,1,Woodskip,50,mixed,328,0.1718,9,69.27,93.0,97.2,98.8,74.3
2459,51.66,1,Smallmouth Bass,28,mixed,340,0.1718,10,69.20,93.0,97.2,98.8,74.3
2460,52.85,1,Smallmouth Bass,28,mixed,338,0.1717,11,69.19,93.0,97.2,98.8,74.3
2461,106.17,1,Eel,70,smooth,343,0.1717,12,69.15,93.0,97.2,98.8,74.3
2462,50.29,1,Sunfish,30,mixed,335,0.1717,13,69.04,93.0,97.2,98.8,74.3
2463,98.99,1,Albacore,60,mixed,323,0.1717,14,69.38,93.0,97.2,98.8,74.3
2464,143.33,1,Lava Eel,90,mixed,543,0.1716,15,70.36,93.0,97.2,98.8,74.4
2465,62.89,1,Bream,35,smooth,320,0.1716,16,70.41,93.0,97.2,98.8,74.4
2466,84.24,1,Tilapia,50,mixed,328,0.1716,17,70.38,93.0,97.2,98.8,74.4
2467,53.45,1,Sunfish,30,mixed,330,0.1716,18,70.46,93.0,97.2,98.8,74.4
2468,69.65,1,Red Snapper,40,mixed,325,0.1716,19,69.99,93.0,97.2,98.8,74.4
2469,90.60,1,Midnight Carp,55,mixed,325,0.1715,20,70.30,93.0,97.2,98.8,74.4
2470,86.54,1,Midnight Carp,55,mixed,388,0.1715,21,70.34,93.0,97.2,98.8,74.4
2471,134.65,1,Super Cucumber,80,sinker,413,0.1715,22,71.03,93.0,97.2,98.8,74.4
2472,152.38,1,Sturgeon,78,mixed,595,0.1715,23,72.18,93.0,97.2,98.8,74.5
2473,70.54,1,Red Snapper,40,mixed,328,0.1715,24,71.63,93.0,97.3,98.8,74.5
2474,53.47,1,Sardine,30,dart,320,0.1714,25,71.55,93.0,97.3,98.8,74.5
2475,75.02,1,Shad,45,smooth,323,0.1714,26,71.61,93.0,97.3,98.8,74.5
2476,116.84,1,Sturgeon,78,mixed,413,0.1714,27,72.32,93.0,97.3,98.8,74.6
2477,59.53,1,Chub,35,dart,325,0.1714,28,71.71,93.0,97.3,98.8,74.6
2478,-20.71,0,Ice Pip,85,dart,327,0.1713,0,70.71,92.0,97.3,98.8,74.4
2479,89.77,1,Red Mullet,55,smooth,323,0.1713,1,71.65,93.0,97.3,98.8,74.4
2480,84.10,1,Ghostfish,50,mixed,328,0.1713,2,71.72,93.0,97.3,98.8,74.4
2481,59.56,1,Chub,35,dart,338,0.1713,3,71.71,93.0,97.3,98.8,74.4
2482,81.26,1,Flounder,50,sinker,323,0.1713,4,72.73,94.0,97.3,98.8,74.4
2483,101.31,1,Stonefish,65,sinker,500,0.1712,5,73.43,94.0,97.3,98.8,74.4
2484,107.87,1,Stonefish,65,sinker,408,0.1712,6,74.05,94.0,97.3,98.8,74.4
2485,91.07,1,Stonefish,65,sinker,335,0.1712,7,74.01,94.0,97.3,98.8,74.4
2486,29.40,0,Ice Pip,85,dart,947,0.1712,0,73.84,94.0,97.3,98.8,74.2
2487,83.84,1,Largemouth Bass,50,mixed,325,0.1711,1,73.89,94.0,97.3,98.8,74.2
2488,156.41,1,Lingcod,85,mixed,490,0.1711,2,75.72,95.0,97.3,98.8,74.2
2489,60.46,1,Perch,35,dart,328,0.1711,3,75.47,95.0,97.3,98.8,74.2
2490,92.49,1,Red Mullet,55,smooth,325,0.1711,4,75.89,95.0,97.3,98.8,74.2
2491,99.82,1,Albacore,60,mixed,328,0.1711,5,75.62,95.0,97.3,98.8,74.2
2492,72.65,1,Shad,45,smooth,320,0.1710,6,75.25,95.0,97.3,98.8,74.2
2493,64.69,1,Red Snapper,40,mixed,325,0.1710,7,75.30,95.0,97.3,98.8,74.2
2494,-36.92,0,Lava Eel,90,mixed,167,0.1710,0,73.92,94.0,97.3,98.8,74.1
2495,89.02,1,Pike,60,dart,383,0.1710,1,74.50,94.0,97.3,98.8,74.1
2496,80.50,1,Halibut,50,sinker,333,0.1709,2,74.49,94.0,97.3,98.8,74.1
2497,125.91,1,Super Cucumber,80,sinker,420,0.1709,3,74.87,94.0,97.3,98.8,74.1
2498,32.62,1,Carp,15,mixed,358,0.1709,4,74.60,94.0,97.3,98.8,74.1
2499,73.14,1,Largemouth Bass,50,mixed,333,0.1709,5,74.27,94.0,97.3,98.8,74.1
2500,95.35,1,Slimejack,55,dart,525,0.1709,6,74.35,94.0,97.3,98.8,74.1
2501,91.97,1,Slimejack,55,dart,520,0.1708,7,74.72,94.0,97.3,98.8,74.1
2502,47.14,1,Herring,25,dart,330,0.1708,8,74.02,94.0,97.3,98.8,74.1
2503,128.64,1,Pufferfish,80,floater,873,0.1708,9,74.10,94.0,97.3,98.8,74.2
2504,94.04,1,Pike,60,dart,445,0.1708,10,74.19,94.0,97.3,98.8,74.2
2505,78.60,1,Bullhead,46,smooth,323,0.1707,11,73.96,94.0,97.3,98.8,74.2
2506,60.33,1,Chub,35,dart,320,0.1707,12,73.96,94.0,97.3,98.8,74.2
2507,110.19,1,Eel,70,smooth,325,0.1707,13,74.25,94.0,97.3,98.8,74.2
2508,77.21,1,Bullhead,46,smooth,325,0.1707,14,74.70,94.0,97.3,98.8,74.2
2509,38.22,0,Ice Pip,85,dart,882,0.1707,0,74.29,94.0,97.3,98.8,74.0
2510,85.20,1,Slimejack,55,dart,338,0.1706,1,74.82,94.0,97.3,98.8,74.0
2511,53.75,1,Anchovy,30,dart,323,0.1706,2,74.61,94.0,97.3,98.8,74.0
2512,49.45,1,Smallmouth Bass,28,mixed,330,0.1706,3,74.13,94.0,97.3,98.8,74.0
2513,130.22,1,Sturgeon,78,mixed,430,0.1706,4,74.77,94.0,97.3,98.8,74.1
2514,-18.23,0,Pufferfish,80,floater,320,0.1705,0,74.99,94.0,97.3,98.8,73.9
2515,68.29,1,Red Snapper,40,mixed,330,0.1705,1,74.85,94.0,97.3,98.8,73.9
2516,11.72,0,Scorpion Carp,90,dart,609,0.1705,0,74.34,94.0,97.3,98.8,73.7
2517,108.20,1,Eel,70,smooth,320,0.1705,1,74.67,94.0,97.3,98.8,73.7
2518,130.40,1,Void Salmon,80,mixed,328,0.1705,2,76.07,95.0,97.3,98.8,73.8
2519,33.02,1,Carp,15,mixed,363,0.1704,3,76.70,96.0,97.3,98.8,73.8
2520,60.17,1,Perch,35,dart,328,0.1704,4,76.74,96.0,97.3,98.8,73.8
2521,135.09,1,Catfish,75,mixed,668,0.1704,5,77.09,96.0,97.3,98.8,73.8
2522,83.22,1,Goby,55,dart,380,0.1704,6,77.37,96.0,97.3,98.8,73.8
2523,92.28,1,Pike,60,dart,320,0.1703,7,77.60,96.0,97.3,98.8,73.8
2524,91.30,1,Midnight Carp,55,mixed,328,0.1703,8,77.34,96.0,97.3,98.8,73.8
2525,86.84,1,Lionfish,50,smooth,328,0.1703,9,77.12,96.0,97.3,98.9,73.8
2526,85.22,1,Salmon,50,mixed,328,0.1703,10,77.67,96.0,97.3,98.9,73.8
2527,110.44,1,Tuna,70,smooth,318,0.1703,11,78.02,96.0,97.3,98.9,73.8
2528,63.30,1,Perch,35,dart,333,0.1702,12,78.04,96.0,97.3,98.9,73.8
2529,142.11,1,Lava Eel,90,mixed,468,0.1702,13,78.58,96.0,97.3,98.9,73.9
2530,85.63,1,Tilapia,50,mixed,333,0.1702,14,78.67,96.0,97.3,98.9,73.9
2531,53.25,1,Sardine,30,dart,355,0.1702,15,78.12,96.0,97.3,98.9,73.9
2532,73.89,1,Walleye,45,smooth,330,0.1701,16,78.14,96.0,97.3,98.9,73.9
2533,133.28,1,Stingray,80,sinker,535,0.1701,17,78.41,96.0,97.3,98.9,74.0
2534,82.30,1,Halibut,50,sinker,355,0.1701,18,78.40,96.0,97.3,98.9,74.0
2535,54.87,1,Sunfish,30,mixed,343,0.1701,19,78.40,96.0,97.3,98.9,74.0
2536,-33.98,0,Pufferfish,80,floater,202,0.1701,0,77.60,95.0,97.3,98.9,73.8
2537,95.67,1,Stonefish,65,sinker,318,0.1700,1,77.39,95.0,97.3,98.9,73.8
2538,140.16,1,Catfish,75,mixed,580,0.1700,2,77.95,95.0,97.3,98.9,73.8
2539,30.86,1,Carp,15,mixed,343,0.1700,3,77.65,95.0,97.3,98.9,73.8
2540,67.04,1,Red Snapper,40,mixed,345,0.1700,4,77.71,95.0,97.3,98.9,73.8
2541,68.39,1,Sea Cucumber,40,sinker,348,0.1699,5,77.54,95.0,97.3,98.9,73.8
2542,-30.53,0,Lava Eel,90,mixed,250,0.1699,0,76.34,94.0,97.3,98.9,73.7
2543,67.39,1,Red Snapper,40,mixed,343,0.1699,1,76.13,94.0,97.3,98.9,73.7
2544,113.17,1,Pufferfish,80,floater,648,0.1699,2,76.38,94.0,97.3,98.9,73.7
2545,77.49,1,Bullhead,46,smooth,325,0.1699,3,76.10,94.0,97.3,98.9,73.7
2546,65.72,1,Red Snapper,40,mixed,325,0.1698,4,75.81,94.0,97.3,98.9,73.7
2547,51.20,1,Anchovy,30,dart,328,0.1698,5,75.69,94.0,97.3,98.9,73.7
2548,123.93,1,Lingcod,85,mixed,323,0.1698,6,75.68,94.0,97.3,98.9,73.8
2549,90.05,1,Blue Discus,60,dart,410,0.1698,7,76.94,95.0,97.3,98.9,73.8
2550,125.70,1,Super Cucumber,80,sinker,445,0.1697,8,77.69,95.0,97.3,98.9,73.8
2551,100.86,1,Sandfish,65,mixed,355,0.1697,9,78.03,95.0,97.3,98.9,73.8
2552,121.20,1,Stingray,80,sinker,313,0.1697,10,78.61,95.0,97.3,98.9,73.9
2553,128.35,1,Stingray,80,sinker,503,0.1697,11,79.08,95.0,97.3,98.9,74.0
2554,81.65,1,Goby,55,dart,330,0.1697,12,79.18,95.0,97.3,98.9,74.0
2555,97.76,1,Stonefish,65,sinker,305,0.1696,13,79.60,95.0,97.3,98.9,74.0
2556,116.52,1,Catfish,75,mixed,323,0.1696,14,79.80,95.0,97.3,98.9,74.0
2557,52.57,1,Smallmouth Bass,28,mixed,363,0.1696,15,79.76,95.0,97.3,98.9,74.0
2558,62.20,1,Bream,35,smooth,348,0.1696,16,79.52,95.0,97.3,98.9,74.0
2559,52.85,1,Sardine,30,dart,335,0.1695,17,79.53,95.0,97.3,98.9,74.0
2560,58.98,1,Perch,35,dart,325,0.1695,18,79.59,95.0,97.3,98.9,74.0
2561,58.34,1,Perch,35,dart,335,0.1695,19,79.11,95.0,97.3,98.9,74.0
2562,90.05,1,Pike,60,dart,325,0.1695,20,79.51,95.0,97.3,98.9,74.0
2563,96.38,1,Goby,55,dart,460,0.1695,21,79.48,95.0,97.3,98.9,74.0
2564,109.74,1,Goby,55,dart,685,0.1694,22,79.15,95.0,97.3,98.9,74.0
2565,45.99,1,Herring,25,dart,325,0.1694,23,78.98,95.0,97.3,98.9,74.0
2566,74.87,1,Bullhead,46,smooth,323,0.1694,24,78.88,95.0,97.3,98.9,74.0
2567,26.13,1,Carp,15,mixed,338,0.1694,25,78.61,95.0,97.3,98.9,74.0
2568,60.39,1,Chub,35,dart,323,0.1693,26,78.52,95.0,97.3,98.9,74.0
2569,-34.89,0,Ice Pip,85,dart,207,0.1693,0,77.26,94.0,97.3,98.9,73.9
2570,76.81,1,Bullhead,46,smooth,328,0.1693,1,77.17,94.0,97.3,98.9,73.9
2571,89.03,1,Slimejack,55,dart,323,0.1693,2,76.71,94.0,97.3,98.9,73.9
2572,52.34,1,Anchovy,30,dart,325,0.1692,3,75.71,94.0,97.3,98.9,73.9
2573,52.72,1,Anchovy,30,dart,330,0.1692,4,75.53,94.0,97.3,98.9,73.9
2574,133.74,1,Lava Eel,90,mixed,410,0.1692,5,76.33,94.0,97.3,98.9,73.9
2575,56.55,1,Perch,35,dart,318,0.1692,6,76.15,94.0,97.3,98.9,73.9
2576,78.76,1,Halibut,50,sinker,320,0.1692,7,75.77,94.0,97.3,98.9,73.9
2577,104.85,1,Sandfish,65,mixed,315,0.1691,8,76.22,94.0,97.3,98.9,73.9
2578,77.24,1,Salmon,50,mixed,343,0.1691,9,77.20,95.0,97.3,98.9,73.9
2579,130.90,1,Super Cucumber,80,sinker,408,0.1691,10,77.61,95.0,97.3,98.9,74.0
2580,75.97,1,Walleye,45,smooth,353,0.1691,11,77.53,95.0,97.3,98.9,74.0
2581,90.04,1,Red Mullet,55,smooth,318,0.1690,12,77.84,95.0,97.3,98.9,74.0
2582,91.29,1,Pike,60,dart,330,0.1690,13,77.94,95.0,97.3,98.9,74.0
2583,59.44,1,Perch,35,dart,320,0.1690,14,77.52,95.0,97.3,98.9,74.0
2584,126.19,1,Stingray,80,sinker,820,0.1690,15,77.70,95.0,97.3,98.9,74.0
2585,117.62,1,Sandfish,65,mixed,475,0.1690,16,77.97,95.0,97.3,98.9,74.0
2586,51.75,1,Sunfish,30,mixed,320,0.1689,17,78.19,95.0,97.3,98.9,74.0
2587,94.70,1,Blue Discus,60,dart,333,0.1689,18,78.30,95.0,97.3,98.9,74.0
2588,106.77,1,Blue Discus,60,dart,600,0.1689,19,77.80,95.0,97.3,98.9,74.0
2589,81.80,1,Flounder,50,sinker,323,0.1689,20,78.02,95.0,97.3,98.9,74.0
2590,81.20,1,Halibut,50,sinker,320,0.1688,21,77.90,95.0,97.3,98.9,74.0
2591,-28.46,0,Ice Pip,85,dart,310,0.1688,0,76.62,94.0,97.3,98.9,73.9
2592,133.68,1,Dorado,78,mixed,493,0.1688,1,77.23,94.0,97.3,98.9,73.9
2593,67.18,1,Sea Cucumber,40,sinker,333,0.1688,2,77.25,94.0,97.3,98.9,73.9
2594,69.98,1,Shad,45,smooth,330,0.1687,3,78.32,95.0,97.3,98.9,73.9
2595,130.34,1,Void Salmon,80,mixed,455,0.1687,4,78.74,95.0,97.3,98.9,74.0
2596,-25.40,0,Lava Eel,90,mixed,349,0.1687,0,77.68,94.0,97.3,98.9,73.8
2597,29.28,1,Carp,15,mixed,338,0.1687,1,76.71,94.0,97.3,98.9,73.8
2598,74.43,1,Walleye,45,smooth,323,0.1687,2,77.13,94.0,97.3,98.9,73.8
2599,67.22,1,Sea Cucumber,40,sinker,325,0.1686,3,77.07,94.0,97.3,98.9,73.8
2600,70.23,1,Bullhead,46,smooth,330,0.1686,4,76.82,94.0,97.3,98.9,73.8
2601,116.45,1,Void Salmon,80,mixed,438,0.1686,5,77.06,94.0,97.3,98.9,73.9
2602,81.38,1,Tilapia,50,mixed,330,0.1686,6,77.41,94.0,97.3,98.9,73.9
2603,51.51,1,Sunfish,30,mixed,330,0.1685,7,76.64,94.0,97.3,98.9,73.9
2604,62.25,1,Bream,35,smooth,340,0.1685,8,76.32,94.0,97.3,98.9,73.9
2605,66.88,1,Sea Cucumber,40,sinker,338,0.1685,9,76.20,94.0,97.3,98.9,73.9
2606,53.39,1,Anchovy,30,dart,328,0.1685,10,76.13,94.0,97.3,98.9,73.9
2607,59.69,1,Perch,35,dart,323,0.1685,11,75.63,94.0,97.3,98.9,73.9
2608,61.67,1,Chub,35,dart,333,0.1684,12,75.47,94.0,97.3,98.9,73.9
2609,77.23,1,Walleye,45,smooth,335,0.1684,13,75.86,94.0,97.3,98.9,73.9
2610,51.80,1,Anchovy,30,dart,335,0.1684,14,75.53,94.0,97.3,98.9,73.9
2611,139.88,1,Dorado,78,mixed,530,0.1684,15,76.39,94.0,97.3,98.9,73.9
2612,115.84,1,Super Cucumber,80,sinker,315,0.1683,16,77.05,94.0,97.3,98.9,74.0
2613,67.26,1,Red Snapper,40,mixed,403,0.1683,17,76.42,94.0,97.3,98.9,74.0
2614,82.10,1,Largemouth Bass,50,mixed,353,0.1683,18,77.43,95.0,97.3,98.9,74.0
2615,93.97,1,Tuna,70,smooth,338,0.1683,19,77.68,95.0,97.3,98.9,74.0
2616,62.63,1,Perch,35,dart,340,0.1682,20,78.19,95.0,97.4,98.9,74.0
2617,86.70,1,Pike,60,dart,345,0.1682,21,77.98,95.0,97.4,98.9,74.0
2618,50.49,1,Smallmouth Bass,28,mixed,320,0.1682,22,77.18,95.0,97.4,98.9,74.0
2619,-12.08,0,Ice Pip,85,dart,455,0.1682,0,76.73,94.0,97.4,98.9,73.8
2620,88.17,1,Midnight Carp,55,mixed,325,0.1682,1,77.01,94.0,97.4,98.9,73.8
2621,80.69,1,Halibut,50,sinker,328,0.1681,2,76.46,94.0,97.4,98.9,73.8
2622,127.24,1,Void Salmon,80,mixed,405,0.1681,3,76.90,94.0,97.4,98.9,73.9
2623,99.72,1,Blue Discus,60,dart,368,0.1681,4,76.98,94.0,97.4,98.9,73.9
2624,104.06,1,Sandfish,65,mixed,430,0.1681,5,77.10,94.0,97.4,98.9,73.9
2625,79.27,1,Woodskip,50,mixed,330,0.1680,6,77.03,94.0,97.4,98.9,73.9
2626,122.94,1,Void Salmon,80,mixed,395,0.1680,7,77.41,94.0,97.4,98.9,74.0
2627,165.00,1,Lava Eel,90,mixed,623,0.1680,8,77.95,94.0,97.4,98.9,74.0
2628,114.07,1,Eel,70,smooth,365,0.1680,9,78.46,94.0,97.4,98.9,74.0
2629,80.56,1,Bullhead,46,smooth,340,0.1679,10,77.84,94.0,97.4,98.9,74.0
2630,82.07,1,Slimejack,55,dart,323,0.1679,11,77.81,94.0,97.4,98.9,74.0
2631,79.77,1,Salmon,50,mixed,325,0.1679,12,78.07,94.0,97.4,98.9,74.0
2632,58.63,1,Perch,35,dart,320,0.1679,13,77.92,94.0,97.4,98.9,74.0
2633,83.02,1,Ghostfish,50,mixed,328,0.1679,14,77.42,94.0,97.4,98.9,74.0
2634,110.92,1,Stingray,80,sinker,308,0.1678,15,77.70,94.0,97.4,98.9,74.1
2635,-17.53,0,Pufferfish,80,floater,379,0.1678,0,76.98,93.0,97.4,98.9,73.9
2636,61.44,1,Red Snapper,40,mixed,320,0.1678,1,77.93,94.0,97.4,98.9,73.9
2637,92.31,1,Red Mullet,55,smooth,335,0.1678,2,77.90,94.0,97.4,98.9,73.9
2638,142.09,1,Octopus,95,sinker,453,0.1677,3,77.92,94.0,97.4,98.9,74.0
2639,110.59,1,Eel,70,smooth,328,0.1677,4,78.72,94.0,97.4,98.9,74.0
2640,52.30,1,Sunfish,30,mixed,338,0.1677,5,78.57,94.0,97.4,98.9,74.0
2641,68.18,1,Sea Cucumber,40,sinker,328,0.1677,6,78.57,94.0,97.4,98.9,74.0
2642,33.06,1,Carp,15,mixed,395,0.1676,7,79.20,95.0,97.4,98.9,74.0
2643,78.95,1,Goby,55,dart,320,0.1676,8,79.32,95.0,97.4,98.9,74.0
2644,122.40,1,Catfish,75,mixed,510,0.1676,9,79.41,95.0,97.4,98.9,74.0
2645,62.32,1,Bream,35,smooth,330,0.1676,10,79.26,95.0,97.4,98.9,74.0
2646,104.01,1,Stonefish,65,sinker,408,0.1676,11,79.64,95.0,97.4,98.9,74.0
2647,124.32,1,Catfish,75,mixed,438,0.1675,12,80.37,95.0,97.4,98.9,74.1
2648,48.94,1,Smallmouth Bass,28,mixed,333,0.1675,13,79.62,95.0,97.4,98.9,74.1
2649,49.03,1,Smallmouth Bass,28,mixed,323,0.1675,14,79.21,95.0,97.4,98.9,74.1
2650,112.26,1,Eel,70,smooth,378,0.1675,15,79.08,95.0,97.4,98.9,74.1
2651,-24.15,0,Sturgeon,78,mixed,322,0.1674,0,77.83,94.0,97.4,98.9,73.9
2652,97.88,1,Sandfish,65,mixed,328,0.1674,1,77.60,94.0,97.4,98.9,73.9
2653,55.09,1,Sunfish,30,mixed,325,0.1674,2,76.86,94.0,97.4,98.9,73.9
2654,93.13,1,Blue Discus,60,dart,333,0.1674,3,76.98,94.0,97.4,98.9,73.9
2655,58.57,1,Chub,35,dart,323,0.1673,4,76.59,94.0,97.4,98.9,73.9
2656,76.21,1,Shad,45,smooth,323,0.1673,5,76.18,94.0,97.4,98.9,73.9
2657,80.46,1,Slimejack,55,dart,395,0.1673,6,76.46,94.0,97.4,98.9,73.9
2658,159.80,1,Lava Eel,90,mixed,715,0.1673,7,77.44,94.0,97.4,98.9,74.0
2659,68.11,1,Red Snapper,40,mixed,325,0.1673,8,77.59,94.0,97.4,98.9,74.0
2660,74.32,1,Walleye,45,smooth,320,0.1672,9,77.74,94.0,97.4,98.9,74.0
2661,65.28,1,Bream,35,smooth,380,0.1672,10,77.81,94.0,97.4,98.9,74.0
2662,135.70,1,Pufferfish,80,floater,700,0.1672,11,78.27,94.0,97.4,98.9,74.0
2663,97.47,1,Stonefish,65,sinker,323,0.1672,12,78.28,94.0,97.4,98.9,74.0
2664,96.50,1,Albacore,60,mixed,320,0.1671,13,78.15,94.0,97.4,98.9,74.0
2665,97.14,1,Blue Discus,60,dart,353,0.1671,14,78.66,94.0,97.4,98.9,74.0
2666,96.06,1,Blue Discus,60,dart,373,0.1671,15,78.87,94.0,97.4,98.9,74.0
2667,66.65,1,Red Snapper,40,mixed,318,0.1671,16,79.28,94.0,97.4,98.9,74.0
2668,83.70,1,Slimejack,55,dart,330,0.1670,17,79.51,94.0,97.4,98.9,74.0
2669,66.55,1,Bream,35,smooth,403,0.1670,18,80.53,95.0,97.4,98.9,74.0
2670,53.43,1,Sardine,30,dart,320,0.1670,19,80.29,95.0,97.4,98.9,74.0
2671,112.24,1,Tuna,70,smooth,328,0.1670,20,80.52,95.0,97.4,98.9,74.0
2672,53.98,1,Anchovy,30,dart,323,0.1670,21,80.54,95.0,97.4,98.9,74.0
2673,54.33,1,Sunfish,30,mixed,330,0.1669,22,80.56,95.0,97.4,98.9,74.0
2674,109.32,1,Eel,70,smooth,503,0.1669,23,80.31,95.0,97.4,98.9,74.0
2675,93.02,1,Pike,60,dart,330,0.1669,24,80.68,95.0,97.4,98.9,74.0
2676,55.26,1,Sunfish,30,mixed,323,0.1669,25,80.44,95.0,97.4,98.9,74.0
2677,65.75,1,Bream,35,smooth,378,0.1668,26,80.05,95.0,97.4,98.9,74.0
2678,76.68,1,Shad,45,smooth,318,0.1668,27,80.04,95.0,97.4,98.9,74.0
2679,78.03,1,Bullhead,46,smooth,323,0.1668,28,79.52,95.0,97.4,98.9,74.0
2680,106.03,1,Squid,75,sinker,353,0.1668,29,79.82,95.0,97.4,98.9,74.1
2681,64.43,1,Sea Cucumber,40,sinker,340,0.1667,30,79.56,95.0,97.4,98.9,74.1
2682,49.56,1,Sunfish,30,mixed,313,0.1667,31,79.14,95.0,97.4,98.9,74.1
2683,53.72,1,Sardine,30,dart,323,0.1667,32,79.09,95.0,97.4,98.9,74.1
2684,56.22,1,Anchovy,30,dart,333,0.1667,33,78.39,95.0,97.4,98.9,74.1
2685,65.69,1,Sea Cucumber,40,sinker,323,0.1667,34,77.87,95.0,97.4,98.9,74.1
2686,77.29,1,Bullhead,46,smooth,318,0.1666,35,78.12,95.0,97.4,98.9,74.1
2687,52.87,1,Sardine,30,dart,323,0.1666,36,77.70,95.0,97.4,98.9,74.1
2688,109.14,1,Sturgeon,78,mixed,320,0.1666,37,77.73,95.0,97.4,98.9,74.1
2689,108.17,1,Squid,75,sinker,318,0.1666,38,77.99,95.0,97.4,98.9,74.2
2690,68.90,1,Red Snapper,40,mixed,320,0.1665,39,77.87,95.0,97.4,98.9,74.2
2691,73.87,1,Ghostfish,50,mixed,330,0.1665,40,78.89,96.0,97.4,98.9,74.2
2692,74.35,1,Rainbow Trout,45,mixed,325,0.1665,41,78.30,96.0,97.4,98.9,74.2
2693,42.79,0,Scorpion Carp,90,dart,1004,0.1665,0,78.05,96.0,97.4,98.9,74.0
2694,95.09,1,Albacore,60,mixed,320,0.1664,1,78.31,96.0,97.4,98.9,74.0
2695,136.36,1,Dorado,78,mixed,468,0.1664,2,78.37,96.0,97.4,98.9,74.1
2696,29.42,1,Carp,15,mixed,320,0.1664,3,78.91,97.0,97.4,98.9,74.1
2697,52.83,1,Sunfish,30,mixed,323,0.1664,4,79.15,97.0,97.4,98.9,74.1
2698,30.11,1,Carp,15,mixed,320,0.1663,5,78.71,97.0,97.4,98.9,74.1
2699,85.94,1,Lionfish,50,smooth,320,0.1663,6,78.89,97.0,97.4,98.9,74.1
2700,77.57,1,Rainbow Trout,45,mixed,320,0.1663,7,78.97,97.0,97.4,98.9,74.1
2701,129.58,1,Lava Eel,90,mixed,295,0.1663,8,79.10,97.0,97.4,98.9,74.2
2702,69.80,1,Red Snapper,40,mixed,323,0.1663,9,78.98,97.0,97.4,98.9,74.2
2703,95.88,1,Red Mullet,55,smooth,353,0.1662,10,79.43,97.0,97.4,98.9,74.2
2704,53.56,1,Smallmouth Bass,28,mixed,413,0.1662,11,79.34,97.0,97.4,98.9,74.2
2705,58.89,1,Chub,35,dart,325,0.1662,12,79.26,97.0,97.4,98.9,74.2
2706,104.55,1,Tuna,70,smooth,333,0.1662,13,79.77,97.0,97.4,98.9,74.2
2707,60.73,1,Chub,35,dart,330,0.1661,14,79.78,97.0,97.4,98.9,74.2
2708,76.92,1,Halibut,50,sinker,325,0.1661,15,79.93,97.0,97.4,98.9,74.2
2709,61.25,1,Sea Cucumber,40,sinker,320,0.1661,16,79.77,97.0,97.4,98.9,74.2
2710,135.87,1,Dorado,78,mixed,473,0.1661,17,80.61,97.0,97.4,98.9,74.2
2711,86.67,1,Lionfish,50,smooth,318,0.1660,18,80.08,97.0,97.4,98.9,74.2
2712,98.44,1,Albacore,60,mixed,320,0.1660,19,79.91,97.0,97.4,98.9,74.2
2713,86.41,1,Lionfish,50,smooth,318,0.1660,20,80.10,97.0,97.4,98.9,74.2
2714,116.76,1,Catfish,75,mixed,318,0.1660,21,80.45,97.0,97.4,98.9,74.3
2715,84.54,1,Woodskip,50,mixed,320,0.1659,22,80.35,97.0,97.4,98.9,74.3
2716,45.96,1,Herring,25,dart,328,0.1659,23,80.19,97.0,97.4,98.9,74.3
2717,-20.17,0,Ice Pip,85,dart,367,0.1659,0,79.12,96.0,97.4,98.9,74.1
2718,87.11,1,Tiger Trout,60,dart,325,0.1659,1,79.48,96.0,97.4,98.9,74.1
2719,139.40,1,Scorpion Carp,90,dart,573,0.1659,2,81.00,97.0,97.4,98.9,74.2
2720,55.19,1,Sunfish,30,mixed,323,0.1658,3,80.67,97.0,97.4,98.9,74.2
2721,89.51,1,Goby,55,dart,408,0.1658,4,80.76,97.0,97.4,98.9,74.2
2722,136.14,1,Void Salmon,80,mixed,558,0.1658,5,80.85,97.0,97.4,98.9,74.2
2723,93.78,1,Pike,60,dart,475,0.1658,6,80.79,97.0,97.4,98.9,74.2
2724,127.67,1,Void Salmon,80,mixed,323,0.1657,7,81.02,97.0,97.4,98.9,74.3
2725,159.14,1,Lava Eel,90,mixed,845,0.1657,8,81.82,97.0,97.4,98.9,74.3
2726,53.34,1,Sunfish,30,mixed,325,0.1657,9,81.12,97.0,97.4,98.9,74.3
2727,108.47,1,Sandfish,65,mixed,410,0.1657,10,80.56,97.0,97.4,99.0,74.3
2728,122.19,1,Pufferfish,80,floater,498,0.1656,11,80.64,97.0,97.4,99.0,74.4
2729,55.47,1,Anchovy,30,dart,333,0.1656,12,80.39,97.0,97.4,99.0,74.4
2730,120.19,1,Super Cucumber,80,sinker,310,0.1656,13,80.77,97.0,97.4,99.0,74.4
2731,85.99,1,Ghostfish,50,mixed,323,0.1656,14,80.83,97.0,97.4,99.0,74.4
2732,46.07,1,Herring,25,dart,315,0.1655,15,80.71,97.0,97.4,99.0,74.4
2733,123.33,1,Pufferfish,80,floater,548,0.1655,16,81.11,97.0,97.4,99.0,74.5
2734,69.20,1,Bream,35,smooth,440,0.1655,17,80.69,97.0,97.4,99.0,74.5
2735,31.00,1,Carp,15,mixed,335,0.1655,18,81.18,98.0,97.4,99.0,74.5
2736,102.70,1,Albacore,60,mixed,453,0.1655,19,81.59,98.0,97.4,99.0,74.5
2737,95.91,1,Red Mullet,55,smooth,353,0.1654,20,81.63,98.0,97.4,99.0,74.5
2738,54.36,1,Sunfish,30,mixed,330,0.1654,21,80.75,98.0,97.4,99.0,74.5
2739,117.51,1,Stingray,80,sinker,295,0.1654,22,80.82,98.0,97.4,99.0,74.6
2740,83.13,1,Tilapia,50,mixed,320,0.1654,23,81.13,98.0,97.4,99.0,74.6
2741,78.49,1,Ghostfish,50,mixed,320,0.1653,24,81.23,98.0,97.4,99.0,74.6
2742,121.16,1,Dorado,78,mixed,338,0.1653,25,82.11,98.0,97.4,99.0,74.6
2743,89.90,1,Tiger Trout,60,dart,390,0.1653,26,82.22,98.0,97.4,99.0,74.6
2744,57.25,1,Chub,35,dart,335,0.1653,27,81.57,98.0,97.4,99.0,74.6
2745,146.04,1,Octopus,95,sinker,358,0.1652,28,82.41,98.0,97.4,99.0,74.7
2746,76.69,1,Walleye,45,smooth,315,0.1652,29,82.13,98.0,97.4,99.0,74.7
2747,62.20,1,Chub,35,dart,330,0.1652,30,81.51,98.0,97.4,99.0,74.7
2748,87.61,1,Slimejack,55,dart,358,0.1652,31,81.90,98.0,97.4,99.0,74.7
2749,65.93,1,Sea Cucumber,40,sinker,320,0.1651,32,82.07,98.0,97.4,99.0,74.7
2750,138.16,1,Sturgeon,78,mixed,460,0.1651,33,82.33,98.0,97.4,99.0,74.7
2751,127.34,1,Lava Eel,90,mixed,318,0.1651,34,83.84,99.0,97.4,99.0,74.8
2752,90.66,1,Blue Discus,60,dart,333,0.1651,35,83.77,99.0,97.4,99.0,74.8
2753,59.32,1,Chub,35,dart,345,0.1650,36,83.81,99.0,97.4,99.0,74.8
2754,59.77,1,Perch,35,dart,330,0.1650,37,83.48,99.0,97.4,99.0,74.8
2755,109.28,1,Eel,70,smooth,333,0.1650,38,83.99,99.0,97.4,99.0,74.8
2756,67.36,1,Red Snapper,40,mixed,358,0.1650,39,83.90,99.0,97.4,99.0,74.8
2757,102.57,1,Midnight Carp,55,mixed,533,0.1650,40,84.12,99.0,97.4,99.0,74.8
2758,33.09,1,Carp,15,mixed,453,0.1649,41,82.85,99.0,97.5,99.0,74.8
2759,75.32,1,Rainbow Trout,45,mixed,320,0.1649,42,82.92,99.0,97.5,99.0,74.8
2760,52.87,1,Sunfish,30,mixed,335,0.1649,43,82.71,99.0,97.5,99.0,74.8
2761,80.15,1,Shad,45,smooth,338,0.1649,44,82.86,99.0,97.5,99.0,74.8
2762,115.89,1,Lava Eel,90,mixed,310,0.1648,45,82.66,99.0,97.5,99.0,74.8
2763,91.29,1,Albacore,60,mixed,303,0.1648,46,82.60,99.0,97.5,99.0,74.8
2764,63.59,1,Red Snapper,40,mixed,320,0.1648,47,82.27,99.0,97.5,99.0,74.8
2765,56.24,1,Sunfish,30,mixed,333,0.1648,48,81.86,99.0,97.5,99.0,74.8
2766,81.48,1,Woodskip,50,mixed,320,0.1647,49,81.71,99.0,97.5,99.0,74.8
2767,80.05,1,Woodskip,50,mixed,328,0.1647,50,81.85,99.0,97.5,99.0,74.8
2768,-30.01,0,Scorpion Carp,90,dart,282,0.1647,0,80.71,98.0,97.5,99.0,74.7
2769,110.65,1,Super Cucumber,80,sinker,368,0.1647,1,81.15,98.0,97.5,99.0,74.7
2770,61.58,1,Red Snapper,40,mixed,330,0.1646,2,81.23,98.0,97.5,99.0,74.7
2771,-11.50,0,Pufferfish,80,floater,449,0.1646,0,80.00,97.0,97.5,99.0,74.6
2772,155.12,1,Lava Eel,90,mixed,593,0.1646,1,81.01,97.0,97.5,99.0,74.6
2773,-19.67,0,Walleye,45,smooth,197,0.1646,0,80.27,96.0,97.5,98.9,74.6
2774,48.60,1,Smallmouth Bass,28,mixed,383,0.1645,1,79.66,96.0,97.5,98.9,74.6
2775,60.25,1,Perch,35,dart,365,0.1645,2,79.33,96.0,97.5,98.9,74.6
2776,96.71,1,Albacore,60,mixed,325,0.1645,3,79.75,96.0,97.5,98.9,74.6
2777,58.49,1,Chub,35,dart,318,0.1645,4,79.67,96.0,97.5,98.9,74.6
2778,66.77,1,Sea Cucumber,40,sinker,340,0.1645,5,79.58,96.0,97.5,98.9,74.6
2779,109.85,1,Tuna,70,smooth,395,0.1644,6,79.89,96.0,97.5,98.9,74.6
2780,69.82,1,Sea Cucumber,40,sinker,338,0.1644,7,79.53,96.0,97.5,98.9,74.6
2781,110.88,1,Stonefish,65,sinker,465,0.1644,8,80.00,96.0,97.5,98.9,74.6
2782,95.57,1,Midnight Carp,55,mixed,443,0.1644,9,80.46,96.0,97.5,98.9,74.6
2783,-32.38,0,Eel,70,smooth,167,0.1643,0,79.60,95.0,97.5,98.8,74.6
2784,33.85,1,Carp,15,mixed,643,0.1643,1,79.37,95.0,97.5,98.8,74.6
2785,114.19,1,Tuna,70,smooth,325,0.1643,2,79.86,95.0,97.5,98.8,74.6
2786,-37.99,0,Octopus,95,sinker,167,0.1643,0,78.70,94.0,97.5,98.8,74.5
2787,-18.97,0,Halibut,50,sinker,245,0.1642,0,77.99,93.0,97.5,98.7,74.5
2788,106.03,1,Eel,70,smooth,325,0.1642,1,77.95,93.0,97.5,98.7,74.5
2789,83.95,1,Salmon,50,mixed,323,0.1642,2,77.71,93.0,97.5,98.7,74.5
2790,84.15,1,Salmon,50,mixed,330,0.1642,3,77.86,93.0,97.5,98.7,74.5
2791,-14.64,0,Flounder,50,sinker,285,0.1641,0,76.98,92.0,97.5,98.6,74.5
2792,48.82,1,Smallmouth Bass,28,mixed,350,0.1641,1,76.72,92.0,97.5,98.6,74.5
2793,51.32,1,Smallmouth Bass,28,mixed,408,0.1641,2,76.81,92.0,97.5,98.6,74.5
2794,52.55,1,Anchovy,30,dart,325,0.1641,3,76.38,92.0,97.5,98.6,74.5
2795,28.32,1,Carp,15,mixed,325,0.1640,4,75.30,92.0,97.5,98.6,74.5
2796,63.85,1,Bream,35,smooth,355,0.1640,5,75.65,92.0,97.5,98.6,74.5
2797,52.15,1,Smallmouth Bass,28,mixed,393,0.1640,6,75.64,92.0,97.5,98.6,74.5
2798,66.09,1,Sea Cucumber,40,sinker,340,0.1640,7,76.00,92.0,97.5,98.6,74.5
2799,87.08,1,Lionfish,50,smooth,330,0.1639,8,76.01,92.0,97.5,98.6,74.5
2800,74.73,1,Walleye,45,smooth,340,0.1639,9,75.98,92.0,97.5,98.6,74.5
2801,68.67,1,Sea Cucumber,40,sinker,360,0.1639,10,75.37,92.0,97.5,98.6,74.5
2802,50.86,1,Anchovy,30,dart,318,0.1639,11,75.19,92.0,97.5,98.6,74.5
2803,72.78,1,Shad,45,smooth,325,0.1639,12,74.95,92.0,97.5,98.6,74.5
2804,29.59,1,Carp,15,mixed,330,0.1638,13,74.71,92.0,97.5,98.6,74.5
2805,63.84,1,Bream,35,smooth,338,0.1638,14,74.76,92.0,97.5,98.6,74.5
2806,94.75,1,Stonefish,65,sinker,313,0.1638,15,74.67,92.0,97.5,98.6,74.5
2807,83.13,1,Lionfish,50,smooth,325,0.1638,16,74.89,92.0,97.5,98.6,74.5
2808,62.36,1,Perch,35,dart,345,0.1637,17,74.74,92.0,97.5,98.6,74.5
2809,78.83,1,Bullhead,46,smooth,323,0.1637,18,74.92,92.0,97.5,98.6,74.5
2810,68.87,1,Sea Cucumber,40,sinker,355,0.1637,19,74.25,92.0,97.5,98.6,74.5
2811,81.47,1,Woodskip,50,mixed,318,0.1637,20,74.20,92.0,97.5,98.6,74.5
2812,50.76,1,Sunfish,30,mixed,318,0.1636,21,73.72,92.0,97.5,98.6,74.5
2813,-25.80,0,Super Cucumber,80,sinker,254,0.1636,0,72.60,91.0,97.5,98.6,74.3
2814,-45.21,0,Octopus,95,sinker,177,0.1636,0,70.98,90.0,97.5,98.6,74.1
2815,88.82,1,Slimejack,55,dart,320,0.1636,1,71.02,90.0,97.5,98.6,74.1
2816,-32.25,0,Dorado,78,mixed,237,0.1635,0,70.24,89.0,97.5,98.6,74.0
2817,69.64,1,Rainbow Trout,45,mixed,318,0.1635,1,71.14,90.0,97.5,98.6,74.0
2818,48.24,1,Smallmouth Bass,28,mixed,423,0.1635,2,70.75,90.0,97.5,98.6,74.0
2819,129.37,1,Super Cucumber,80,sinker,433,0.1635,3,70.65,90.0,97.5,98.6,74.0
2820,82.10,1,Salmon,50,mixed,425,0.1634,4,70.92,90.0,97.5,98.6,74.0
2821,93.49,1,Midnight Carp,55,mixed,413,0.1634,5,70.96,90.0,97.5,98.6,74.0
2822,51.85,1,Smallmouth Bass,28,mixed,335,0.1634,6,70.12,90.0,97.5,98.6,74.0
2823,113.33,1,Eel,70,smooth,325,0.1634,7,70.31,90.0,97.5,98.6,74.0
2824,81.55,1,Ghostfish,50,mixed,338,0.1633,8,69.85,90.0,97.5,98.6,74.0
2825,113.58,1,Ice Pip,85,dart,355,0.1633,9,69.39,90.0,97.5,98.6,74.1
2826,61.45,1,Chub,35,dart,340,0.1633,10,69.48,90.0,97.5,98.6,74.1
2827,53.25,1,Smallmouth Bass,28,mixed,348,0.1633,11,68.92,90.0,97.5,98.6,74.1
2828,62.53,1,Bream,35,smooth,350,0.1632,12,68.33,90.0,97.5,98.6,74.1
2829,65.27,1,Sea Cucumber,40,sinker,335,0.1632,13,68.42,90.0,97.5,98.6,74.1
2830,50.38,0,Scorpion Carp,90,dart,929,0.1632,0,67.73,90.0,97.5,98.6,73.9
2831,-22.71,0,Stonefish,65,sinker,242,0.1632,0,66.64,89.0,97.5,98.5,73.9
2832,183.25,1,Sturgeon,78,mixed,915,0.1631,1,68.01,89.0,97.5,98.5,74.0
2833,73.61,1,Halibut,50,sinker,330,0.1631,2,67.51,89.0,97.5,98.5,74.0
2834,135.15,1,Tiger Trout,60,dart,863,0.1631,3,68.17,89.0,97.5,98.5,74.0
2835,51.32,1,Anchovy,30,dart,343,0.1631,4,68.38,89.0,97.5,98.5,74.0
2836,-23.55,0,Slimejack,55,dart,237,0.1631,0,67.11,88.0,97.5,98.4,74.0
2837,49.59,1,Sardine,30,dart,330,0.1630,1,66.65,88.0,97.5,98.4,74.0
2838,46.91,1,Smallmouth Bass,28,mixed,335,0.1630,2,66.58,88.0,97.5,98.4,74.0
2839,106.92,1,Eel,70,smooth,323,0.1630,3,66.47,88.0,97.5,98.4,74.0
2840,72.24,1,Flounder,50,sinker,333,0.1630,4,66.36,88.0,97.5,98.4,74.0
2841,184.10,1,Octopus,95,sinker,598,0.1629,5,67.42,88.0,97.5,98.4,74.1
2842,62.70,1,Bream,35,smooth,358,0.1629,6,66.83,88.0,97.5,98.4,74.1
2843,52.90,1,Sardine,30,dart,368,0.1629,7,66.46,88.0,97.5,98.4,74.1
2844,61.49,1,Perch,35,dart,343,0.1629,8,66.51,88.0,97.5,98.4,74.1
2845,30.81,1,Carp,15,mixed,328,0.1628,9,65.35,88.0,97.5,98.4,74.1
2846,86.36,1,Lionfish,50,smooth,328,0.1628,10,65.45,88.0,97.5,98.4,74.1
2847,64.57,1,Bream,35,smooth,353,0.1628,11,65.47,88.0,97.5,98.4,74.1
2848,53.68,1,Sardine,30,dart,360,0.1628,12,65.13,88.0,97.5,98.4,74.1
2849,59.53,1,Perch,35,dart,343,0.1627,13,65.07,88.0,97.5,98.4,74.1
2850,-29.48,0,Squid,75,sinker,195,0.1627,0,63.39,87.0,97.5,98.4,73.9
2851,113.43,1,Squid,75,sinker,320,0.1627,1,63.25,87.0,97.5,98.4,73.9
2852,80.85,1,Ghostfish,50,mixed,313,0.1627,2,63.16,87.0,97.5,98.4,73.9
2853,125.57,1,Stingray,80,sinker,473,0.1626,3,63.82,87.0,97.5,98.4,74.0
2854,62.61,1,Red Snapper,40,mixed,323,0.1626,4,63.85,87.0,97.5,98.4,74.0
2855,-10.94,0,Lingcod,85,mixed,365,0.1626,0,62.65,86.0,97.5,98.4,73.8
2856,76.06,1,Walleye,45,smooth,335,0.1626,1,62.73,86.0,97.5,98.4,73.8
2857,56.04,1,Sunfish,30,mixed,333,0.1625,2,62.27,86.0,97.5,98.4,73.8
2858,65.55,1,Bream,35,smooth,355,0.1625,3,62.59,86.0,97.5,98.4,73.8
2859,88.71,1,Red Mullet,55,smooth,325,0.1625,4,62.73,86.0,97.5,98.4,73.8
2860,64.82,1,Red Snapper,40,mixed,335,0.1625,5,62.85,86.0,97.5,98.4,73.8
2861,74.41,1,Woodskip,50,mixed,325,0.1624,6,62.79,86.0,97.5,98.4,73.8
2862,80.21,1,Slimejack,55,dart,328,0.1624,7,62.43,86.0,97.5,98.4,73.8
2863,83.36,1,Albacore,60,mixed,323,0.1624,8,62.35,86.0,97.5,98.4,73.8
2864,91.14,1,Red Mullet,55,smooth,328,0.1624,9,62.63,86.0,97.5,98.4,73.8
2865,53.53,1,Anchovy,30,dart,340,0.1623,10,62.60,86.0,97.5,98.4,73.8
2866,61.14,1,Perch,35,dart,340,0.1623,11,62.40,86.0,97.5,98.4,73.8
2867,63.06,1,Bream,35,smooth,340,0.1623,12,62.23,86.0,97.5,98.4,73.8
2868,84.78,1,Tiger Trout,60,dart,315,0.1623,13,63.37,87.0,97.5,98.4,73.8
2869,74.88,1,Walleye,45,smooth,325,0.1622,14,63.02,87.0,97.5,98.4,73.8
2870,75.29,1,Shad,45,smooth,330,0.1622,15,63.15,87.0,97.5,98.4,73.8
2871,76.00,1,Tilapia,50,mixed,310,0.1622,16,64.03,88.0,97.5,98.4,73.8
2872,149.24,1,Lingcod,85,mixed,470,0.1622,17,63.97,88.0,97.5,98.4,73.9
2873,60.13,1,Chub,35,dart,330,0.1621,18,64.77,89.0,97.5,98.4,73.9
2874,97.27,1,Albacore,60,mixed,325,0.1621,19,65.25,89.0,97.5,98.4,73.9
2875,97.53,1,Sandfish,65,mixed,350,0.1621,20,65.63,89.0,97.5,98.4,73.9
2876,-17.78,0,Catfish,75,mixed,312,0.1621,0,64.48,88.0,97.5,98.4,73.8
2877,109.57,1,Eel,70,smooth,320,0.1621,1,64.99,88.0,97.5,98.4,73.8
2878,54.23,1,Sunfish,30,mixed,340,0.1620,2,64.87,88.0,97.5,98.4,73.8
2879,54.21,1,Smallmouth Bass,28,mixed,338,0.1620,3,64.31,88.0,97.5,98.4,73.8
2880,80.92,1,Ghostfish,50,mixed,368,0.1620,4,64.42,88.0,97.5,98.4,73.8
2881,110.16,1,Tuna,70,smooth,328,0.1620,5,64.42,88.0,97.5,98.4,73.8
2882,64.20,1,Red Snapper,40,mixed,323,0.1619,6,64.10,88.0,97.5,98.4,73.8
2883,85.33,1,Pike,60,dart,318,0.1619,7,65.28,89.0,97.5,98.4,73.8
2884,47.34,1,Herring,25,dart,363,0.1619,8,65.41,89.0,97.5,98.4,73.8
2885,163.18,1,Octopus,95,sinker,478,0.1619,9,65.90,89.0,97.5,98.4,73.8
2886,157.56,1,Void Salmon,80,mixed,603,0.1618,10,67.86,90.0,97.5,98.4,73.9
2887,53.32,1,Anchovy,30,dart,343,0.1618,11,68.58,91.0,97.5,98.4,73.9
2888,68.89,1,Red Snapper,40,mixed,323,0.1618,12,68.21,91.0,97.6,98.4,73.9
2889,27.97,0,Pufferfish,80,floater,919,0.1618,0,67.65,91.0,97.6,98.4,73.7
2890,79.75,1,Woodskip,50,mixed,325,0.1617,1,67.61,91.0,97.6,98.4,73.7
2891,104.54,1,Squid,75,sinker,310,0.1617,2,68.80,92.0,97.6,98.4,73.8
2892,142.40,1,Lingcod,85,mixed,510,0.1617,3,69.73,92.0,97.6,98.4,73.8
2893,58.14,1,Perch,35,dart,328,0.1617,4,69.80,92.0,97.6,98.4,73.8
2894,85.35,1,Slimejack,55,dart,318,0.1616,5,70.13,92.0,97.6,98.4,73.8
2895,74.13,1,Woodskip,50,mixed,378,0.1616,6,70.59,92.0,97.6,98.4,73.8
2896,88.43,1,Pike,60,dart,315,0.1616,7,70.83,92.0,97.6,98.4,73.8
2897,15.43,0,Pufferfish,80,floater,840,0.1616,0,70.47,92.0,97.6,98.4,73.7
2898,63.60,1,Bream,35,smooth,355,0.1615,1,70.44,92.0,97.6,98.4,73.7
2899,67.50,1,Red Snapper,40,mixed,325,0.1615,2,70.25,92.0,97.6,98.4,73.7
2900,120.91,1,Catfish,75,mixed,445,0.1615,3,70.71,92.0,97.6,98.4,73.7
2901,-46.39,0,Ice Pip,85,dart,290,0.1615,0,69.56,91.0,97.6,98.4,73.6
2902,31.86,1,Carp,15,mixed,330,0.1614,1,69.37,91.0,97.6,98.4,73.6
2903,31.53,1,Carp,15,mixed,333,0.1614,2,68.96,91.0,97.6,98.4,73.6
2904,88.89,1,Red Mullet,55,smooth,330,0.1614,3,69.55,91.0,97.6,98.4,73.6
2905,110.09,1,Stingray,80,sinker,363,0.1614,4,70.01,91.0,97.6,98.4,73.6
2906,31.95,1,Carp,15,mixed,328,0.1613,5,69.38,91.0,97.6,98.4,73.6
2907,113.13,1,Eel,70,smooth,318,0.1613,6,69.68,91.0,97.6,98.4,73.6
2908,32.27,1,Carp,15,mixed,333,0.1613,7,69.38,91.0,97.6,98.4,73.6
2909,132.99,1,Stingray,80,sinker,453,0.1613,8,69.92,91.0,97.6,98.4,73.7
2910,89.10,1,Blue Discus,60,dart,490,0.1612,9,70.13,91.0,97.6,98.4,73.7
2911,101.78,1,Sandfish,65,mixed,325,0.1612,10,70.33,91.0,97.6,98.4,73.7
2912,56.78,1,Perch,35,dart,333,0.1612,11,70.39,91.0,97.6,98.4,73.7
2913,46.42,1,Herring,25,dart,340,0.1612,12,71.11,92.0,97.6,98.4,73.7
2914,50.85,1,Sardine,30,dart,348,0.1611,13,72.07,93.0,97.6,98.4,73.7
2915,110.32,1,Sandfish,65,mixed,415,0.1611,14,72.29,93.0,97.6,98.4,73.7
2916,77.40,1,Rainbow Trout,45,mixed,333,0.1611,15,73.38,94.0,97.6,98.4,73.7
2917,65.72,1,Bream,35,smooth,350,0.1611,16,73.34,94.0,97.6,98.4,73.7
2918,102.28,1,Catfish,75,mixed,335,0.1610,17,73.88,94.0,97.6,98.4,73.7
2919,75.09,1,Ghostfish,50,mixed,318,0.1610,18,73.34,94.0,97.6,98.4,73.7
2920,89.86,1,Red Mullet,55,smooth,328,0.1610,19,73.42,94.0,97.6,98.4,73.7
2921,85.97,1,Tiger Trout,60,dart,315,0.1610,20,73.34,94.0,97.6,98.4,73.7
2922,75.60,1,Slimejack,55,dart,308,0.1609,21,73.58,94.0,97.6,98.4,73.7
2923,70.17,1,Sea Cucumber,40,sinker,335,0.1609,22,73.15,94.0,97.6,98.4,73.7
2924,88.54,1,Tiger Trout,60,dart,350,0.1609,23,73.22,94.0,97.6,98.5,73.7
2925,62.09,1,Chub,35,dart,355,0.1609,24,72.71,94.0,97.6,98.5,73.7
2926,140.50,1,Octopus,95,sinker,333,0.1608,25,73.50,94.0,97.6,98.5,73.8
2927,62.40,1,Perch,35,dart,335,0.1608,26,73.59,94.0,97.6,98.5,73.8
2928,89.70,1,Red Mullet,55,smooth,318,0.1608,27,73.86,94.0,97.6,98.5,73.8
2929,82.22,1,Ghostfish,50,mixed,328,0.1608,28,74.03,94.0,97.6,98.5,73.8
2930,52.72,1,Anchovy,30,dart,360,0.1607,29,74.05,94.0,97.6,98.5,73.8
2931,83.56,1,Largemouth Bass,50,mixed,393,0.1607,30,75.11,95.0,97.6,98.5,73.8
2932,104.99,1,Sandfish,65,mixed,400,0.1607,31,74.33,95.0,97.6,98.5,73.8
2933,87.14,1,Slimejack,55,dart,318,0.1607,32,74.47,95.0,97.6,98.5,73.8
2934,71.64,1,Rainbow Trout,45,mixed,370,0.1606,33,73.83,95.0,97.6,98.5,73.8
2935,81.84,1,Halibut,50,sinker,330,0.1606,34,74.14,95.0,97.6,98.5,73.8
2936,130.14,1,Stingray,80,sinker,403,0.1606,35,75.67,96.0,97.6,98.5,73.8
2937,53.14,1,Sunfish,30,mixed,330,0.1606,36,75.71,96.0,97.6,98.5,73.8
2938,68.55,1,Sea Cucumber,40,sinker,333,0.1605,37,75.93,96.0,97.6,98.5,73.8
2939,140.02,1,Lava Eel,90,mixed,440,0.1605,38,76.26,96.0,97.6,98.5,73.9
2940,87.88,1,Pike,60,dart,318,0.1605,39,76.41,96.0,97.6,98.5,73.9
2941,59.82,1,Perch,35,dart,333,0.1605,40,75.17,96.0,97.6,98.5,73.9
2942,80.88,1,Woodskip,50,mixed,328,0.1604,41,75.35,96.0,97.6,98.5,73.9
2943,84.38,1,Lionfish,50,smooth,325,0.1604,42,75.67,96.0,97.6,98.5,73.9
2944,67.38,1,Flounder,50,sinker,333,0.1604,43,75.73,96.0,97.6,98.5,73.9
2945,119.61,1,Stingray,80,sinker,320,0.1604,44,76.61,96.0,97.6,98.5,73.9
2946,53.73,1,Sardine,30,dart,340,0.1603,45,76.29,96.0,97.6,98.5,73.9
2947,66.95,1,Red Snapper,40,mixed,320,0.1603,46,76.31,96.0,97.6,98.5,73.9
2948,120.38,1,Octopus,95,sinker,303,0.1603,47,76.98,96.0,97.6,98.5,74.0
2949,80.46,1,Lionfish,50,smooth,328,0.1603,48,77.19,96.0,97.6,98.5,74.0
2950,51.93,1,Smallmouth Bass,28,mixed,340,0.1602,49,78.00,97.0,97.6,98.5,74.0
2951,52.64,1,Anchovy,30,dart,333,0.1602,50,77.39,97.0,97.6,98.5,74.0
2952,46.69,1,Herring,25,dart,328,0.1602,51,77.05,97.0,97.6,98.5,74.0
2953,106.76,1,Eel,70,smooth,323,0.1602,52,76.86,97.0,97.6,98.5,74.0
2954,77.93,1,Tilapia,50,mixed,328,0.1601,53,77.02,97.0,97.6,98.5,74.0
2955,146.02,1,Octopus,95,sinker,438,0.1601,54,78.59,98.0,97.6,98.5,74.0
2956,83.11,1,Halibut,50,sinker,330,0.1601,55,78.66,98.0,97.6,98.5,74.0
2957,59.82,1,Chub,35,dart,318,0.1601,56,78.70,98.0,97.6,98.5,74.0
2958,63.19,1,Red Snapper,40,mixed,313,0.1600,57,78.67,98.0,97.6,98.5,74.0
2959,78.75,1,Walleye,45,smooth,335,0.1600,58,78.57,98.0,97.6,98.5,74.0
2960,53.71,1,Sardine,30,dart,355,0.1600,59,78.46,98.0,97.6,98.5,74.0
2961,93.10,1,Tiger Trout,60,dart,368,0.1600,60,78.65,98.0,97.6,98.5,74.0
2962,79.23,1,Ghostfish,50,mixed,318,0.1599,61,78.64,98.0,97.6,98.5,74.0
2963,124.33,1,Stingray,80,sinker,385,0.1599,62,79.05,98.0,97.6,98.5,74.1
2964,123.46,1,Super Cucumber,80,sinker,315,0.1599,63,79.37,98.0,97.6,98.5,74.1
2965,52.72,1,Smallmouth Bass,28,mixed,333,0.1599,64,79.36,98.0,97.6,98.5,74.1
2966,60.74,1,Chub,35,dart,333,0.1598,65,79.36,98.0,97.6,98.5,74.1
2967,132.94,1,Dorado,78,mixed,513,0.1598,66,80.06,98.0,97.6,98.5,74.2
2968,30.99,1,Carp,15,mixed,333,0.1598,67,79.52,98.0,97.6,98.5,74.2
2969,49.76,1,Smallmouth Bass,28,mixed,330,0.1598,68,79.27,98.0,97.6,98.5,74.2
2970,72.67,1,Tilapia,50,mixed,313,0.1597,69,79.24,98.0,97.6,98.5,74.2
2971,129.41,1,Super Cucumber,80,sinker,400,0.1597,70,79.78,98.0,97.6,98.5,74.3
2972,60.12,1,Perch,35,dart,338,0.1597,71,78.89,98.0,97.6,98.5,74.3
2973,77.08,1,Ghostfish,50,mixed,325,0.1597,72,79.05,98.0,97.6,98.5,74.3
2974,80.28,0,Scorpion Carp,90,dart,1370,0.1596,0,78.88,98.0,97.6,98.5,74.1
2975,77.72,1,Bullhead,46,smooth,328,0.1596,1,78.69,98.0,97.6,98.5,74.1
2976,85.37,1,Goby,55,dart,335,0.1596,2,79.72,99.0,97.6,98.5,74.1
2977,104.99,1,Sandfish,65,mixed,500,0.1596,3,79.67,99.0,97.6,98.5,74.1
2978,108.15,1,Catfish,75,mixed,308,0.1595,4,80.21,99.0,97.6,98.5,74.2
2979,114.39,1,Squid,75,sinker,305,0.1595,5,80.81,99.0,97.6,98.5,74.2
2980,61.59,1,Chub,35,dart,328,0.1595,6,80.62,99.0,97.6,98.5,74.2
2981,46.73,1,Herring,25,dart,375,0.1595,7,79.99,99.0,97.6,98.5,74.2
2982,46.29,1,Herring,25,dart,355,0.1594,8,79.81,99.0,97.6,98.5,74.2
2983,53.67,1,Chub,35,dart,330,0.1594,9,79.49,99.0,97.6,98.5,74.2
2984,68.15,1,Red Snapper,40,mixed,320,0.1594,10,79.70,99.0,97.6,98.5,74.2
2985,48.49,1,Smallmouth Bass,28,mixed,330,0.1594,11,78.55,99.0,97.6,98.5,74.2
2986,88.32,1,Pike,60,dart,423,0.1593,12,77.86,99.0,97.6,98.5,74.2
2987,65.80,1,Red Snapper,40,mixed,323,0.1593,13,77.98,99.0,97.6,98.5,74.2
2988,62.51,1,Bream,35,smooth,350,0.1593,14,77.92,99.0,97.6,98.5,74.2
2989,46.45,1,Herring,25,dart,358,0.1593,15,78.10,99.0,97.6,98.5,74.2
2990,89.33,1,Midnight Carp,55,mixed,328,0.1592,16,78.20,99.0,97.6,98.5,74.2
2991,85.18,1,Albacore,60,mixed,320,0.1592,17,78.01,99.0,97.6,98.5,74.2
2992,68.81,1,Slimejack,55,dart,320,0.1592,18,77.27,99.0,97.6,98.5,74.2
2993,119.71,1,Dorado,78,mixed,420,0.1592,19,77.89,99.0,97.6,98.5,74.3
2994,74.88,1,Walleye,45,smooth,333,0.1591,20,77.78,99.0,97.6,98.5,74.3
2995,114.35,1,Catfish,75,mixed,390,0.1591,21,78.18,99.0,97.6,98.5,74.3
2996,51.67,1,Smallmouth Bass,28,mixed,330,0.1591,22,77.82,99.0,97.6,98.5,74.3
2997,70.15,1,Largemouth Bass,50,mixed,348,0.1591,23,78.36,99.0,97.6,98.5,74.3
2998,74.39,1,Walleye,45,smooth,335,0.1590,24,78.47,99.0,97.6,98.5,74.3
2999,76.59,1,Tilapia,50,mixed,323,0.1590,25,78.56,99.0,97.6,98.5,74.3
3000,65.13,1,Red Snapper,40,mixed,328,0.1590,26,78.01,99.0,97.6,98.5,74.3
3001,64.77,1,Bream,35,smooth,363,0.1590,27,79.12,100.0,97.6,98.5,74.3
3002,48.94,1,Smallmouth Bass,28,mixed,328,0.1589,28,79.29,100.0,97.6,98.5,74.3
3003,82.25,1,Largemouth Bass,50,mixed,320,0.1589,29,79.79,100.0,97.6,98.5,74.3
3004,118.59,1,Void Salmon,80,mixed,318,0.1589,30,80.09,100.0,97.6,98.5,74.4
3005,114.59,1,Tuna,70,smooth,315,0.1589,31,80.14,100.0,97.6,98.5,74.4
3006,-24.51,0,Catfish,75,mixed,342,0.1588,0,79.57,99.0,97.6,98.5,74.2
3007,-1.01,0,Pufferfish,80,floater,487,0.1588,0,78.43,98.0,97.6,98.5,74.1
3008,57.45,1,Perch,35,dart,328,0.1588,1,78.68,98.0,97.6,98.5,74.1
3009,64.69,1,Bream,35,smooth,353,0.1588,2,78.00,98.0,97.6,98.5,74.1
3010,76.16,1,Halibut,50,sinker,323,0.1587,3,77.87,98.0,97.6,98.5,74.1
3011,93.83,1,Sandfish,65,mixed,325,0.1587,4,77.79,98.0,97.6,98.5,74.1
3012,88.38,1,Tiger Trout,60,dart,318,0.1587,5,78.11,98.0,97.6,98.5,74.1
3013,102.78,1,Sandfish,65,mixed,315,0.1587,6,78.67,98.0,97.6,98.5,74.1
3014,51.28,1,Sunfish,30,mixed,330,0.1586,7,78.67,98.0,97.6,98.5,74.1
3015,112.32,1,Squid,75,sinker,480,0.1586,8,78.69,98.0,97.6,98.5,74.1
3016,28.08,1,Carp,15,mixed,325,0.1586,9,78.20,98.0,97.6,98.5,74.1
3017,68.73,1,Sea Cucumber,40,sinker,323,0.1586,10,78.23,98.0,97.6,98.5,74.1
3018,100.70,1,Tiger Trout,60,dart,415,0.1585,11,78.22,98.0,97.6,98.5,74.1
3019,47.36,1,Herring,25,dart,340,0.1585,12,77.94,98.0,97.6,98.5,74.1
3020,74.94,1,Largemouth Bass,50,mixed,323,0.1585,13,77.79,98.0,97.6,98.5,74.1
3021,59.57,1,Chub,35,dart,328,0.1585,14,77.52,98.0,97.6,98.5,74.1
3022,63.62,1,Sea Cucumber,40,sinker,328,0.1584,15,77.40,98.0,97.6,98.5,74.1
3023,75.93,1,Halibut,50,sinker,330,0.1584,16,77.46,98.0,97.6,98.5,74.1
3024,137.90,1,Super Cucumber,80,sinker,625,0.1584,17,77.96,98.0,97.6,98.5,74.2
3025,54.49,1,Sunfish,30,mixed,325,0.1584,18,77.88,98.0,97.6,98.5,74.2
3026,46.16,1,Smallmouth Bass,28,mixed,328,0.1583,19,76.94,98.0,97.6,98.5,74.2
3027,104.58,1,Tuna,70,smooth,323,0.1583,20,77.36,98.0,97.6,98.5,74.2
3028,-37.83,0,Octopus,95,sinker,264,0.1583,0,76.08,97.0,97.6,98.5,74.0
3029,105.30,1,Blue Discus,60,dart,478,0.1582,1,76.31,97.0,97.6,98.5,74.0
3030,58.76,1,Perch,35,dart,350,0.1582,2,76.37,97.0,97.6,98.5,74.0
3031,-21.28,0,Ice Pip,85,dart,330,0.1582,0,75.33,96.0,97.6,98.5,73.9
3032,63.71,1,Bream,35,smooth,353,0.1582,1,74.91,96.0,97.6,98.5,73.9
3033,72.57,1,Halibut,50,sinker,328,0.1581,2,74.77,96.0,97.6,98.5,73.9
3034,66.95,1,Sea Cucumber,40,sinker,325,0.1581,3,74.72,96.0,97.6,98.5,73.9
3035,66.75,1,Red Snapper,40,mixed,328,0.1581,4,74.57,96.0,97.6,98.5,73.9
3036,52.27,1,Sardine,30,dart,338,0.1581,5,73.79,96.0,97.7,98.5,73.9
3037,58.65,1,Chub,35,dart,338,0.1580,6,73.85,96.0,97.7,98.5,73.9
3038,156.02,1,Dorado,78,mixed,670,0.1580,7,74.72,96.0,97.7,98.5,73.9
3039,132.44,1,Super Cucumber,80,sinker,485,0.1580,8,74.64,96.0,97.7,98.5,74.0
3040,85.97,1,Lionfish,50,smooth,335,0.1580,9,74.63,96.0,97.7,98.5,74.0
3041,51.43,1,Smallmouth Bass,28,mixed,348,0.1579,10,74.54,96.0,97.7,98.5,74.0
3042,128.17,1,Dorado,78,mixed,420,0.1579,11,75.01,96.0,97.7,98.5,74.0
3043,53.46,1,Smallmouth Bass,28,mixed,360,0.1579,12,74.71,96.0,97.7,98.5,74.0
3044,51.34,1,Anchovy,30,dart,348,0.1579,13,74.55,96.0,97.7,98.5,74.0
3045,78.98,1,Tilapia,50,mixed,328,0.1578,14,74.14,96.0,97.7,98.5,74.0
3046,95.09,1,Albacore,60,mixed,415,0.1578,15,74.55,96.0,97.7,98.5,74.0
3047,119.77,1,Void Salmon,80,mixed,450,0.1578,16,75.08,96.0,97.7,98.5,74.1
3048,73.86,1,Largemouth Bass,50,mixed,313,0.1578,17,74.62,96.0,97.7,98.5,74.1
3049,50.69,1,Sardine,30,dart,328,0.1577,18,74.32,96.0,97.7,98.5,74.1
3050,88.25,1,Red Mullet,55,smooth,325,0.1577,19,74.68,96.0,97.7,98.5,74.1
3051,30.96,1,Carp,15,mixed,328,0.1577,20,74.46,96.0,97.7,98.5,74.1
3052,54.71,1,Sardine,30,dart,360,0.1577,21,74.54,96.0,97.7,98.5,74.1
3053,148.42,1,Void Salmon,80,mixed,625,0.1576,22,74.96,96.0,97.7,98.5,74.1
3054,63.23,1,Bream,35,smooth,343,0.1576,23,74.81,96.0,97.7,98.5,74.1
3055,76.80,1,Shad,45,smooth,330,0.1576,24,74.12,96.0,97.7,98.5,74.1
3056,111.82,1,Tuna,70,smooth,315,0.1576,25,74.41,96.0,97.7,98.5,74.1
3057,91.20,1,Sea Cucumber,40,sinker,708,0.1575,26,74.72,96.0,97.7,98.5,74.1
3058,125.96,1,Lingcod,85,mixed,395,0.1575,27,75.35,96.0,97.7,98.5,74.2
3059,104.75,1,Sturgeon,78,mixed,320,0.1575,28,75.61,96.0,97.7,98.5,74.2
3060,178.22,1,Lava Eel,90,mixed,580,0.1575,29,76.86,96.0,97.7,98.5,74.3
3061,49.87,1,Anchovy,30,dart,333,0.1574,30,76.42,96.0,97.7,98.5,74.3
3062,68.74,1,Sea Cucumber,40,sinker,330,0.1574,31,76.32,96.0,97.7,98.5,74.3
3063,104.23,1,Halibut,50,sinker,655,0.1574,32,76.12,96.0,97.7,98.5,74.3
3064,57.40,1,Sunfish,30,mixed,388,0.1574,33,75.46,96.0,97.7,98.5,74.3
3065,82.31,1,Flounder,50,sinker,328,0.1573,34,75.75,96.0,97.7,98.5,74.3
3066,78.63,1,Woodskip,50,mixed,333,0.1573,35,75.93,96.0,97.7,98.5,74.3
3067,106.95,1,Squid,75,sinker,320,0.1573,36,75.67,96.0,97.7,98.5,74.3
3068,53.00,1,Anchovy,30,dart,330,0.1573,37,75.89,96.0,97.7,98.5,74.3
3069,85.64,1,Goby,55,dart,325,0.1572,38,76.25,96.0,97.7,98.5,74.3
3070,30.39,1,Carp,15,mixed,348,0.1572,39,75.83,96.0,97.7,98.5,74.3
3071,136.53,1,Dorado,78,mixed,528,0.1572,40,75.90,96.0,97.7,98.5,74.4
3072,59.97,1,Perch,35,dart,330,0.1571,41,75.90,96.0,97.7,98.5,74.4
3073,150.68,1,Octopus,95,sinker,433,0.1571,42,76.63,96.0,97.7,98.5,74.4
3074,60.17,1,Perch,35,dart,330,0.1571,43,76.43,96.0,97.7,98.5,74.4
3075,47.66,1,Herring,25,dart,343,0.1571,44,76.13,96.0,97.7,98.5,74.4
3076,52.86,1,Anchovy,30,dart,340,0.1570,45,75.81,96.0,97.7,98.5,74.4
3077,55.19,1,Sardine,30,dart,335,0.1570,46,75.31,96.0,97.7,98.5,74.4
3078,53.96,1,Sardine,30,dart,340,0.1570,47,74.77,96.0,97.7,98.5,74.4
3079,107.63,1,Eel,70,smooth,323,0.1570,48,74.70,96.0,97.7,98.5,74.4
3080,61.89,1,Bream,35,smooth,343,0.1569,49,74.70,96.0,97.7,98.5,74.4
3081,153.86,1,Octopus,95,sinker,573,0.1569,50,75.77,96.0,97.7,98.5,74.5
3082,99.48,1,Sandfish,65,mixed,363,0.1569,51,76.31,96.0,97.7,98.5,74.5
3083,116.59,1,Tuna,70,smooth,318,0.1569,52,76.94,96.0,97.7,98.5,74.5
3084,128.41,1,Lingcod,85,mixed,413,0.1568,53,77.54,96.0,97.7,98.5,74.5
3085,88.91,1,Red Mullet,55,smooth,325,0.1568,54,77.94,96.0,97.7,98.5,74.5
3086,64.29,1,Bream,35,smooth,348,0.1568,55,77.70,96.0,97.7,98.5,74.5
3087,83.70,1,Largemouth Bass,50,mixed,323,0.1568,56,77.88,96.0,97.7,98.5,74.5
3088,94.14,1,Albacore,60,mixed,328,0.1567,57,78.20,96.0,97.7,98.5,74.5
3089,113.18,1,Dorado,78,mixed,388,0.1567,58,78.86,96.0,97.7,98.5,74.6
3090,62.43,1,Bream,35,smooth,345,0.1567,59,78.60,96.0,97.7,98.5,74.6
3091,47.42,1,Herring,25,dart,335,0.1567,60,78.22,96.0,97.7,98.5,74.6
3092,54.00,1,Anchovy,30,dart,350,0.1566,61,78.07,96.0,97.7,98.5,74.6
3093,62.77,1,Red Snapper,40,mixed,323,0.1566,62,77.50,96.0,97.7,98.5,74.6
3094,51.04,1,Smallmouth Bass,28,mixed,340,0.1566,63,77.26,96.0,97.7,98.5,74.6
3095,115.03,1,Tuna,70,smooth,318,0.1566,64,77.27,96.0,97.7,98.5,74.6
3096,79.91,1,Ghostfish,50,mixed,315,0.1565,65,77.55,96.0,97.7,98.5,74.6
3097,88.81,1,Slimejack,55,dart,413,0.1565,66,77.74,96.0,97.7,98.5,74.6
3098,150.19,1,Dorado,78,mixed,685,0.1565,67,78.50,96.0,97.7,98.5,74.6
3099,123.24,1,Stingray,80,sinker,423,0.1565,68,78.96,96.0,97.7,98.5,74.7
3100,75.38,1,Flounder,50,sinker,343,0.1564,69,79.06,96.0,97.7,98.5,74.7
3101,62.40,1,Chub,35,dart,340,0.1564,70,79.04,96.0,97.7,98.5,74.7
3102,59.54,1,Chub,35,dart,333,0.1564,71,79.15,96.0,97.7,98.5,74.7
3103,85.48,1,Lionfish,50,smooth,330,0.1563,72,79.18,96.0,97.7,98.5,74.7
3104,63.97,1,Bream,35,smooth,345,0.1563,73,78.63,96.0,97.7,98.5,74.7
3105,92.14,1,Stonefish,65,sinker,330,0.1563,74,78.41,96.0,97.7,98.5,74.7
3106,110.15,1,Catfish,75,mixed,305,0.1563,75,79.76,97.0,97.7,98.5,74.7
3107,69.46,1,Red Snapper,40,mixed,330,0.1562,76,80.46,98.0,97.7,98.5,74.7
3108,91.07,1,Stonefish,65,sinker,385,0.1562,77,80.80,98.0,97.7,98.5,74.7
3109,67.95,1,Red Snapper,40,mixed,328,0.1562,78,80.83,98.0,97.7,98.5,74.7
3110,50.23,1,Sunfish,30,mixed,318,0.1562,79,80.57,98.0,97.7,98.5,74.7
3111,77.94,1,Salmon,50,mixed,328,0.1561,80,80.41,98.0,97.7,98.5,74.7
3112,57.48,1,Chub,35,dart,330,0.1561,81,80.10,98.0,97.7,98.5,74.7
3113,120.76,1,Catfish,75,mixed,375,0.1561,82,80.28,98.0,97.7,98.5,74.8
3114,63.67,1,Sea Cucumber,40,sinker,340,0.1561,83,80.40,98.0,97.7,98.5,74.8
3115,88.99,1,Pike,60,dart,325,0.1560,84,80.17,98.0,97.7,98.5,74.8
3116,84.79,1,Woodskip,50,mixed,320,0.1560,85,80.74,98.0,97.7,98.5,74.8
3117,30.38,1,Carp,15,mixed,328,0.1560,86,80.36,98.0,97.7,98.5,74.8
3118,89.61,1,Blue Discus,60,dart,390,0.1560,87,80.24,98.0,97.7,98.6,74.8
3119,68.28,1,Sea Cucumber,40,sinker,340,0.1559,88,80.45,98.0,97.7,98.6,74.8
3120,123.83,1,Squid,75,sinker,480,0.1559,89,80.94,98.0,97.7,98.6,74.8
3121,31.61,1,Carp,15,mixed,338,0.1559,90,80.66,98.0,97.7,98.6,74.8
3122,78.44,1,Tilapia,50,mixed,315,0.1559,91,80.81,98.0,97.7,98.6,74.8
3123,-26.12,0,Lava Eel,90,mixed,305,0.1558,0,79.79,97.0,97.7,98.6,74.7
3124,111.11,1,Eel,70,smooth,318,0.1558,1,79.52,97.0,97.7,98.6,74.7
3125,101.63,1,Albacore,60,mixed,370,0.1558,2,79.99,97.0,97.7,98.6,74.7
3126,29.91,1,Carp,15,mixed,330,0.1558,3,79.83,97.0,97.7,98.6,74.7
3127,65.36,1,Sea Cucumber,40,sinker,360,0.1557,4,79.44,97.0,97.7,98.6,74.7
3128,86.46,1,Largemouth Bass,50,mixed,443,0.1557,5,80.68,98.0,97.7,98.6,74.7
3129,51.90,1,Sunfish,30,mixed,328,0.1557,6,80.15,98.0,97.7,98.6,74.7
3130,76.36,1,Shad,45,smooth,330,0.1556,7,80.32,98.0,97.7,98.6,74.7
3131,65.16,1,Bream,35,smooth,345,0.1556,8,81.19,99.0,97.7,98.6,74.7
3132,78.81,1,Walleye,45,smooth,330,0.1556,9,81.34,99.0,97.7,98.6,74.7
3133,87.75,1,Midnight Carp,55,mixed,323,0.1556,10,81.49,99.0,97.7,98.6,74.7
3134,53.62,1,Sardine,30,dart,350,0.1555,11,81.36,99.0,97.7,98.6,74.7
3135,106.17,1,Squid,75,sinker,328,0.1555,12,81.75,99.0,97.7,98.6,74.7
3136,62.57,1,Perch,35,dart,325,0.1555,13,81.86,99.0,97.7,98.6,74.7
3137,82.71,1,Woodskip,50,mixed,320,0.1555,14,82.10,99.0,97.7,98.6,74.7
3138,99.58,1,Albacore,60,mixed,328,0.1554,15,81.53,99.0,97.7,98.6,74.7
3139,78.70,1,Halibut,50,sinker,330,0.1554,16,80.99,99.0,97.7,98.6,74.7
3140,122.65,1,Pufferfish,80,floater,338,0.1554,17,81.36,99.0,97.7,98.6,74.8
3141,66.16,1,Sea Cucumber,40,sinker,340,0.1554,18,81.51,99.0,97.7,98.6,74.8
3142,64.52,1,Bream,35,smooth,343,0.1553,19,80.87,99.0,97.7,98.6,74.8
3143,80.93,1,Bullhead,46,smooth,328,0.1553,20,81.15,99.0,97.7,98.6,74.8
3144,124.21,1,Pufferfish,80,floater,335,0.1553,21,81.88,99.0,97.7,98.6,74.8
3145,29.86,1,Carp,15,mixed,330,0.1553,22,81.38,99.0,97.7,98.6,74.8
3146,71.37,1,Sea Cucumber,40,sinker,343,0.1552,23,81.15,99.0,97.7,98.6,74.8
3147,101.76,1,Tiger Trout,60,dart,415,0.1552,24,80.97,99.0,97.7,98.6,74.8
3148,77.91,1,Bullhead,46,smooth,330,0.1552,25,81.01,99.0,97.7,98.6,74.8
3149,41.03,1,Herring,25,dart,348,0.1552,26,80.91,99.0,97.7,98.6,74.8
3150,62.45,1,Sea Cucumber,40,sinker,388,0.1551,27,80.65,99.0,97.7,98.6,74.8
3151,54.23,0,Scorpion Carp,90,dart,1005,0.1551,0,80.89,99.0,97.7,98.6,74.7
3152,76.31,1,Walleye,45,smooth,333,0.1551,1,81.10,99.0,97.7,98.6,74.7
3153,91.55,1,Pike,60,dart,328,0.1550,2,80.53,99.0,97.7,98.6,74.7
3154,61.45,1,Chub,35,dart,328,0.1550,3,80.51,99.0,97.7,98.6,74.7
3155,30.01,1,Carp,15,mixed,328,0.1550,4,80.05,99.0,97.7,98.6,74.7
3156,75.35,1,Goby,55,dart,308,0.1550,5,79.68,99.0,97.7,98.6,74.7
3157,78.31,1,Halibut,50,sinker,328,0.1549,6,79.55,99.0,97.7,98.6,74.7
3158,132.58,1,Octopus,95,sinker,365,0.1549,7,79.62,99.0,97.7,98.6,74.7
3159,51.21,1,Sunfish,30,mixed,325,0.1549,8,79.08,99.0,97.7,98.6,74.7
3160,87.48,1,Stonefish,65,sinker,325,0.1549,9,78.18,99.0,97.7,98.6,74.7
3161,61.14,1,Perch,35,dart,348,0.1548,10,78.29,99.0,97.7,98.6,74.7
3162,99.04,1,Eel,70,smooth,325,0.1548,11,78.59,99.0,97.7,98.6,74.7
3163,80.80,1,Largemouth Bass,50,mixed,333,0.1548,12,78.36,99.0,97.7,98.6,74.7
3164,105.27,1,Sandfish,65,mixed,313,0.1548,13,78.84,99.0,97.7,98.6,74.7
3165,67.11,1,Red Snapper,40,mixed,328,0.1547,14,78.68,99.0,97.7,98.6,74.7
3166,102.32,1,Slimejack,55,dart,588,0.1547,15,78.92,99.0,97.7,98.6,74.7
3167,100.37,1,Sandfish,65,mixed,325,0.1547,16,78.86,99.0,97.7,98.6,74.7
3168,66.70,1,Sea Cucumber,40,sinker,340,0.1547,17,78.99,99.0,97.7,98.6,74.7
3169,103.76,1,Tiger Trout,60,dart,503,0.1546,18,79.17,99.0,97.7,98.6,74.7
3170,54.74,1,Sunfish,30,mixed,328,0.1546,19,79.42,99.0,97.7,98.6,74.7
3171,40.77,1,Herring,25,dart,365,0.1546,20,78.46,99.0,97.7,98.6,74.7
3172,78.71,1,Walleye,45,smooth,330,0.1546,21,78.65,99.0,97.7,98.6,74.7
3173,80.33,1,Tilapia,50,mixed,348,0.1545,22,77.94,99.0,97.7,98.6,74.7
3174,52.83,1,Sardine,30,dart,340,0.1545,23,77.87,99.0,97.7,98.6,74.7
3175,10.96,0,Scorpion Carp,90,dart,659,0.1545,0,77.50,99.0,97.7,98.6,74.6
3176,88.55,1,Salmon,50,mixed,468,0.1544,1,77.86,99.0,97.7,98.6,74.6
3177,51.43,1,Smallmouth Bass,28,mixed,330,0.1544,2,77.82,99.0,97.7,98.6,74.6
3178,92.32,1,Albacore,60,mixed,308,0.1544,3,78.21,99.0,97.7,98.6,74.6
3179,86.29,1,Midnight Carp,55,mixed,325,0.1544,4,77.99,99.0,97.7,98.6,74.6
3180,53.95,1,Sardine,30,dart,350,0.1543,5,77.91,99.0,97.7,98.6,74.6
3181,130.90,1,Lingcod,85,mixed,480,0.1543,6,77.68,99.0,97.7,98.6,74.6
3182,64.53,1,Perch,35,dart,370,0.1543,7,77.33,99.0,97.7,98.6,74.6
3183,64.81,1,Bream,35,smooth,350,0.1543,8,76.82,99.0,97.7,98.6,74.6
3184,46.22,1,Herring,25,dart,378,0.1542,9,75.99,99.0,97.7,98.6,74.6
3185,54.14,1,Sardine,30,dart,345,0.1542,10,75.65,99.0,97.8,98.6,74.6
3186,55.99,1,Sardine,30,dart,340,0.1542,11,75.56,99.0,97.8,98.6,74.6
3187,89.33,1,Red Mullet,55,smooth,328,0.1542,12,75.62,99.0,97.8,98.6,74.6
3188,123.05,1,Stingray,80,sinker,345,0.1541,13,75.91,99.0,97.8,98.6,74.7
3189,155.30,1,Super Cucumber,80,sinker,645,0.1541,14,76.33,99.0,97.8,98.6,74.7
3190,49.71,1,Smallmouth Bass,28,mixed,333,0.1541,15,76.20,99.0,97.8,98.6,74.7
3191,63.75,1,Bream,35,smooth,358,0.1541,16,76.37,99.0,97.8,98.6,74.7
3192,86.36,1,Goby,55,dart,358,0.1540,17,76.69,99.0,97.8,98.6,74.7
3193,64.25,1,Red Snapper,40,mixed,328,0.1540,18,76.70,99.0,97.8,98.6,74.7
3194,65.32,1,Sea Cucumber,40,sinker,340,0.1540,19,76.85,99.0,97.8,98.6,74.7
3195,73.96,1,Rainbow Trout,45,mixed,323,0.1539,20,76.44,99.0,97.8,98.6,74.7
3196,76.12,1,Shad,45,smooth,328,0.1539,21,76.40,99.0,97.8,98.6,74.7
3197,126.55,1,Squid,75,sinker,495,0.1539,22,76.78,99.0,97.8,98.6,74.8
3198,82.26,1,Blue Discus,60,dart,413,0.1539,23,76.10,99.0,97.8,98.6,74.8
3199,141.04,1,Sandfish,65,mixed,653,0.1538,24,76.28,99.0,97.8,98.6,74.8
3200,77.74,1,Bullhead,46,smooth,328,0.1538,25,76.30,99.0,97.8,98.6,74.8
3201,105.32,1,Tuna,70,smooth,320,0.1538,26,76.73,99.0,97.8,98.6,74.8
3202,53.04,1,Anchovy,30,dart,335,0.1538,27,76.66,99.0,97.8,98.6,74.8
3203,72.98,1,Rainbow Trout,45,mixed,320,0.1537,28,76.54,99.0,97.8,98.6,74.8
3204,172.30,1,Dorado,78,mixed,845,0.1537,29,77.62,99.0,97.8,98.6,74.8
3205,93.53,1,Red Mullet,55,smooth,320,0.1537,30,77.64,99.0,97.8,98.6,74.8
3206,54.35,1,Anchovy,30,dart,343,0.1537,31,77.08,99.0,97.8,98.6,74.8
3207,82.48,1,Ghostfish,50,mixed,355,0.1536,32,77.21,99.0,97.8,98.6,74.8
3208,54.51,1,Sardine,30,dart,335,0.1536,33,76.84,99.0,97.8,98.6,74.8
3209,64.56,1,Bream,35,smooth,340,0.1536,34,76.81,99.0,97.8,98.6,74.8
3210,65.63,1,Perch,35,dart,483,0.1536,35,76.96,99.0,97.8,98.6,74.8
3211,77.05,1,Slimejack,55,dart,318,0.1535,36,76.95,99.0,97.8,98.6,74.8
3212,58.85,1,Perch,35,dart,353,0.1535,37,76.97,99.0,97.8,98.6,74.8
3213,134.96,1,Ice Pip,85,dart,420,0.1535,38,77.11,99.0,97.8,98.6,74.9
3214,112.31,1,Super Cucumber,80,sinker,475,0.1534,39,77.60,99.0,97.8,98.6,74.9
3215,72.24,1,Rainbow Trout,45,mixed,323,0.1534,40,77.43,99.0,97.8,98.6,74.9
3216,48.64,1,Herring,25,dart,383,0.1534,41,77.07,99.0,97.8,98.6,74.9
3217,-39.63,0,Ice Pip,85,dart,185,0.1534,0,76.37,98.0,97.8,98.6,74.8
3218,96.84,1,Albacore,60,mixed,353,0.1533,1,76.44,98.0,97.8,98.6,74.8
3219,-32.99,0,Lingcod,85,mixed,234,0.1533,0,75.43,97.0,97.8,98.6,74.6
3220,76.92,1,Salmon,50,mixed,338,0.1533,1,74.96,97.0,97.8,98.6,74.6
3221,31.35,1,Carp,15,mixed,328,0.1533,2,74.95,97.0,97.8,98.6,74.6
3222,187.51,1,Void Salmon,80,mixed,898,0.1532,3,76.04,97.0,97.8,98.6,74.7
3223,92.21,1,Midnight Carp,55,mixed,325,0.1532,4,77.23,98.0,97.8,98.6,74.7
3224,84.32,1,Lionfish,50,smooth,328,0.1532,5,76.96,98.0,97.8,98.6,74.7
3225,31.60,1,Carp,15,mixed,335,0.1532,6,76.26,98.0,97.8,98.6,74.7
3226,52.55,1,Sunfish,30,mixed,328,0.1531,7,76.49,98.0,97.8,98.6,74.7
3227,105.64,1,Dorado,78,mixed,320,0.1531,8,76.89,98.0,97.8,98.6,74.7
3228,53.82,1,Anchovy,30,dart,345,0.1531,9,76.56,98.0,97.8,98.6,74.7
3229,58.79,1,Chub,35,dart,335,0.1530,10,76.63,98.0,97.8,98.6,74.7
3230,68.69,1,Red Snapper,40,mixed,333,0.1530,11,76.55,98.0,97.8,98.6,74.7
3231,30.12,1,Carp,15,mixed,323,0.1530,12,76.20,98.0,97.8,98.6,74.7
3232,168.71,1,Lava Eel,90,mixed,700,0.1530,13,77.10,98.0,97.8,98.6,74.8
3233,61.31,1,Red Snapper,40,mixed,328,0.1529,14,76.84,98.0,97.8,98.6,74.8
3234,113.67,1,Eel,70,smooth,320,0.1529,15,77.44,98.0,97.8,98.6,74.8
3235,46.32,1,Herring,25,dart,365,0.1529,16,76.84,98.0,97.8,98.6,74.8
3236,30.45,1,Carp,15,mixed,328,0.1529,17,76.52,98.0,97.8,98.6,74.8
3237,54.68,1,Anchovy,30,dart,325,0.1528,18,76.24,98.0,97.8,98.6,74.8
3238,85.35,1,Slimejack,55,dart,330,0.1528,19,76.10,98.0,97.8,98.6,74.8
3239,49.70,0,Scorpion Carp,90,dart,1142,0.1528,0,75.81,98.0,97.8,98.6,74.6
3240,66.39,1,Sea Cucumber,40,sinker,338,0.1528,1,75.24,98.0,97.8,98.6,74.6
3241,-35.46,0,Ice Pip,85,dart,227,0.1527,0,74.23,97.0,97.8,98.6,74.5
3242,50.23,1,Sunfish,30,mixed,323,0.1527,1,74.09,97.0,97.8,98.6,74.5
3243,95.98,1,Eel,70,smooth,325,0.1527,2,74.24,97.0,97.8,98.6,74.5
3244,80.48,1,Tilapia,50,mixed,323,0.1526,3,73.80,97.0,97.8,98.6,74.5
3245,60.13,1,Perch,35,dart,340,0.1526,4,74.10,97.0,97.8,98.6,74.5
3246,48.82,1,Smallmouth Bass,28,mixed,330,0.1526,5,73.88,97.0,97.8,98.6,74.5
3247,84.93,1,Red Mullet,55,smooth,328,0.1526,6,73.71,97.0,97.8,98.6,74.5
3248,122.39,1,Tuna,70,smooth,425,0.1525,7,74.15,97.0,97.8,98.6,74.5
3249,130.63,1,Super Cucumber,80,sinker,410,0.1525,8,75.05,97.0,97.8,98.6,74.5
3250,52.17,1,Anchovy,30,dart,328,0.1525,9,74.95,97.0,97.8,98.6,74.5
3251,49.97,1,Anchovy,30,dart,350,0.1525,10,74.90,97.0,97.8,98.6,74.5
3252,63.27,1,Sea Cucumber,40,sinker,333,0.1524,11,74.77,97.0,97.8,98.6,74.5
3253,130.10,1,Squid,75,sinker,493,0.1524,12,75.16,97.0,97.8,98.6,74.6
3254,88.38,1,Tiger Trout,60,dart,378,0.1524,13,75.43,97.0,97.8,98.6,74.6
3255,61.18,1,Red Snapper,40,mixed,360,0.1524,14,75.74,97.0,97.8,98.6,74.6
3256,64.42,1,Sea Cucumber,40,sinker,323,0.1523,15,75.63,97.0,97.8,98.6,74.6
3257,114.56,1,Stingray,80,sinker,365,0.1523,16,75.99,97.0,97.8,98.6,74.6
3258,-42.72,0,Lava Eel,90,mixed,190,0.1523,0,74.24,96.0,97.8,98.6,74.5
3259,-36.98,0,Octopus,95,sinker,190,0.1522,0,73.36,95.0,97.8,98.6,74.4
3260,114.18,1,Super Cucumber,80,sinker,353,0.1522,1,73.62,95.0,97.8,98.6,74.4
3261,46.78,1,Herring,25,dart,375,0.1522,2,73.48,95.0,97.8,98.6,74.4
3262,87.14,1,Salmon,50,mixed,330,0.1522,3,73.36,95.0,97.8,98.6,74.4
3263,93.27,1,Slimejack,55,dart,485,0.1521,4,73.49,95.0,97.8,98.6,74.4
3264,125.25,1,Squid,75,sinker,483,0.1521,5,73.69,95.0,97.8,98.6,74.5
3265,96.54,1,Sandfish,65,mixed,325,0.1521,6,73.98,95.0,97.8,98.6,74.5
3266,84.25,1,Woodskip,50,mixed,333,0.1521,7,73.80,95.0,97.8,98.6,74.5
3267,113.61,1,Tuna,70,smooth,323,0.1520,8,73.93,95.0,97.8,98.6,74.5
3268,59.00,1,Perch,35,dart,325,0.1520,9,73.86,95.0,97.8,98.6,74.5
3269,53.13,1,Sunfish,30,mixed,320,0.1520,10,73.35,95.0,97.8,98.6,74.5
3270,91.07,1,Albacore,60,mixed,303,0.1520,11,73.71,95.0,97.8,98.6,74.5
3271,-34.70,0,Super Cucumber,80,sinker,167,0.1519,0,72.96,94.0,97.8,98.6,74.3
3272,86.68,1,Largemouth Bass,50,mixed,333,0.1519,1,73.04,94.0,97.8,98.6,74.3
3273,116.69,1,Dorado,78,mixed,370,0.1519,2,73.40,94.0,97.8,98.6,74.4
3274,136.03,1,Lingcod,85,mixed,380,0.1518,3,74.23,94.0,97.8,98.6,74.4
3275,109.64,1,Tuna,70,smooth,318,0.1518,4,75.22,94.0,97.8,98.6,74.4
3276,80.85,1,Slimejack,55,dart,333,0.1518,5,75.14,94.0,97.8,98.6,74.4
3277,52.46,1,Anchovy,30,dart,325,0.1518,6,75.15,94.0,97.8,98.6,74.4
3278,91.95,1,Midnight Carp,55,mixed,323,0.1517,7,75.15,94.0,97.8,98.6,74.4
3279,115.92,1,Sandfish,65,mixed,438,0.1517,8,75.45,94.0,97.8,98.6,74.4
3280,69.40,1,Halibut,50,sinker,303,0.1517,9,75.60,94.0,97.8,98.6,74.4
3281,63.07,1,Bream,35,smooth,325,0.1517,10,74.92,94.0,97.8,98.6,74.4
3282,137.71,1,Sturgeon,78,mixed,430,0.1516,11,75.65,94.0,97.8,98.6,74.5
3283,133.19,1,Dorado,78,mixed,533,0.1516,12,76.34,94.0,97.8,98.6,74.5
3284,74.79,1,Ghostfish,50,mixed,318,0.1516,13,76.62,94.0,97.8,98.6,74.5
3285,123.25,1,Sturgeon,78,mixed,325,0.1516,14,77.31,94.0,97.8,98.6,74.6
3286,88.38,1,Goby,55,dart,405,0.1515,15,77.64,94.0,97.8,98.6,74.6
3287,67.09,1,Sea Cucumber,40,sinker,350,0.1515,16,77.42,94.0,97.8,98.6,74.6
3288,-34.11,0,Lava Eel,90,mixed,245,0.1515,0,75.84,93.0,97.8,98.6,74.4
3289,97.00,1,Albacore,60,mixed,335,0.1514,1,75.26,93.0,97.8,98.6,74.4
3290,106.27,1,Tuna,70,smooth,320,0.1514,2,75.83,93.0,97.8,98.6,74.4
3291,51.69,1,Sardine,30,dart,333,0.1514,3,75.71,93.0,97.8,98.6,74.4
3292,58.06,1,Chub,35,dart,330,0.1514,4,75.42,93.0,97.8,98.6,74.4
3293,83.50,1,Halibut,50,sinker,328,0.1513,5,75.62,93.0,97.8,98.6,74.4
3294,113.20,1,Tuna,70,smooth,320,0.1513,6,76.09,93.0,97.8,98.6,74.4
3295,119.33,1,Sturgeon,78,mixed,295,0.1513,7,76.55,93.0,97.8,98.6,74.5
3296,107.66,1,Tuna,70,smooth,325,0.1513,8,76.86,93.0,97.8,98.6,74.5
3297,144.43,1,Void Salmon,80,mixed,493,0.1512,9,77.04,93.0,97.8,98.6,74.5
3298,125.00,1,Lingcod,85,mixed,358,0.1512,10,77.47,93.0,97.8,98.6,74.6
3299,87.64,1,Largemouth Bass,50,mixed,330,0.1512,11,76.94,93.0,97.8,98.6,74.6
3300,47.68,1,Herring,25,dart,340,0.1511,12,76.64,93.0,97.8,98.6,74.6
3301,76.46,1,Woodskip,50,mixed,325,0.1511,13,76.35,93.0,97.8,98.6,74.6
3302,126.59,1,Super Cucumber,80,sinker,443,0.1511,14,77.08,93.0,97.8,98.6,74.6
3303,29.63,1,Carp,15,mixed,333,0.1511,15,76.65,93.0,97.8,98.6,74.6
3304,61.13,1,Bream,35,smooth,328,0.1510,16,75.54,93.0,97.8,98.6,74.6
3305,101.74,1,Goby,55,dart,508,0.1510,17,75.62,93.0,97.8,98.6,74.6
3306,79.84,1,Salmon,50,mixed,325,0.1510,18,75.87,93.0,97.8,98.6,74.6
3307,63.74,1,Bream,35,smooth,330,0.1510,19,75.69,93.0,97.8,98.6,74.6
3308,78.68,1,Tilapia,50,mixed,385,0.1509,20,75.93,93.0,97.8,98.6,74.6
3309,51.92,1,Anchovy,30,dart,333,0.1509,21,75.80,93.0,97.8,98.6,74.6
3310,69.33,1,Sea Cucumber,40,sinker,410,0.1509,22,75.84,93.0,97.8,98.6,74.6
3311,59.52,1,Perch,35,dart,330,0.1509,23,75.66,93.0,97.8,98.6,74.6
3312,62.39,1,Sea Cucumber,40,sinker,328,0.1508,24,75.70,93.0,97.8,98.6,74.6
3313,88.70,1,Red Mullet,55,smooth,325,0.1508,25,75.24,93.0,97.8,98.6,74.6
3314,51.77,1,Sunfish,30,mixed,333,0.1508,26,74.63,93.0,97.8,98.6,74.6
3315,56.74,1,Perch,35,dart,338,0.1507,27,74.48,93.0,97.8,98.6,74.6
3316,111.25,1,Super Cucumber,80,sinker,318,0.1507,28,75.10,93.0,97.8,98.6,74.7
3317,42.85,0,Pufferfish,80,floater,1107,0.1507,0,75.93,94.0,97.8,98.6,74.5
3318,80.64,1,Bullhead,46,smooth,323,0.1507,1,75.76,94.0,97.8,98.6,74.5
3319,122.32,1,Sturgeon,78,mixed,330,0.1506,2,77.32,95.0,97.8,98.6,74.6
3320,139.95,1,Void Salmon,80,mixed,428,0.1506,3,77.95,95.0,97.8,98.6,74.6
3321,79.84,1,Flounder,50,sinker,320,0.1506,4,78.43,95.0,97.8,98.6,74.6
3322,88.70,1,Stonefish,65,sinker,315,0.1506,5,77.44,95.0,97.8,98.6,74.6
3323,135.62,1,Lingcod,85,mixed,395,0.1505,6,77.88,95.0,97.8,98.6,74.7
3324,97.95,1,Tuna,70,smooth,318,0.1505,7,78.02,95.0,97.8,98.7,74.7
3325,29.00,1,Carp,15,mixed,325,0.1505,8,77.99,95.0,97.8,98.7,74.7
3326,116.68,1,Sturgeon,78,mixed,333,0.1504,9,78.63,95.0,97.8,98.7,74.7
3327,82.19,1,Halibut,50,sinker,333,0.1504,10,78.40,95.0,97.8,98.7,74.7
3328,63.67,1,Perch,35,dart,328,0.1504,11,78.49,95.0,97.8,98.7,74.7
3329,66.72,1,Red Snapper,40,mixed,323,0.1504,12,78.57,95.0,97.8,98.7,74.7
3330,125.06,1,Sturgeon,78,mixed,483,0.1503,13,79.14,95.0,97.8,98.7,74.7
3331,61.02,1,Chub,35,dart,338,0.1503,14,79.45,95.0,97.8,98.7,74.7
3332,86.42,1,Blue Discus,60,dart,323,0.1503,15,78.62,95.0,97.8,98.7,74.7
3333,115.47,1,Squid,75,sinker,343,0.1503,16,79.17,95.0,97.8,98.7,74.8
3334,44.76,0,Pufferfish,80,floater,957,0.1502,0,78.48,95.0,97.8,98.7,74.7
3335,29.52,1,Carp,15,mixed,338,0.1502,1,78.31,95.0,97.8,98.7,74.7
3336,54.04,1,Sardine,30,dart,328,0.1502,2,78.54,95.0,97.8,98.7,74.7
3337,88.19,1,Largemouth Bass,50,mixed,340,0.1502,3,78.88,95.0,97.8,98.7,74.7
3338,125.71,1,Void Salmon,80,mixed,328,0.1501,4,79.28,95.0,97.8,98.7,74.7
3339,82.18,1,Woodskip,50,mixed,333,0.1501,5,79.61,95.0,97.8,98.7,74.7
3340,77.63,1,Walleye,45,smooth,333,0.1501,6,79.72,95.0,97.8,98.7,74.7
3341,-10.06,0,Pufferfish,80,floater,557,0.1500,0,79.97,95.0,97.8,98.7,74.6
3342,84.21,1,Lionfish,50,smooth,328,0.1500,1,80.31,95.0,97.8,98.7,74.6
3343,54.06,1,Sunfish,30,mixed,328,0.1500,2,79.89,95.0,97.8,98.7,74.6
3344,79.44,1,Woodskip,50,mixed,330,0.1500,3,79.88,95.0,97.8,98.7,74.6
3345,63.78,1,Bream,35,smooth,328,0.1499,4,79.92,95.0,97.8,98.7,74.6
3346,103.09,1,Sandfish,65,mixed,403,0.1499,5,80.46,95.0,97.8,98.7,74.6
3347,87.69,1,Salmon,50,mixed,335,0.1499,6,80.49,95.0,97.8,98.7,74.6
3348,128.59,1,Void Salmon,80,mixed,403,0.1499,7,80.55,95.0,97.8,98.7,74.6
3349,107.86,1,Squid,75,sinker,305,0.1498,8,80.33,95.0,97.8,98.7,74.7
3350,102.26,1,Stonefish,65,sinker,398,0.1498,9,80.83,95.0,97.8,98.7,74.7
3351,83.43,1,Largemouth Bass,50,mixed,330,0.1498,10,81.16,95.0,97.8,98.7,74.7
3352,114.07,1,Tuna,70,smooth,320,0.1497,11,81.67,95.0,97.8,98.7,74.7
3353,96.18,1,Midnight Carp,55,mixed,350,0.1497,12,81.33,95.0,97.8,98.7,74.7
3354,63.45,1,Bream,35,smooth,328,0.1497,13,81.08,95.0,97.8,98.7,74.7
3355,49.47,1,Smallmouth Bass,28,mixed,323,0.1497,14,80.96,95.0,97.8,98.7,74.7
3356,85.43,1,Woodskip,50,mixed,330,0.1496,15,81.17,95.0,97.8,98.7,74.7
3357,112.10,1,Sandfish,65,mixed,328,0.1496,16,81.15,95.0,97.8,98.7,74.7
3358,62.75,1,Perch,35,dart,340,0.1496,17,82.20,96.0,97.8,98.7,74.7
3359,54.30,1,Sardine,30,dart,333,0.1496,18,83.12,97.0,97.8,98.7,74.7
3360,61.60,1,Chub,35,dart,333,0.1495,19,82.59,97.0,97.8,98.7,74.7
3361,141.76,1,Super Cucumber,80,sinker,525,0.1495,20,83.54,97.0,97.8,98.7,74.7
3362,59.49,1,Perch,35,dart,330,0.1495,21,83.26,97.0,97.8,98.7,74.7
3363,120.65,1,Super Cucumber,80,sinker,385,0.1494,22,83.54,97.0,97.8,98.7,74.7
3364,85.11,1,Largemouth Bass,50,mixed,335,0.1494,23,83.14,97.0,97.8,98.7,74.7
3365,61.78,1,Perch,35,dart,335,0.1494,24,82.79,97.0,97.8,98.7,74.7
3366,37.67,0,Ice Pip,85,dart,815,0.1494,0,82.32,97.0,97.8,98.7,74.6
3367,49.07,1,Herring,25,dart,343,0.1493,1,81.68,97.0,97.8,98.7,74.6
3368,54.28,1,Sardine,30,dart,333,0.1493,2,81.63,97.0,97.8,98.7,74.6
3369,82.34,1,Halibut,50,sinker,345,0.1493,3,81.92,97.0,97.8,98.7,74.6
3370,73.51,1,Rainbow Trout,45,mixed,335,0.1493,4,81.75,97.0,97.8,98.7,74.6
3371,23.99,0,Ice Pip,85,dart,837,0.1492,0,82.33,98.0,97.8,98.7,74.5
3372,58.48,1,Perch,35,dart,328,0.1492,1,82.05,98.0,97.8,98.7,74.5
3373,102.94,1,Albacore,60,mixed,333,0.1492,2,81.91,98.0,97.8,98.7,74.5
3374,85.78,1,Salmon,50,mixed,330,0.1491,3,81.41,98.0,97.8,98.7,74.5
3375,50.17,1,Sardine,30,dart,338,0.1491,4,80.82,98.0,97.8,98.7,74.5
3376,52.86,1,Anchovy,30,dart,358,0.1491,5,80.54,98.0,97.9,98.7,74.5
3377,35.68,0,Pufferfish,80,floater,1095,0.1491,0,80.37,98.0,97.9,98.7,74.4
3378,62.67,1,Chub,35,dart,335,0.1490,1,80.08,98.0,97.9,98.7,74.4
3379,60.84,1,Perch,35,dart,335,0.1490,2,79.53,98.0,97.9,98.7,74.4
3380,82.66,1,Tilapia,50,mixed,333,0.1490,3,79.66,98.0,97.9,98.7,74.4
3381,48.18,1,Herring,25,dart,345,0.1490,4,79.51,98.0,97.9,98.7,74.4
3382,116.03,1,Eel,70,smooth,323,0.1489,5,79.29,98.0,97.9,98.7,74.4
3383,74.11,1,Red Snapper,40,mixed,363,0.1489,6,78.70,98.0,97.9,98.7,74.4
3384,55.42,1,Sardine,30,dart,335,0.1489,7,78.51,98.0,97.9,98.7,74.4
3385,117.11,1,Stingray,80,sinker,353,0.1488,8,78.45,98.0,97.9,98.7,74.4
3386,69.43,1,Red Snapper,40,mixed,328,0.1488,9,78.26,98.0,97.9,98.7,74.4
3387,30.28,1,Carp,15,mixed,343,0.1488,10,77.89,98.0,97.9,98.7,74.4
3388,69.26,1,Red Snapper,40,mixed,328,0.1488,11,78.92,99.0,97.9,98.7,74.4
3389,58.89,1,Chub,35,dart,335,0.1487,12,78.54,99.0,97.9,98.7,74.4
3390,86.56,1,Salmon,50,mixed,333,0.1487,13,78.34,99.0,97.9,98.7,74.4
3391,61.63,1,Bream,35,smooth,328,0.1487,14,78.44,99.0,97.9,98.7,74.4
3392,82.29,1,Woodskip,50,mixed,340,0.1487,15,78.69,99.0,97.9,98.7,74.4
3393,47.03,1,Herring,25,dart,368,0.1486,16,78.32,99.0,97.9,98.7,74.4
3394,70.85,1,Red Snapper,40,mixed,328,0.1486,17,77.90,99.0,97.9,98.7,74.4
3395,56.25,1,Sunfish,30,mixed,328,0.1486,18,77.27,99.0,97.9,98.7,74.4
3396,29.34,1,Carp,15,mixed,335,0.1485,19,76.48,99.0,97.9,98.7,74.4
3397,137.90,1,Lingcod,85,mixed,415,0.1485,20,76.42,99.0,97.9,98.7,74.5
3398,95.28,1,Pufferfish,80,floater,358,0.1485,21,76.12,99.0,97.9,98.7,74.5
3399,133.96,1,Lava Eel,90,mixed,375,0.1485,22,76.58,99.0,97.9,98.7,74.5
3400,115.60,1,Tuna,70,smooth,320,0.1484,23,77.26,99.0,97.9,98.7,74.5
3401,126.71,1,Lava Eel,90,mixed,493,0.1484,24,77.77,99.0,97.9,98.7,74.6
3402,77.94,1,Rainbow Trout,45,mixed,333,0.1484,25,77.28,99.0,97.9,98.7,74.6
3403,84.22,1,Goby,55,dart,318,0.1484,26,77.83,99.0,97.9,98.7,74.6
3404,92.00,1,Blue Discus,60,dart,333,0.1483,27,78.13,99.0,97.9,98.7,74.6
3405,78.33,1,Rainbow Trout,45,mixed,330,0.1483,28,77.90,99.0,97.9,98.7,74.6
3406,81.58,1,Woodskip,50,mixed,315,0.1483,29,77.92,99.0,97.9,98.7,74.6
3407,45.01,1,Herring,25,dart,335,0.1482,30,77.73,99.0,97.9,98.7,74.6
3408,28.49,1,Carp,15,mixed,333,0.1482,31,77.23,99.0,97.9,98.7,74.6
3409,29.88,1,Carp,15,mixed,333,0.1482,32,77.01,99.0,97.9,98.7,74.6
3410,69.31,1,Red Snapper,40,mixed,328,0.1482,33,77.01,99.0,97.9,98.7,74.6
3411,85.78,1,Ghostfish,50,mixed,328,0.1481,34,77.27,99.0,97.9,98.7,74.6
3412,120.83,1,Sandfish,65,mixed,440,0.1481,35,77.85,99.0,97.9,98.7,74.6
3413,86.96,1,Lionfish,50,smooth,330,0.1481,36,77.84,99.0,97.9,98.7,74.6
3414,84.42,1,Red Mullet,55,smooth,328,0.1481,37,78.16,99.0,97.9,98.7,74.6
3415,100.60,1,Squid,75,sinker,315,0.1480,38,78.60,99.0,97.9,98.7,74.6
3416,83.41,1,Largemouth Bass,50,mixed,338,0.1480,39,78.32,99.0,97.9,98.7,74.6
3417,61.39,1,Chub,35,dart,330,0.1480,40,78.51,99.0,97.9,98.7,74.6
3418,98.24,1,Sandfish,65,mixed,330,0.1479,41,78.69,99.0,97.9,98.7,74.6
3419,86.13,1,Lionfish,50,smooth,330,0.1479,42,78.32,99.0,97.9,98.7,74.6
3420,85.15,1,Red Mullet,55,smooth,328,0.1479,43,77.78,99.0,97.9,98.7,74.6
3421,81.05,1,Tilapia,50,mixed,323,0.1479,44,77.79,99.0,97.9,98.7,74.6
3422,76.28,1,Shad,45,smooth,325,0.1478,45,77.66,99.0,97.9,98.7,74.6
3423,75.29,1,Rainbow Trout,45,mixed,328,0.1478,46,77.06,99.0,97.9,98.7,74.6
3424,129.51,0,Pufferfish,80,floater,1824,0.1478,0,77.38,99.0,97.9,98.7,74.5
3425,81.80,1,Tilapia,50,mixed,333,0.1477,1,77.90,99.0,97.9,98.7,74.5
3426,59.64,1,Perch,35,dart,335,0.1477,2,77.33,99.0,97.9,98.7,74.5
3427,70.29,1,Red Snapper,40,mixed,335,0.1477,3,77.21,99.0,97.9,98.7,74.5
3428,-30.23,0,Pufferfish,80,floater,277,0.1477,0,76.28,98.0,97.9,98.7,74.4
3429,60.34,1,Perch,35,dart,338,0.1476,1,76.21,98.0,97.9,98.7,74.4
3430,28.13,1,Carp,15,mixed,318,0.1476,2,75.24,98.0,97.9,98.7,74.4
3431,-35.75,0,Scorpion Carp,90,dart,282,0.1476,0,74.27,97.0,97.9,98.7,74.2
3432,123.41,1,Sturgeon,78,mixed,318,0.1476,1,74.64,97.0,97.9,98.7,74.3
3433,79.63,1,Ghostfish,50,mixed,338,0.1475,2,74.29,97.0,97.9,98.7,74.3
3434,103.65,1,Tuna,70,smooth,315,0.1475,3,74.88,97.0,97.9,98.7,74.3
3435,132.05,1,Lava Eel,90,mixed,393,0.1475,4,75.90,97.0,97.9,98.7,74.3
3436,96.54,1,Albacore,60,mixed,403,0.1474,5,76.33,97.0,97.9,98.7,74.3
3437,71.70,1,Bullhead,46,smooth,323,0.1474,6,76.16,97.0,97.9,98.7,74.3
3438,44.31,1,Herring,25,dart,335,0.1474,7,75.35,97.0,97.9,98.7,74.3
3439,134.51,1,Stingray,80,sinker,475,0.1474,8,75.87,97.0,97.9,98.7,74.4
3440,51.83,1,Anchovy,30,dart,335,0.1473,9,75.61,97.0,97.9,98.7,74.4
3441,78.24,1,Shad,45,smooth,320,0.1473,10,76.50,98.0,97.9,98.7,74.4
3442,89.22,1,Stonefish,65,sinker,310,0.1473,11,76.55,98.0,97.9,98.7,74.4
3443,87.87,1,Red Mullet,55,smooth,318,0.1473,12,76.88,98.0,97.9,98.7,74.4
3444,123.02,1,Dorado,78,mixed,320,0.1472,13,77.32,98.0,97.9,98.7,74.4
3445,94.93,1,Albacore,60,mixed,333,0.1472,14,77.63,98.0,97.9,98.7,74.4
3446,104.08,1,Sandfish,65,mixed,333,0.1472,15,77.64,98.0,97.9,98.7,74.4
3447,67.99,1,Red Snapper,40,mixed,330,0.1471,16,77.44,98.0,97.9,98.7,74.4
3448,55.56,1,Chub,35,dart,320,0.1471,17,76.71,98.0,97.9,98.7,74.4
3449,99.83,1,Pike,60,dart,443,0.1471,18,76.63,98.0,97.9,98.7,74.4
3450,52.47,1,Anchovy,30,dart,330,0.1471,19,76.13,98.0,97.9,98.7,74.4
3451,61.76,1,Chub,35,dart,335,0.1470,20,75.92,98.0,97.9,98.7,74.4
3452,110.29,1,Eel,70,smooth,325,0.1470,21,75.88,98.0,97.9,98.7,74.4
3453,45.42,1,Herring,25,dart,328,0.1470,22,75.37,98.0,97.9,98.7,74.4
3454,77.89,1,Rainbow Trout,45,mixed,343,0.1469,23,75.52,98.0,97.9,98.7,74.4
3455,113.43,1,Stonefish,65,sinker,513,0.1469,24,76.16,98.0,97.9,98.7,74.4
3456,50.90,1,Sardine,30,dart,333,0.1469,25,75.81,98.0,97.9,98.7,74.4
3457,76.52,1,Bullhead,46,smooth,320,0.1469,26,75.46,98.0,97.9,98.7,74.4
3458,85.37,1,Salmon,50,mixed,325,0.1468,27,75.68,98.0,97.9,98.7,74.4
3459,90.88,1,Red Mullet,55,smooth,320,0.1468,28,76.05,98.0,97.9,98.7,74.4
3460,90.02,1,Tiger Trout,60,dart,325,0.1468,29,76.33,98.0,97.9,98.7,74.4
3461,85.61,1,Woodskip,50,mixed,328,0.1468,30,75.77,98.0,97.9,98.7,74.4
3462,137.90,1,Stingray,80,sinker,515,0.1467,31,76.55,98.0,97.9,98.7,74.5
3463,44.86,1,Herring,25,dart,323,0.1467,32,75.80,98.0,97.9,98.7,74.5
3464,60.90,1,Perch,35,dart,355,0.1467,33,75.55,98.0,97.9,98.7,74.5
3465,45.58,1,Herring,25,dart,333,0.1466,34,75.39,98.0,97.9,98.7,74.5
3466,53.86,1,Sardine,30,dart,348,0.1466,35,75.55,98.0,97.9,98.7,74.5
3467,85.55,1,Ghostfish,50,mixed,333,0.1466,36,75.92,98.0,97.9,98.7,74.5
3468,51.13,1,Smallmouth Bass,28,mixed,398,0.1466,37,75.89,98.0,97.9,98.7,74.5
3469,82.35,1,Halibut,50,sinker,415,0.1465,38,75.89,98.0,97.9,98.7,74.5
3470,50.28,1,Smallmouth Bass,28,mixed,373,0.1465,39,75.66,98.0,97.9,98.7,74.5
3471,76.85,1,Halibut,50,sinker,340,0.1465,40,76.18,98.0,97.9,98.7,74.5
3472,85.57,1,Woodskip,50,mixed,393,0.1465,41,76.45,98.0,97.9,98.7,74.5
3473,168.92,1,Pufferfish,80,floater,825,0.1464,42,77.11,98.0,97.9,98.7,74.5
3474,94.31,1,Red Mullet,55,smooth,330,0.1464,43,77.20,98.0,97.9,98.7,74.5
3475,79.24,1,Largemouth Bass,50,mixed,338,0.1464,44,77.49,98.0,97.9,98.7,74.5
3476,-7.95,0,Ice Pip,85,dart,499,0.1463,0,76.88,97.0,97.9,98.7,74.4
3477,112.91,1,Squid,75,sinker,433,0.1463,1,77.65,97.0,97.9,98.7,74.4
3478,53.77,1,Anchovy,30,dart,328,0.1463,2,77.57,97.0,97.9,98.7,74.4
3479,57.41,1,Chub,35,dart,330,0.1463,3,77.53,97.0,97.9,98.7,74.4
3480,63.14,1,Sea Cucumber,40,sinker,340,0.1462,4,77.34,97.0,97.9,98.7,74.4
3481,53.67,1,Sardine,30,dart,325,0.1462,5,77.39,97.0,97.9,98.7,74.4
3482,59.61,1,Chub,35,dart,320,0.1462,6,76.83,97.0,97.9,98.7,74.4
3483,55.49,1,Perch,35,dart,323,0.1461,7,76.64,97.0,97.9,98.7,74.4
3484,77.54,1,Rainbow Trout,45,mixed,320,0.1461,8,76.86,97.0,97.9,98.7,74.4
3485,133.02,1,Sturgeon,78,mixed,443,0.1461,9,77.02,97.0,97.9,98.7,74.5
3486,99.64,1,Sandfish,65,mixed,380,0.1461,10,77.32,97.0,97.9,98.7,74.5
3487,62.96,1,Perch,35,dart,363,0.1460,11,77.65,97.0,97.9,98.7,74.5
3488,141.24,1,Pufferfish,80,floater,745,0.1460,12,78.37,97.0,97.9,98.7,74.5
3489,82.36,1,Blue Discus,60,dart,323,0.1460,13,78.60,97.0,97.9,98.7,74.5
3490,134.04,1,Stingray,80,sinker,480,0.1460,14,79.08,97.0,97.9,98.7,74.5
3491,44.77,1,Herring,25,dart,328,0.1459,15,78.91,97.0,97.9,98.7,74.5
3492,128.91,1,Pufferfish,80,floater,465,0.1459,16,79.38,97.0,97.9,98.7,74.6
3493,110.06,1,Stonefish,65,sinker,430,0.1459,17,80.01,97.0,97.9,98.7,74.6
3494,142.78,1,Lava Eel,90,mixed,453,0.1458,18,80.73,97.0,97.9,98.7,74.6
3495,117.75,1,Dorado,78,mixed,335,0.1458,19,81.34,97.0,97.9,98.7,74.7
3496,52.83,1,Sardine,30,dart,328,0.1458,20,81.58,97.0,97.9,98.7,74.7
3497,83.38,1,Tilapia,50,mixed,365,0.1458,21,81.03,97.0,97.9,98.7,74.7
3498,78.66,1,Flounder,50,sinker,323,0.1457,22,80.87,97.0,97.9,98.7,74.7
3499,98.29,1,Albacore,60,mixed,445,0.1457,23,80.51,97.0,97.9,98.7,74.7
3500,121.12,1,Tuna,70,smooth,618,0.1457,24,80.56,97.0,97.9,98.7,74.7
3501,46.61,1,Herring,25,dart,335,0.1456,25,79.76,97.0,97.9,98.7,74.7
3502,122.64,1,Super Cucumber,80,sinker,388,0.1456,26,80.21,97.0,97.9,98.7,74.7
3503,84.54,1,Woodskip,50,mixed,325,0.1456,27,80.21,97.0,97.9,98.7,74.7
3504,58.78,1,Chub,35,dart,325,0.1456,28,79.88,97.0,97.9,98.7,74.7
3505,47.79,1,Smallmouth Bass,28,mixed,320,0.1455,29,79.58,97.0,97.9,98.7,74.7
3506,117.25,1,Squid,75,sinker,405,0.1455,30,79.93,97.0,97.9,98.7,74.8
3507,83.57,1,Tilapia,50,mixed,355,0.1455,31,80.32,97.0,97.9,98.7,74.8
3508,53.03,1,Sardine,30,dart,335,0.1454,32,80.56,97.0,97.9,98.7,74.8
3509,81.38,1,Salmon,50,mixed,333,0.1454,33,81.08,97.0,97.9,98.7,74.8
3510,72.33,1,Halibut,50,sinker,325,0.1454,34,81.11,97.0,97.9,98.7,74.8
3511,92.33,1,Blue Discus,60,dart,330,0.1454,35,81.17,97.0,97.9,98.7,74.8
3512,55.61,1,Anchovy,30,dart,333,0.1453,36,80.52,97.0,97.9,98.7,74.8
3513,124.73,1,Squid,75,sinker,458,0.1453,37,80.90,97.0,97.9,98.7,74.8
3514,53.48,1,Sardine,30,dart,340,0.1453,38,80.59,97.0,97.9,98.7,74.8
3515,-24.98,0,Ice Pip,85,dart,335,0.1453,0,79.33,96.0,97.9,98.7,74.7
3516,92.76,1,Blue Discus,60,dart,323,0.1452,1,79.43,96.0,97.9,98.7,74.7
3517,79.64,1,Goby,55,dart,318,0.1452,2,79.61,96.0,97.9,98.7,74.7
3518,90.45,1,Blue Discus,60,dart,328,0.1452,3,79.53,96.0,97.9,98.7,74.7
3519,52.12,1,Anchovy,30,dart,333,0.1451,4,79.19,96.0,97.9,98.7,74.7
3520,115.44,1,Tuna,70,smooth,318,0.1451,5,79.49,96.0,97.9,98.7,74.7
3521,82.49,1,Lionfish,50,smooth,325,0.1451,6,79.51,96.0,97.9,98.7,74.7
3522,147.69,1,Stingray,80,sinker,590,0.1451,7,80.22,96.0,97.9,98.7,74.7
3523,122.26,1,Squid,75,sinker,430,0.1450,8,80.69,96.0,97.9,98.7,74.8
3524,85.08,1,Lionfish,50,smooth,325,0.1450,9,80.25,96.0,97.9,98.7,74.8
3525,91.09,1,Red Mullet,55,smooth,325,0.1450,10,80.34,96.0,97.9,98.7,74.8
3526,79.41,1,Shad,45,smooth,323,0.1449,11,80.54,96.0,97.9,98.7,74.8
3527,125.54,1,Dorado,78,mixed,328,0.1449,12,81.09,96.0,97.9,98.7,74.8
3528,53.70,1,Smallmouth Bass,28,mixed,328,0.1449,13,81.93,97.0,97.9,98.7,74.8
3529,153.90,1,Lingcod,85,mixed,508,0.1449,14,82.87,97.0,97.9,98.7,74.8
3530,86.82,1,Lionfish,50,smooth,333,0.1448,15,83.45,97.0,97.9,98.7,74.8
3531,119.16,1,Dorado,78,mixed,355,0.1448,16,85.00,98.0,97.9,98.7,74.9
3532,104.97,1,Eel,70,smooth,338,0.1448,17,84.82,98.0,97.9,98.7,74.9
3533,82.63,1,Ghostfish,50,mixed,343,0.1448,18,84.85,98.0,97.9,98.7,74.9
3534,63.49,1,Chub,35,dart,340,0.1447,19,84.45,98.0,97.9,98.7,74.9
3535,82.27,1,Halibut,50,sinker,328,0.1447,20,83.95,98.0,97.9,98.7,74.9
3536,-31.58,0,Sturgeon,78,mixed,272,0.1447,0,82.67,97.0,97.9,98.7,74.8
3537,102.82,1,Sandfish,65,mixed,388,0.1446,1,82.98,97.0,97.9,98.7,74.8
3538,31.75,1,Carp,15,mixed,373,0.1446,2,82.85,97.0,97.9,98.7,74.8
3539,62.02,1,Bream,35,smooth,328,0.1446,3,82.13,97.0,97.9,98.7,74.8
3540,30.39,1,Carp,15,mixed,318,0.1446,4,81.91,97.0,97.9,98.7,74.8
3541,53.94,1,Sardine,30,dart,333,0.1445,5,81.67,97.0,97.9,98.7,74.8
3542,89.03,1,Midnight Carp,55,mixed,350,0.1445,6,81.67,97.0,97.9,98.7,74.8
3543,60.41,1,Chub,35,dart,350,0.1445,7,81.39,97.0,97.9,98.7,74.8
3544,118.82,1,Pufferfish,80,floater,438,0.1444,8,81.35,97.0,97.9,98.7,74.8
3545,71.35,1,Walleye,45,smooth,328,0.1444,9,81.12,97.0,97.9,98.8,74.8
3546,99.99,1,Albacore,60,mixed,350,0.1444,10,81.08,97.0,97.9,98.8,74.8
3547,128.92,1,Catfish,75,mixed,425,0.1444,11,81.68,97.0,97.9,98.8,74.8
3548,98.83,1,Albacore,60,mixed,350,0.1443,12,82.12,97.0,97.9,98.8,74.8
3549,55.51,1,Anchovy,30,dart,325,0.1443,13,81.67,97.0,97.9,98.8,74.8
3550,97.13,1,Tiger Trout,60,dart,378,0.1443,14,82.12,97.0,97.9,98.8,74.8
3551,97.81,1,Albacore,60,mixed,345,0.1442,15,82.48,97.0,97.9,98.8,74.8
3552,57.00,1,Sunfish,30,mixed,335,0.1442,16,81.95,97.0,97.9,98.8,74.8
3553,85.48,1,Ghostfish,50,mixed,335,0.1442,17,82.35,97.0,97.9,98.8,74.8
3554,30.93,1,Carp,15,mixed,335,0.1442,18,81.88,97.0,97.9,98.8,74.8
3555,142.13,1,Lingcod,85,mixed,458,0.1441,19,82.17,97.0,97.9,98.8,74.9
3556,52.92,1,Smallmouth Bass,28,mixed,325,0.1441,20,82.19,97.0,97.9,98.8,74.9
3557,63.41,1,Bream,35,smooth,328,0.1441,21,82.06,97.0,97.9,98.8,74.9
3558,73.15,1,Halibut,50,sinker,325,0.1440,22,81.93,97.0,97.9,98.8,74.9
3559,110.82,1,Tuna,70,smooth,318,0.1440,23,82.13,97.0,97.9,98.8,74.9
3560,108.73,1,Sandfish,65,mixed,338,0.1440,24,82.32,97.0,97.9,98.8,74.9
3561,77.28,1,Bullhead,46,smooth,325,0.1440,25,82.24,97.0,97.9,98.8,74.9
3562,82.83,1,Ghostfish,50,mixed,335,0.1439,26,81.69,97.0,97.9,98.8,74.9
3563,79.26,1,Shad,45,smooth,325,0.1439,27,82.03,97.0,97.9,98.8,74.9
3564,61.66,1,Perch,35,dart,325,0.1439,28,82.04,97.0,97.9,98.8,74.9
3565,152.92,1,Lava Eel,90,mixed,548,0.1439,29,83.11,97.0,97.9,98.8,74.9
3566,122.05,1,Pufferfish,80,floater,363,0.1438,30,83.79,97.0,97.9,98.8,75.0
3567,94.19,1,Pike,60,dart,330,0.1438,31,83.88,97.0,97.9,98.8,75.0
3568,85.99,1,Midnight Carp,55,mixed,323,0.1438,32,84.23,97.0,97.9,98.8,75.0
3569,68.12,1,Sea Cucumber,40,sinker,333,0.1437,33,84.09,97.0,97.9,98.8,75.0
3570,92.03,1,Goby,55,dart,395,0.1437,34,84.50,97.0,97.9,98.8,75.0
3571,62.35,1,Bream,35,smooth,325,0.1437,35,84.36,97.0,97.9,98.8,75.0
3572,84.00,1,Tilapia,50,mixed,338,0.1437,36,84.34,97.0,97.9,98.8,75.0
3573,79.11,1,Rainbow Trout,45,mixed,333,0.1436,37,83.44,97.0,97.9,98.8,75.0
3574,78.89,1,Walleye,45,smooth,325,0.1436,38,83.29,97.0,97.9,98.8,75.0
3575,67.46,1,Sea Cucumber,40,sinker,328,0.1436,39,83.17,97.0,97.9,98.8,75.0
3576,63.03,1,Chub,35,dart,323,0.1435,40,83.88,98.0,97.9,98.8,75.0
3577,153.60,1,Lingcod,85,mixed,535,0.1435,41,84.29,98.0,97.9,98.8,75.0
3578,61.99,1,Perch,35,dart,328,0.1435,42,84.37,98.0,97.9,98.8,75.0
3579,122.62,1,Catfish,75,mixed,378,0.1435,43,85.02,98.0,97.9,98.8,75.0
3580,79.54,1,Walleye,45,smooth,330,0.1434,44,85.19,98.0,97.9,98.8,75.0
3581,-27.79,0,Ice Pip,85,dart,377,0.1434,0,84.37,97.0,97.9,98.8,74.9
3582,104.18,1,Albacore,60,mixed,393,0.1434,1,84.82,97.0,97.9,98.8,74.9
3583,82.65,1,Salmon,50,mixed,335,0.1433,2,85.09,97.0,97.9,98.8,74.9
3584,83.71,1,Goby,55,dart,323,0.1433,3,85.15,97.0,97.9,98.8,74.9
3585,60.17,1,Perch,35,dart,330,0.1433,4,84.42,97.0,97.9,98.8,74.9
3586,137.92,1,Lava Eel,90,mixed,350,0.1433,5,84.81,97.0,97.9,98.8,75.0
3587,61.70,1,Perch,35,dart,328,0.1432,6,84.79,97.0,97.9,98.8,75.0
3588,68.25,1,Sea Cucumber,40,sinker,328,0.1432,7,84.06,97.0,97.9,98.8,75.0
3589,54.22,1,Sunfish,30,mixed,328,0.1432,8,83.78,97.0,97.9,98.8,75.0
3590,87.67,1,Midnight Carp,55,mixed,378,0.1431,9,83.32,97.0,97.9,98.8,75.0
3591,108.90,1,Sandfish,65,mixed,338,0.1431,10,83.96,97.0,97.9,98.8,75.0
3592,-5.61,0,Octopus,95,sinker,520,0.1431,0,82.61,96.0,97.9,98.8,74.8
3593,84.78,1,Goby,55,dart,328,0.1431,1,82.36,96.0,97.9,98.8,74.8
3594,84.37,1,Lionfish,50,smooth,320,0.1430,2,81.78,96.0,97.9,98.8,74.8
3595,81.48,1,Slimejack,55,dart,325,0.1430,3,81.41,96.0,97.9,98.8,74.8
3596,63.48,1,Bream,35,smooth,325,0.1430,4,81.52,96.0,97.9,98.8,74.8
3597,62.00,1,Perch,35,dart,328,0.1429,5,81.31,96.0,98.0,98.8,74.8
3598,79.14,1,Walleye,45,smooth,323,0.1429,6,81.31,96.0,98.0,98.8,74.8
3599,85.10,1,Woodskip,50,mixed,338,0.1429,7,81.18,96.0,98.0,98.8,74.8
3600,85.03,1,Salmon,50,mixed,328,0.1429,8,80.82,96.0,98.0,98.8,74.8
3601,150.54,1,Lava Eel,90,mixed,525,0.1428,9,81.86,96.0,98.0,98.8,74.9
3602,91.74,1,Midnight Carp,55,mixed,348,0.1428,10,81.55,96.0,98.0,98.8,74.9
3603,30.19,1,Carp,15,mixed,318,0.1428,11,81.01,96.0,98.0,98.8,74.9
3604,140.11,1,Lava Eel,90,mixed,425,0.1428,12,81.82,96.0,98.0,98.8,74.9
3605,67.39,1,Sea Cucumber,40,sinker,328,0.1427,13,82.02,96.0,98.0,98.8,74.9
3606,100.47,1,Pike,60,dart,348,0.1427,14,81.85,96.0,98.0,98.8,74.9
3607,88.19,1,Ghostfish,50,mixed,333,0.1427,15,81.89,96.0,98.0,98.8,74.9
3608,63.83,1,Chub,35,dart,360,0.1426,16,82.00,96.0,98.0,98.8,74.9
3609,59.27,1,Perch,35,dart,323,0.1426,17,81.78,96.0,98.0,98.8,74.9
3610,76.36,1,Rainbow Trout,45,mixed,328,0.1426,18,81.82,96.0,98.0,98.8,74.9
3611,79.67,1,Walleye,45,smooth,335,0.1426,19,81.69,96.0,98.0,98.8,74.9
3612,-33.05,0,Lava Eel,90,mixed,225,0.1425,0,80.81,95.0,98.0,98.8,74.8
3613,-24.47,0,Sturgeon,78,mixed,275,0.1425,0,79.32,94.0,98.0,98.8,74.7
3614,90.86,1,Tiger Trout,60,dart,355,0.1425,1,79.69,94.0,98.0,98.8,74.7
3615,89.45,1,Red Mullet,55,smooth,318,0.1424,2,80.83,95.0,98.0,98.8,74.7
3616,86.66,1,Salmon,50,mixed,338,0.1424,3,80.77,95.0,98.0,98.8,74.7
3617,160.48,1,Lava Eel,90,mixed,525,0.1424,4,81.58,95.0,98.0,98.8,74.7
3618,126.29,1,Super Cucumber,80,sinker,415,0.1424,5,81.94,95.0,98.0,98.8,74.8
3619,31.04,1,Carp,15,mixed,375,0.1423,6,81.73,95.0,98.0,98.8,74.8
3620,51.55,1,Sardine,30,dart,318,0.1423,7,81.09,95.0,98.0,98.8,74.8
3621,125.61,1,Sturgeon,78,mixed,340,0.1423,8,81.52,95.0,98.0,98.8,74.8
3622,46.67,1,Herring,25,dart,330,0.1422,9,80.51,95.0,98.0,98.8,74.8
3623,108.85,1,Sandfish,65,mixed,335,0.1422,10,80.38,95.0,98.0,98.8,74.8
3624,84.71,1,Ghostfish,50,mixed,345,0.1422,11,80.37,95.0,98.0,98.8,74.8
3625,75.38,1,Flounder,50,sinker,330,0.1422,12,80.22,95.0,98.0,98.8,74.8
3626,114.89,1,Sturgeon,78,mixed,343,0.1421,13,80.57,95.0,98.0,98.8,74.8
3627,60.41,1,Perch,35,dart,353,0.1421,14,79.92,95.0,98.0,98.8,74.8
3628,62.22,1,Bream,35,smooth,328,0.1421,15,80.01,95.0,98.0,98.8,74.8
3629,-21.57,0,Stingray,80,sinker,269,0.1420,0,78.25,94.0,98.0,98.8,74.7
3630,91.82,1,Pike,60,dart,363,0.1420,1,78.30,94.0,98.0,98.8,74.7
3631,64.73,1,Perch,35,dart,450,0.1420,2,77.76,94.0,98.0,98.8,74.7
3632,57.75,1,Chub,35,dart,323,0.1420,3,77.28,94.0,98.0,98.8,74.7
3633,64.65,1,Chub,35,dart,378,0.1419,4,77.10,94.0,98.0,98.8,74.7
3634,99.23,1,Midnight Carp,55,mixed,448,0.1419,5,77.46,94.0,98.0,98.8,74.7
3635,94.59,1,Midnight Carp,55,mixed,348,0.1419,6,77.59,94.0,98.0,98.8,74.7
3636,92.80,1,Albacore,60,mixed,400,0.1418,7,78.83,95.0,98.0,98.8,74.7
3637,138.34,1,Super Cucumber,80,sinker,495,0.1418,8,79.18,95.0,98.0,98.8,74.8
3638,117.25,1,Stonefish,65,sinker,488,0.1418,9,80.04,95.0,98.0,98.8,74.8
3639,64.29,1,Bream,35,smooth,335,0.1418,10,80.06,95.0,98.0,98.8,74.8
3640,114.68,1,Stonefish,65,sinker,493,0.1417,11,80.90,95.0,98.0,98.8,74.8
3641,54.84,1,Smallmouth Bass,28,mixed,405,0.1417,12,80.91,95.0,98.0,98.8,74.8
3642,48.90,1,Herring,25,dart,403,0.1417,13,80.51,95.0,98.0,98.8,74.8
3643,75.63,1,Walleye,45,smooth,323,0.1416,14,80.66,95.0,98.0,98.8,74.8
3644,116.73,1,Sturgeon,78,mixed,328,0.1416,15,80.64,95.0,98.0,98.8,74.8
3645,-26.76,0,Scorpion Carp,90,dart,329,0.1416,0,79.66,94.0,98.0,98.8,74.7
3646,-18.20,0,Lingcod,85,mixed,397,0.1416,0,78.48,93.0,98.0,98.8,74.6
3647,90.71,1,Pike,60,dart,398,0.1415,1,78.10,93.0,98.0,98.8,74.6
3648,73.38,1,Halibut,50,sinker,333,0.1415,2,77.84,93.0,98.0,98.8,74.6
3649,84.44,1,Tilapia,50,mixed,350,0.1415,3,78.13,93.0,98.0,98.8,74.6
3650,51.22,1,Anchovy,30,dart,320,0.1414,4,77.67,93.0,98.0,98.8,74.6
3651,64.18,1,Bream,35,smooth,328,0.1414,5,77.34,93.0,98.0,98.8,74.6
3652,93.68,1,Tiger Trout,60,dart,443,0.1414,6,77.70,93.0,98.0,98.8,74.6
3653,59.84,1,Perch,35,dart,350,0.1414,7,77.45,93.0,98.0,98.8,74.6
3654,82.76,1,Tilapia,50,mixed,343,0.1413,8,77.97,93.0,98.0,98.8,74.6
3655,74.41,1,Perch,35,dart,595,0.1413,9,77.29,93.0,98.0,98.8,74.6
3656,56.19,1,Perch,35,dart,315,0.1413,10,77.32,93.0,98.0,98.8,74.6
3657,62.59,1,Red Snapper,40,mixed,325,0.1412,11,77.31,93.0,98.0,98.8,74.6
3658,50.79,1,Smallmouth Bass,28,mixed,333,0.1412,12,77.09,93.0,98.0,98.8,74.6
3659,-38.41,0,Ice Pip,85,dart,167,0.1412,0,75.60,92.0,98.0,98.8,74.5
3660,86.89,1,Midnight Carp,55,mixed,350,0.1412,1,75.38,92.0,98.0,98.8,74.5
3661,52.70,1,Anchovy,30,dart,375,0.1411,2,75.13,92.0,98.0,98.8,74.5
3662,92.55,1,Red Mullet,55,smooth,325,0.1411,3,75.23,92.0,98.0,98.8,74.5
3663,78.48,1,Flounder,50,sinker,330,0.1411,4,75.22,92.0,98.0,98.8,74.5
3664,75.33,1,Flounder,50,sinker,305,0.1410,5,75.36,92.0,98.0,98.8,74.5
3665,153.76,1,Lava Eel,90,mixed,563,0.1410,6,75.37,92.0,98.0,98.8,74.5
3666,86.33,1,Salmon,50,mixed,335,0.1410,7,75.01,92.0,98.0,98.8,74.5
3667,93.91,1,Tiger Trout,60,dart,350,0.1410,8,75.01,92.0,98.0,98.8,74.5
3668,62.72,1,Bream,35,smooth,330,0.1409,9,74.78,92.0,98.0,98.8,74.5
3669,85.86,1,Lionfish,50,smooth,328,0.1409,10,74.95,92.0,98.0,98.8,74.5
3670,143.93,1,Lingcod,85,mixed,460,0.1409,11,75.47,92.0,98.0,98.8,74.5
3671,82.71,1,Lionfish,50,smooth,320,0.1408,12,75.68,92.0,98.0,98.8,74.5
3672,62.10,1,Sea Cucumber,40,sinker,328,0.1408,13,75.46,92.0,98.0,98.8,74.5
3673,170.87,1,Lingcod,85,mixed,825,0.1408,14,76.37,92.0,98.0,98.8,74.6
3674,97.05,1,Eel,70,smooth,333,0.1408,15,76.56,92.0,98.0,98.8,74.6
3675,65.97,1,Sea Cucumber,40,sinker,328,0.1407,16,76.54,92.0,98.0,98.8,74.6
3676,115.07,1,Void Salmon,80,mixed,335,0.1407,17,77.06,92.0,98.0,98.8,74.6
3677,53.33,1,Smallmouth Bass,28,mixed,338,0.1407,18,76.06,92.0,98.0,98.8,74.6
3678,114.64,1,Tuna,70,smooth,315,0.1406,19,76.59,92.0,98.0,98.8,74.6
3679,60.10,1,Red Snapper,40,mixed,320,0.1406,20,75.96,92.0,98.0,98.8,74.6
3680,109.74,1,Sandfish,65,mixed,435,0.1406,21,76.26,92.0,98.0,98.8,74.6
3681,34.62,0,Scorpion Carp,90,dart,974,0.1406,0,76.89,93.0,98.0,98.8,74.5
3682,32.55,1,Carp,15,mixed,463,0.1405,1,76.17,93.0,98.0,98.8,74.5
3683,-33.04,0,Lingcod,85,mixed,260,0.1405,0,75.01,92.0,98.0,98.8,74.4
3684,54.10,1,Sardine,30,dart,325,0.1405,1,74.72,92.0,98.0,98.8,74.4
3685,125.40,1,Super Cucumber,80,sinker,413,0.1404,2,75.37,92.0,98.0,98.8,74.4
3686,106.93,1,Super Cucumber,80,sinker,343,0.1404,3,75.06,92.0,98.0,98.8,74.5
3687,52.91,1,Anchovy,30,dart,348,0.1404,4,74.97,92.0,98.0,98.8,74.5
3688,65.70,1,Sea Cucumber,40,sinker,330,0.1404,5,74.95,92.0,98.0,98.8,74.5
3689,-28.80,0,Scorpion Carp,90,dart,299,0.1403,0,74.12,91.0,98.0,98.8,74.4
3690,61.50,1,Chub,35,dart,338,0.1403,1,73.85,91.0,98.0,98.8,74.4
3691,78.76,1,Flounder,50,sinker,375,0.1403,2,73.55,91.0,98.0,98.8,74.4
3692,78.31,1,Flounder,50,sinker,325,0.1402,3,74.39,92.0,98.0,98.8,74.4
3693,76.46,1,Walleye,45,smooth,323,0.1402,4,74.31,92.0,98.0,98.8,74.4
3694,60.83,1,Bream,35,smooth,355,0.1402,5,74.07,92.0,98.0,98.8,74.4
3695,33.43,1,Carp,15,mixed,425,0.1402,6,73.59,92.0,98.0,98.8,74.4
3696,57.24,1,Sardine,30,dart,360,0.1401,7,73.53,92.0,98.0,98.8,74.4
3697,63.69,1,Perch,35,dart,345,0.1401,8,73.55,92.0,98.0,98.8,74.4
3698,61.82,1,Chub,35,dart,353,0.1401,9,73.37,92.0,98.0,98.8,74.4
3699,49.62,1,Herring,25,dart,353,0.1400,10,73.02,92.0,98.0,98.8,74.4
3700,67.20,1,Red Snapper,40,mixed,325,0.1400,11,72.84,92.0,98.0,98.8,74.4
3701,66.97,1,Sea Cucumber,40,sinker,360,0.1400,12,72.00,92.0,98.0,98.8,74.4
3702,111.94,1,Squid,75,sinker,300,0.1400,13,72.21,92.0,98.0,98.8,74.4
3703,79.15,1,Tilapia,50,mixed,323,0.1399,14,72.70,92.0,98.0,98.8,74.4
3704,116.73,1,Void Salmon,80,mixed,310,0.1399,15,72.46,92.0,98.0,98.8,74.4
3705,105.19,1,Stonefish,65,sinker,453,0.1399,16,72.84,92.0,98.0,98.8,74.4
3706,79.98,1,Ghostfish,50,mixed,333,0.1398,17,72.64,92.0,98.0,98.8,74.4
3707,65.54,1,Bream,35,smooth,410,0.1398,18,72.41,92.0,98.0,98.8,74.4
3708,46.17,1,Herring,25,dart,360,0.1398,19,72.23,92.0,98.0,98.8,74.4
3709,68.87,1,Red Snapper,40,mixed,325,0.1398,20,72.33,92.0,98.0,98.8,74.4
3710,51.74,1,Anchovy,30,dart,320,0.1397,21,72.08,92.0,98.0,98.8,74.4
3711,92.85,1,Stonefish,65,sinker,368,0.1397,22,72.21,92.0,98.0,98.8,74.4
3712,-32.71,0,Lava Eel,90,mixed,250,0.1397,0,72.22,92.0,98.0,98.8,74.3
3713,143.02,1,Octopus,95,sinker,878,0.1396,1,73.89,93.0,98.0,98.8,74.4
3714,48.81,1,Sunfish,30,mixed,325,0.1396,2,73.47,93.0,98.0,98.8,74.4
3715,86.80,1,Red Mullet,55,smooth,325,0.1396,3,73.45,93.0,98.0,98.8,74.4
3716,53.54,1,Sardine,30,dart,380,0.1396,4,73.11,93.0,98.0,98.8,74.4
3717,85.18,1,Salmon,50,mixed,328,0.1395,5,72.36,93.0,98.0,98.8,74.4
3718,99.81,1,Albacore,60,mixed,350,0.1395,6,72.10,93.0,98.0,98.8,74.4
3719,75.81,1,Bullhead,46,smooth,328,0.1395,7,72.54,93.0,98.0,98.8,74.4
3720,81.50,1,Lionfish,50,smooth,318,0.1394,8,72.84,93.0,98.0,98.8,74.4
3721,104.38,1,Catfish,75,mixed,303,0.1394,9,72.63,93.0,98.0,98.8,74.4
3722,-31.25,0,Eel,70,smooth,207,0.1394,0,71.85,92.0,98.0,98.7,74.4
3723,59.06,1,Chub,35,dart,318,0.1394,1,71.35,92.0,98.0,98.7,74.4
3724,61.62,1,Sea Cucumber,40,sinker,365,0.1393,2,71.12,92.0,98.0,98.7,74.4
3725,-38.34,0,Stingray,80,sinker,167,0.1393,0,69.99,91.0,98.0,98.7,74.3
3726,47.06,1,Herring,25,dart,323,0.1393,1,69.31,91.0,98.0,98.7,74.3
3727,81.47,1,Flounder,50,sinker,318,0.1392,2,69.52,91.0,98.0,98.7,74.3
3728,58.01,1,Chub,35,dart,323,0.1392,3,69.48,91.0,98.0,98.7,74.3
3729,-37.37,0,Stingray,80,sinker,167,0.1392,0,69.32,91.0,98.0,98.7,74.2
3730,79.05,1,Halibut,50,sinker,330,0.1392,1,69.19,91.0,98.0,98.7,74.2
3731,73.72,1,Flounder,50,sinker,335,0.1391,2,69.28,91.0,98.0,98.7,74.2
3732,-30.73,0,Sturgeon,78,mixed,247,0.1391,0,68.40,90.0,98.0,98.7,74.1
3733,91.90,1,Red Mullet,55,smooth,330,0.1391,1,68.67,90.0,98.0,98.8,74.1
3734,79.44,1,Tilapia,50,mixed,340,0.1390,2,68.47,90.0,98.0,98.8,74.1
3735,79.02,1,Shad,45,smooth,333,0.1390,3,68.31,90.0,98.0,98.8,74.1
3736,-30.80,0,Scorpion Carp,90,dart,287,0.1390,0,67.08,89.0,98.0,98.8,73.9
3737,66.52,1,Sea Cucumber,40,sinker,385,0.1390,1,66.36,89.0,98.0,98.8,73.9
3738,60.21,1,Chub,35,dart,318,0.1389,2,65.79,89.0,98.0,98.8,73.9
3739,46.95,1,Herring,25,dart,348,0.1389,3,65.62,89.0,98.0,98.8,73.9
3740,90.40,1,Tiger Trout,60,dart,323,0.1389,4,65.37,89.0,98.0,98.8,73.9
3741,62.63,1,Chub,35,dart,323,0.1388,5,65.45,89.0,98.0,98.8,73.9
3742,53.83,1,Red Snapper,40,mixed,335,0.1388,6,65.50,89.0,98.0,98.8,73.9
3743,82.15,1,Salmon,50,mixed,328,0.1388,7,65.57,89.0,98.0,98.8,73.9
3744,80.83,1,Flounder,50,sinker,333,0.1388,8,65.21,89.0,98.0,98.8,73.9
3745,79.74,1,Largemouth Bass,50,mixed,328,0.1387,9,66.27,90.0,98.0,98.8,73.9
3746,56.14,1,Chub,35,dart,323,0.1387,10,67.02,91.0,98.0,98.8,73.9
3747,-28.81,0,Scorpion Carp,90,dart,329,0.1387,0,65.82,90.0,98.0,98.8,73.8
3748,59.90,1,Chub,35,dart,330,0.1386,1,65.69,90.0,98.0,98.8,73.8
3749,101.94,1,Stonefish,65,sinker,395,0.1386,2,65.86,90.0,98.0,98.8,73.8
3750,50.93,1,Smallmouth Bass,28,mixed,325,0.1386,3,65.86,90.0,98.0,98.8,73.8
3751,79.79,1,Slimejack,55,dart,318,0.1385,4,66.01,90.0,98.0,98.8,73.8
3752,64.63,1,Bream,35,smooth,368,0.1385,5,65.72,90.0,98.0,98.8,73.8
3753,80.16,1,Walleye,45,smooth,335,0.1385,6,65.93,90.0,98.0,98.8,73.8
3754,97.65,1,Eel,70,smooth,328,0.1385,7,66.08,90.0,98.0,98.8,73.8
3755,46.06,1,Herring,25,dart,345,0.1384,8,65.79,90.0,98.0,98.8,73.8
3756,65.49,1,Bream,35,smooth,388,0.1384,9,65.88,90.0,98.0,98.8,73.8
3757,82.04,1,Salmon,50,mixed,343,0.1384,10,66.08,90.0,98.0,98.8,73.8
3758,61.79,1,Chub,35,dart,325,0.1383,11,66.19,90.0,98.0,98.8,73.8
3759,-11.06,0,Carp,15,mixed,167,0.1383,0,66.46,90.0,98.0,98.8,73.8
3760,88.78,1,Red Mullet,55,smooth,320,0.1383,1,66.48,90.0,98.0,98.8,73.8
3761,99.26,1,Tiger Trout,60,dart,530,0.1383,2,66.95,90.0,98.0,98.8,73.8
3762,195.09,1,Octopus,95,sinker,715,0.1382,3,67.97,90.0,98.0,98.8,73.9
3763,83.52,1,Woodskip,50,mixed,335,0.1382,4,68.02,90.0,98.0,98.8,73.9
3764,-10.84,0,Carp,15,mixed,167,0.1382,0,67.16,89.0,97.9,98.8,73.9
3765,71.79,1,Largemouth Bass,50,mixed,333,0.1381,1,66.34,89.0,97.9,98.8,73.9
3766,53.39,1,Sunfish,30,mixed,328,0.1381,2,66.01,89.0,97.9,98.8,73.9
3767,83.55,1,Flounder,50,sinker,328,0.1381,3,65.91,89.0,97.9,98.8,73.9
3768,32.79,0,Lava Eel,90,mixed,819,0.1381,0,65.61,89.0,97.9,98.8,73.8
3769,71.97,1,Salmon,50,mixed,323,0.1380,1,65.47,89.0,97.9,98.8,73.8
3770,46.99,1,Herring,25,dart,333,0.1380,2,64.50,89.0,97.9,98.8,73.8
3771,-23.85,0,Sturgeon,78,mixed,325,0.1380,0,63.44,88.0,97.9,98.8,73.7
3772,-39.91,0,Scorpion Carp,90,dart,232,0.1379,0,62.42,87.0,97.9,98.8,73.5
3773,50.06,1,Smallmouth Bass,28,mixed,330,0.1379,1,61.21,87.0,97.9,98.8,73.5
3774,47.00,1,Herring,25,dart,328,0.1379,2,60.71,87.0,97.9,98.8,73.5
3775,54.92,1,Sunfish,30,mixed,330,0.1379,3,60.60,87.0,97.9,98.8,73.5
3776,63.37,1,Bream,35,smooth,345,0.1378,4,60.08,87.0,97.9,98.8,73.5
3777,59.43,1,Perch,35,dart,328,0.1378,5,60.14,87.0,97.9,98.8,73.5
3778,115.41,1,Catfish,75,mixed,335,0.1378,6,60.15,87.0,97.9,98.8,73.6
3779,70.34,1,Sea Cucumber,40,sinker,428,0.1377,7,60.25,87.0,97.9,98.8,73.6
3780,85.69,1,Salmon,50,mixed,318,0.1377,8,60.01,87.0,97.9,98.8,73.6
3781,62.59,1,Bream,35,smooth,340,0.1377,9,60.29,87.0,97.9,98.8,73.6
3782,106.83,1,Pufferfish,80,floater,365,0.1377,10,61.03,87.0,97.9,98.8,73.6
3783,50.53,1,Sardine,30,dart,338,0.1376,11,61.87,88.0,97.9,98.8,73.6
3784,75.00,1,Rainbow Trout,45,mixed,325,0.1376,12,62.08,88.0,97.9,98.8,73.6
3785,89.94,1,Blue Discus,60,dart,378,0.1376,13,61.72,88.0,97.9,98.8,73.6
3786,75.43,1,Rainbow Trout,45,mixed,325,0.1375,14,61.41,88.0,97.9,98.8,73.6
3787,120.60,1,Dorado,78,mixed,313,0.1375,15,62.08,88.0,97.9,98.8,73.7
3788,50.80,1,Smallmouth Bass,28,mixed,328,0.1375,16,61.94,88.0,97.9,98.8,73.7
3789,51.15,1,Anchovy,30,dart,323,0.1374,17,62.73,89.0,97.9,98.8,73.7
3790,-28.00,0,Pufferfish,80,floater,295,0.1374,0,61.84,88.0,97.9,98.8,73.6
3791,117.45,1,Eel,70,smooth,393,0.1374,1,62.23,88.0,97.9,98.8,73.6
3792,70.04,1,Red Snapper,40,mixed,325,0.1374,2,62.14,88.0,97.9,98.8,73.6
3793,117.64,1,Tuna,70,smooth,338,0.1373,3,62.56,88.0,97.9,98.8,73.6
3794,92.22,1,Albacore,60,mixed,375,0.1373,4,62.87,88.0,97.9,98.8,73.6
3795,86.93,1,Midnight Carp,55,mixed,330,0.1373,5,63.40,88.0,97.9,98.8,73.6
3796,54.53,1,Chub,35,dart,323,0.1372,6,63.38,88.0,97.9,98.8,73.6
3797,81.58,1,Lionfish,50,smooth,320,0.1372,7,63.56,88.0,97.9,98.8,73.6
3798,81.96,1,Largemouth Bass,50,mixed,340,0.1372,8,63.76,88.0,97.9,98.8,73.6
3799,78.19,1,Walleye,45,smooth,320,0.1372,9,64.04,88.0,97.9,98.8,73.6
3800,32.34,1,Carp,15,mixed,333,0.1371,10,63.70,88.0,97.9,98.8,73.6
3801,51.84,1,Sardine,30,dart,320,0.1371,11,63.54,88.0,97.9,98.8,73.6
3802,52.72,1,Anchovy,30,dart,320,0.1371,12,62.95,88.0,97.9,98.8,73.6
3803,65.72,1,Red Snapper,40,mixed,323,0.1370,13,62.82,88.0,97.9,98.8,73.6
3804,85.75,1,Lionfish,50,smooth,320,0.1370,14,62.51,88.0,97.9,98.8,73.6
3805,60.06,1,Perch,35,dart,315,0.1370,15,62.06,88.0,97.9,98.8,73.6
3806,74.43,1,Rainbow Trout,45,mixed,328,0.1370,16,62.00,88.0,97.9,98.8,73.6
3807,54.72,1,Sardine,30,dart,335,0.1369,17,61.89,88.0,97.9,98.8,73.6
3808,53.86,1,Sardine,30,dart,323,0.1369,18,61.97,88.0,97.9,98.8,73.6
3809,67.91,1,Sea Cucumber,40,sinker,333,0.1369,19,61.96,88.0,97.9,98.8,73.6
3810,151.55,1,Pufferfish,80,floater,923,0.1368,20,62.96,88.0,97.9,98.8,73.6
3811,32.01,1,Carp,15,mixed,333,0.1368,21,62.35,88.0,97.9,98.8,73.6
3812,97.09,1,Stonefish,65,sinker,315,0.1368,22,63.65,89.0,97.9,98.8,73.6
3813,84.90,1,Slimejack,55,dart,318,0.1368,23,63.07,89.0,97.9,98.8,73.6
3814,90.80,1,Albacore,60,mixed,333,0.1367,24,63.49,89.0,97.9,98.8,73.6
3815,69.71,1,Sea Cucumber,40,sinker,343,0.1367,25,63.32,89.0,97.9,98.8,73.6
3816,85.95,1,Woodskip,50,mixed,330,0.1367,26,63.64,89.0,97.9,98.8,73.6
3817,125.91,1,Void Salmon,80,mixed,308,0.1366,27,64.05,89.0,97.9,98.8,73.6
3818,90.33,1,Red Mullet,55,smooth,323,0.1366,28,63.95,89.0,97.9,98.8,73.6
3819,31.66,1,Carp,15,mixed,335,0.1366,29,63.51,89.0,97.9,98.8,73.6
3820,77.75,1,Halibut,50,sinker,323,0.1365,30,63.47,89.0,97.9,98.8,73.6
3821,69.16,1,Red Snapper,40,mixed,325,0.1365,31,63.12,89.0,97.9,98.8,73.6
3822,63.76,1,Sea Cucumber,40,sinker,353,0.1365,32,64.07,90.0,97.9,98.8,73.6
3823,81.92,1,Goby,55,dart,323,0.1365,33,64.30,90.0,97.9,98.8,73.6
3824,75.15,1,Rainbow Trout,45,mixed,328,0.1364,34,64.43,90.0,97.9,98.8,73.6
3825,104.98,1,Sandfish,65,mixed,328,0.1364,35,65.87,91.0,97.9,98.8,73.6
3826,69.80,1,Red Snapper,40,mixed,323,0.1364,36,66.10,91.0,97.9,98.8,73.6
3827,127.08,1,Sturgeon,78,mixed,580,0.1363,37,66.55,91.0,97.9,98.8,73.7
3828,84.31,1,Lionfish,50,smooth,325,0.1363,38,66.81,91.0,97.9,98.8,73.7
3829,83.54,1,Lionfish,50,smooth,330,0.1363,39,68.02,92.0,97.9,98.8,73.7
3830,-30.07,0,Sturgeon,78,mixed,254,0.1363,0,66.93,91.0,97.9,98.8,73.6
3831,49.80,1,Smallmouth Bass,28,mixed,325,0.1362,1,66.69,91.0,97.9,98.8,73.6
3832,64.32,1,Bream,35,smooth,335,0.1362,2,67.64,92.0,97.9,98.8,73.6
3833,32.19,1,Carp,15,mixed,333,0.1362,3,67.05,92.0,97.9,98.8,73.6
3834,88.23,1,Red Mullet,55,smooth,318,0.1361,4,67.13,92.0,97.9,98.8,73.6
3835,54.25,1,Sardine,30,dart,345,0.1361,5,66.89,92.0,97.9,98.8,73.6
3836,48.54,1,Herring,25,dart,328,0.1361,6,67.68,93.0,98.0,98.8,73.6
3837,86.54,1,Pike,60,dart,345,0.1361,7,67.88,93.0,98.0,98.8,73.6
3838,32.68,1,Carp,15,mixed,340,0.1360,8,67.60,93.0,98.0,98.8,73.6
3839,93.80,1,Red Mullet,55,smooth,323,0.1360,9,68.07,93.0,98.0,98.8,73.6
3840,79.65,1,Tilapia,50,mixed,335,0.1360,10,67.97,93.0,98.0,98.8,73.6
3841,149.28,1,Lava Eel,90,mixed,540,0.1359,11,68.83,93.0,98.0,98.8,73.6
3842,53.12,1,Anchovy,30,dart,343,0.1359,12,68.83,93.0,98.0,98.8,73.6
3843,57.84,1,Chub,35,dart,340,0.1359,13,68.58,93.0,98.0,98.8,73.6
3844,153.04,1,Octopus,95,sinker,528,0.1358,14,69.30,93.0,98.0,98.8,73.6
3845,32.67,1,Carp,15,mixed,338,0.1358,15,68.83,93.0,98.0,98.8,73.6
3846,-32.64,0,Ice Pip,85,dart,309,0.1358,0,67.95,92.0,98.0,98.8,73.5
3847,68.84,1,Red Snapper,40,mixed,328,0.1358,1,68.92,93.0,98.0,98.8,73.5
3848,113.53,1,Stingray,80,sinker,315,0.1357,2,69.46,93.0,98.0,98.8,73.6
3849,68.22,1,Red Snapper,40,mixed,325,0.1357,3,69.12,93.0,98.0,98.8,73.6
3850,94.41,1,Stonefish,65,sinker,318,0.1357,4,69.56,93.0,98.0,98.8,73.6
3851,66.18,1,Sea Cucumber,40,sinker,338,0.1356,5,69.42,93.0,98.0,98.8,73.6
3852,58.56,1,Chub,35,dart,330,0.1356,6,69.36,93.0,98.0,98.8,73.6
3853,143.13,1,Void Salmon,80,mixed,480,0.1356,7,69.99,93.0,98.0,98.8,73.6
3854,48.11,1,Herring,25,dart,330,0.1356,8,69.49,93.0,98.0,98.8,73.6
3855,63.09,1,Bream,35,smooth,335,0.1355,9,69.66,93.0,98.0,98.8,73.6
3856,82.64,1,Tilapia,50,mixed,328,0.1355,10,69.84,93.0,98.0,98.8,73.6
3857,101.93,1,Albacore,60,mixed,330,0.1355,11,70.03,93.0,98.0,98.8,73.6
3858,-28.91,0,Catfish,75,mixed,204,0.1354,0,69.13,92.0,98.0,98.8,73.5
3859,77.92,1,Rainbow Trout,45,mixed,330,0.1354,1,70.02,93.0,98.0,98.8,73.5
3860,71.71,0,Lava Eel,90,mixed,1160,0.1354,0,69.85,93.0,98.0,98.8,73.4
3861,14.54,0,Ice Pip,85,dart,602,0.1353,0,69.00,93.0,98.0,98.8,73.3
3862,62.95,1,Perch,35,dart,320,0.1353,1,67.68,93.0,98.0,98.8,73.3
3863,60.80,1,Bream,35,smooth,328,0.1353,2,67.45,93.0,98.0,98.8,73.3
3864,54.20,1,Sunfish,30,mixed,333,0.1353,3,68.10,94.0,98.0,98.8,73.3
3865,83.46,1,Lionfish,50,smooth,320,0.1352,4,68.22,94.0,98.0,98.8,73.3
3866,76.38,1,Shad,45,smooth,320,0.1352,5,68.45,94.0,98.0,98.8,73.3
3867,84.42,1,Salmon,50,mixed,335,0.1352,6,68.46,94.0,98.0,98.8,73.3
3868,49.84,1,Smallmouth Bass,28,mixed,323,0.1351,7,68.63,94.0,98.0,98.8,73.3
3869,80.57,1,Flounder,50,sinker,325,0.1351,8,68.71,94.0,98.0,98.8,73.3
3870,76.25,1,Rainbow Trout,45,mixed,328,0.1351,9,69.01,94.0,98.0,98.8,73.3
3871,67.38,1,Rainbow Trout,45,mixed,325,0.1351,10,69.92,95.0,98.0,98.8,73.3
3872,172.96,1,Super Cucumber,80,sinker,760,0.1350,11,72.05,96.0,98.0,98.8,73.3
3873,79.81,1,Woodskip,50,mixed,325,0.1350,12,72.34,96.0,98.0,98.8,73.3
3874,82.98,1,Tilapia,50,mixed,330,0.1350,13,72.70,96.0,98.0,98.8,73.3
3875,50.42,1,Sardine,30,dart,328,0.1349,14,72.66,96.0,98.0,98.8,73.3
3876,77.01,1,Shad,45,smooth,328,0.1349,15,72.80,96.0,98.0,98.8,73.3
3877,126.69,1,Sturgeon,78,mixed,400,0.1349,16,73.47,96.0,98.0,98.8,73.4
3878,46.45,1,Herring,25,dart,320,0.1349,17,72.78,96.0,98.0,98.8,73.4
3879,55.23,1,Anchovy,30,dart,328,0.1348,18,72.63,96.0,98.0,98.8,73.4
3880,151.35,1,Lingcod,85,mixed,655,0.1348,19,73.28,96.0,98.0,98.8,73.4
3881,85.98,1,Tiger Trout,60,dart,333,0.1348,20,73.52,96.0,98.0,98.8,73.4
3882,128.06,1,Dorado,78,mixed,408,0.1347,21,73.73,96.0,98.0,98.8,73.4
3883,47.41,1,Herring,25,dart,338,0.1347,22,73.70,96.0,98.0,98.8,73.4
3884,29.61,1,Carp,15,mixed,428,0.1347,23,73.24,96.0,98.0,98.8,73.4
3885,193.42,1,Lingcod,85,mixed,1085,0.1346,24,74.28,96.0,98.0,98.8,73.5
3886,60.44,1,Bream,35,smooth,335,0.1346,25,74.13,96.0,98.0,98.8,73.5
3887,102.75,1,Sturgeon,78,mixed,345,0.1346,26,73.95,96.0,98.0,98.8,73.5
3888,53.12,1,Sunfish,30,mixed,325,0.1346,27,73.97,96.0,98.0,98.8,73.5
3889,47.91,0,Scorpion Carp,90,dart,935,0.1345,0,73.94,96.0,98.0,98.8,73.4
3890,52.63,1,Anchovy,30,dart,325,0.1345,1,74.75,97.0,98.0,98.8,73.4
3891,75.56,1,Goby,55,dart,315,0.1345,2,74.33,97.0,98.0,98.8,73.4
3892,77.31,1,Largemouth Bass,50,mixed,355,0.1344,3,74.40,97.0,98.0,98.8,73.4
3893,50.34,1,Sardine,30,dart,318,0.1344,4,73.73,97.0,98.0,98.8,73.4
3894,147.20,1,Catfish,75,mixed,790,0.1344,5,74.28,97.0,98.0,98.8,73.4
3895,59.51,1,Perch,35,dart,368,0.1344,6,74.00,97.0,98.0,98.8,73.4
3896,59.27,1,Perch,35,dart,323,0.1343,7,74.05,97.0,98.0,98.8,73.4
3897,60.69,1,Sea Cucumber,40,sinker,350,0.1343,8,73.84,97.0,98.0,98.8,73.4
3898,59.37,1,Chub,35,dart,333,0.1343,9,73.62,97.0,98.0,98.8,73.4
3899,49.91,1,Sunfish,30,mixed,325,0.1342,10,73.33,97.0,98.0,98.8,73.4
3900,51.50,1,Sardine,30,dart,343,0.1342,11,73.53,97.0,98.0,98.8,73.4
3901,112.71,1,Eel,70,smooth,320,0.1342,12,74.14,97.0,98.0,98.8,73.4
3902,135.71,1,Lingcod,85,mixed,533,0.1341,13,74.97,97.0,98.0,98.8,73.5
3903,91.21,1,Pike,60,dart,385,0.1341,14,75.22,97.0,98.0,98.8,73.5
3904,49.69,1,Smallmouth Bass,28,mixed,328,0.1341,15,74.86,97.0,98.0,98.8,73.5
3905,-3.98,0,Ice Pip,85,dart,487,0.1341,0,74.22,96.0,98.0,98.8,73.4
3906,30.48,1,Carp,15,mixed,488,0.1340,1,73.78,96.0,98.0,98.8,73.4
3907,-32.98,0,Pufferfish,80,floater,179,0.1340,0,72.90,95.0,98.0,98.8,73.3
3908,86.63,1,Goby,55,dart,403,0.1340,1,73.23,95.0,98.0,98.8,73.3
3909,57.78,1,Perch,35,dart,320,0.1339,2,73.13,95.0,98.0,98.8,73.3
3910,148.30,1,Lingcod,85,mixed,515,0.1339,3,73.10,95.0,98.0,98.8,73.3
3911,30.37,1,Carp,15,mixed,508,0.1339,4,73.08,95.0,98.0,98.8,73.3
3912,28.72,1,Carp,15,mixed,318,0.1339,5,72.40,95.0,98.0,98.8,73.3
3913,50.77,1,Sunfish,30,mixed,323,0.1338,6,72.05,95.0,98.0,98.8,73.3
3914,78.63,1,Walleye,45,smooth,318,0.1338,7,71.93,95.0,98.0,98.8,73.3
3915,46.33,1,Sunfish,30,mixed,325,0.1338,8,71.70,95.0,98.0,98.8,73.3
3916,64.31,1,Sea Cucumber,40,sinker,333,0.1337,9,71.48,95.0,98.0,98.8,73.3
3917,47.28,1,Sunfish,30,mixed,325,0.1337,10,70.70,95.0,98.0,98.8,73.3
3918,80.23,1,Flounder,50,sinker,325,0.1337,11,70.60,95.0,98.0,98.8,73.3
3919,77.19,1,Shad,45,smooth,320,0.1336,12,71.05,95.0,98.0,98.8,73.3
3920,87.77,1,Blue Discus,60,dart,308,0.1336,13,71.15,95.0,98.0,98.8,73.3
3921,50.33,1,Sunfish,30,mixed,328,0.1336,14,70.96,95.0,98.0,98.8,73.3
3922,131.44,1,Lingcod,85,mixed,350,0.1336,15,71.64,95.0,98.0,98.8,73.4
3923,28.98,1,Carp,15,mixed,333,0.1335,16,71.11,95.0,98.0,98.8,73.4
3924,44.99,1,Smallmouth Bass,28,mixed,328,0.1335,17,70.81,95.0,98.0,98.8,73.4
3925,102.78,1,Pike,60,dart,568,0.1335,18,70.79,95.0,98.0,98.8,73.4
3926,79.50,1,Shad,45,smooth,323,0.1334,19,70.88,95.0,98.0,98.8,73.4
3927,57.77,1,Perch,35,dart,320,0.1334,20,70.19,95.0,98.0,98.8,73.4
3928,84.82,1,Lionfish,50,smooth,323,0.1334,21,70.20,95.0,98.0,98.8,73.4
3929,64.55,1,Red Snapper,40,mixed,333,0.1334,22,70.01,95.0,98.0,98.8,73.4
3930,28.90,1,Carp,15,mixed,450,0.1333,23,70.60,96.0,98.0,98.8,73.4
3931,156.26,1,Dorado,78,mixed,565,0.1333,24,71.66,96.0,98.0,98.8,73.4
3932,76.41,1,Woodskip,50,mixed,333,0.1333,25,71.78,96.0,98.0,98.8,73.4
3933,118.79,1,Dorado,78,mixed,550,0.1332,26,72.65,96.0,98.0,98.8,73.4
3934,84.59,1,Woodskip,50,mixed,323,0.1332,27,72.61,96.0,98.0,98.8,73.4
3935,82.47,1,Tilapia,50,mixed,320,0.1332,28,72.89,96.0,98.0,98.8,73.4
3936,-16.40,0,Pufferfish,80,floater,332,0.1331,0,72.24,95.0,98.0,98.8,73.3
3937,49.65,1,Sardine,30,dart,318,0.1331,1,71.87,95.0,98.0,98.8,73.3
3938,80.11,1,Halibut,50,sinker,338,0.1331,2,72.35,95.0,98.0,98.8,73.3
3939,92.15,1,Blue Discus,60,dart,395,0.1331,3,72.33,95.0,98.0,98.8,73.3
3940,80.37,1,Ghostfish,50,mixed,323,0.1330,4,72.34,95.0,98.0,98.8,73.3
3941,76.76,1,Halibut,50,sinker,320,0.1330,5,71.61,95.0,98.0,98.8,73.3
3942,-26.98,0,Ice Pip,85,dart,364,0.1330,0,70.81,94.0,98.0,98.8,73.2
3943,56.74,1,Chub,35,dart,320,0.1329,1,70.80,94.0,98.0,98.8,73.2
3944,130.18,1,Void Salmon,80,mixed,498,0.1329,2,70.57,94.0,98.0,98.8,73.3
3945,92.04,1,Blue Discus,60,dart,310,0.1329,3,71.17,94.0,98.0,98.8,73.3
3946,79.71,1,Ghostfish,50,mixed,335,0.1328,4,72.29,95.0,98.0,98.8,73.3
3947,83.91,1,Halibut,50,sinker,328,0.1328,5,72.44,95.0,98.0,98.8,73.3
3948,78.11,1,Shad,45,smooth,325,0.1328,6,72.09,95.0,98.0,98.8,73.3
3949,51.17,1,Sardine,30,dart,318,0.1328,7,71.92,95.0,98.0,98.8,73.3
3950,86.78,1,Tiger Trout,60,dart,375,0.1327,8,71.84,95.0,98.0,98.8,73.3
3951,30.77,1,Carp,15,mixed,335,0.1327,9,71.49,95.0,98.0,98.8,73.3
3952,71.53,1,Rainbow Trout,45,mixed,323,0.1327,10,71.62,95.0,98.0,98.8,73.3
3953,60.05,1,Perch,35,dart,330,0.1326,11,70.79,95.0,98.0,98.8,73.3
3954,59.60,1,Bream,35,smooth,328,0.1326,12,70.90,95.0,98.0,98.8,73.3
3955,57.12,1,Perch,35,dart,355,0.1326,13,70.84,95.0,98.0,98.8,73.3
3956,56.34,1,Chub,35,dart,323,0.1326,14,70.58,95.0,98.0,98.8,73.3
3957,104.87,1,Tuna,70,smooth,315,0.1325,15,70.61,95.0,98.0,98.8,73.3
3958,66.90,1,Sea Cucumber,40,sinker,355,0.1325,16,71.57,96.0,98.0,98.8,73.3
3959,86.41,1,Midnight Carp,55,mixed,313,0.1325,17,71.65,96.0,98.0,98.8,73.3
3960,102.55,1,Tuna,70,smooth,313,0.1324,18,71.96,96.0,98.0,98.8,73.3
3961,66.40,1,Rainbow Trout,45,mixed,323,0.1324,19,72.48,96.0,98.0,98.8,73.3
3962,111.79,1,Eel,70,smooth,323,0.1324,20,72.97,96.0,98.0,98.8,73.3
3963,96.85,1,Slimejack,55,dart,488,0.1323,21,73.33,96.0,98.0,98.8,73.3
3964,46.02,1,Herring,25,dart,335,0.1323,22,73.24,96.0,98.0,98.8,73.3
3965,53.03,1,Anchovy,30,dart,328,0.1323,23,72.94,96.0,98.0,98.8,73.3
3966,51.49,1,Sardine,30,dart,330,0.1323,24,72.69,96.0,98.0,98.8,73.3
3967,193.57,1,Lingcod,85,mixed,923,0.1322,25,73.78,96.0,98.0,98.8,73.3
3968,76.12,1,Shad,45,smooth,325,0.1322,26,74.05,96.0,98.0,98.8,73.3
3969,100.40,1,Squid,75,sinker,320,0.1322,27,74.24,96.0,98.0,98.8,73.3
3970,65.18,1,Red Snapper,40,mixed,323,0.1321,28,74.13,96.0,98.0,98.8,73.3
3971,62.89,1,Bream,35,smooth,330,0.1321,29,74.09,96.0,98.0,98.8,73.3
3972,-18.46,0,Scorpion Carp,90,dart,374,0.1321,0,72.17,95.0,98.0,98.8,73.2
3973,117.04,1,Void Salmon,80,mixed,303,0.1320,1,72.55,95.0,98.0,98.8,73.3
3974,48.08,1,Herring,25,dart,325,0.1320,2,72.20,95.0,98.0,98.8,73.3
3975,64.33,1,Sea Cucumber,40,sinker,348,0.1320,3,72.34,95.0,98.0,98.8,73.3
3976,132.14,1,Dorado,78,mixed,475,0.1320,4,72.89,95.0,98.0,98.8,73.3
3977,78.65,1,Tilapia,50,mixed,323,0.1319,5,72.41,95.0,98.0,98.8,73.3
3978,84.20,1,Goby,55,dart,320,0.1319,6,72.78,95.0,98.0,98.8,73.3
3979,75.93,1,Walleye,45,smooth,328,0.1319,7,72.99,95.0,98.0,98.8,73.3
3980,197.84,1,Octopus,95,sinker,690,0.1318,8,73.46,95.0,98.0,98.8,73.3
3981,78.84,1,Slimejack,55,dart,338,0.1318,9,73.39,95.0,98.0,98.8,73.3
3982,55.34,1,Anchovy,30,dart,323,0.1318,10,72.66,95.0,98.0,98.8,73.3
3983,52.03,1,Anchovy,30,dart,328,0.1318,11,72.70,95.0,98.0,98.8,73.3
3984,65.13,1,Red Snapper,40,mixed,323,0.1317,12,73.06,95.0,98.0,98.8,73.3
3985,32.33,1,Carp,15,mixed,323,0.1317,13,71.45,95.0,98.0,98.8,73.3
3986,47.93,1,Herring,25,dart,333,0.1317,14,71.32,95.0,98.0,98.8,73.3
3987,48.98,1,Smallmouth Bass,28,mixed,328,0.1316,15,70.79,95.0,98.0,98.8,73.3
3988,61.94,1,Perch,35,dart,323,0.1316,16,70.87,95.0,98.0,98.8,73.3
3989,49.19,1,Smallmouth Bass,28,mixed,328,0.1316,17,70.89,95.0,98.0,98.8,73.3
3990,82.80,1,Lionfish,50,smooth,323,0.1315,18,71.19,95.0,98.0,98.8,73.3
3991,85.30,1,Red Mullet,55,smooth,320,0.1315,19,71.29,95.0,98.0,98.8,73.3
3992,52.46,1,Smallmouth Bass,28,mixed,330,0.1315,20,71.04,95.0,98.0,98.8,73.3
3993,45.27,1,Herring,25,dart,353,0.1315,21,70.99,95.0,98.0,98.8,73.3
3994,61.38,1,Chub,35,dart,320,0.1314,22,70.13,95.0,98.0,98.8,73.3
3995,54.73,1,Sardine,30,dart,343,0.1314,23,70.08,95.0,98.0,98.8,73.3
3996,53.13,1,Anchovy,30,dart,323,0.1314,24,70.02,95.0,98.0,98.8,73.3
3997,-26.31,0,Octopus,95,sinker,287,0.1313,0,69.15,94.0,98.0,98.8,73.2
3998,118.12,1,Super Cucumber,80,sinker,418,0.1313,1,69.74,94.0,98.0,98.8,73.3
3999,64.15,1,Red Snapper,40,mixed,328,0.1313,2,69.88,94.0,98.0,98.8,73.3
4000,47.09,1,Herring,25,dart,340,0.1312,3,69.84,94.0,98.0,98.8,73.3
4001,119.89,1,Dorado,78,mixed,365,0.1312,4,69.91,94.0,98.0,98.8,73.3
4002,109.92,1,Tuna,70,smooth,365,0.1312,5,69.65,94.0,98.0,98.8,73.3
4003,77.61,1,Halibut,50,sinker,328,0.1312,6,69.51,94.0,98.0,98.8,73.3
4004,63.63,1,Bream,35,smooth,330,0.1311,7,69.65,94.0,98.0,98.8,73.3
4005,-38.77,0,Scorpion Carp,90,dart,202,0.1311,0,69.30,94.0,98.0,98.8,73.2
4006,31.97,1,Carp,15,mixed,323,0.1311,1,69.32,94.0,98.0,98.8,73.2
4007,68.66,1,Sea Cucumber,40,sinker,330,0.1310,2,70.34,95.0,98.0,98.8,73.2
4008,81.98,1,Tilapia,50,mixed,323,0.1310,3,70.29,95.0,98.0,98.8,73.2
4009,84.61,1,Midnight Carp,55,mixed,320,0.1310,4,70.56,95.0,98.0,98.8,73.2
4010,72.27,1,Rainbow Trout,45,mixed,323,0.1309,5,69.80,95.0,98.0,98.8,73.2
4011,142.36,1,Stingray,80,sinker,495,0.1309,6,70.92,95.0,98.0,98.8,73.2
4012,52.62,1,Anchovy,30,dart,323,0.1309,7,71.16,95.0,98.0,98.8,73.2
4013,54.09,1,Sardine,30,dart,325,0.1309,8,71.19,95.0,98.0,98.8,73.2
4014,66.65,1,Red Snapper,40,mixed,333,0.1308,9,71.07,95.0,98.0,98.8,73.2
4015,60.65,0,Scorpion Carp,90,dart,907,0.1308,0,71.21,95.0,98.0,98.8,73.1
4016,80.60,1,Tilapia,50,mixed,365,0.1308,1,71.38,95.0,98.0,98.8,73.1
4017,64.68,1,Bream,35,smooth,330,0.1307,2,71.55,95.0,98.0,98.8,73.1
4018,55.07,1,Sunfish,30,mixed,328,0.1307,3,71.30,95.0,98.0,98.8,73.1
4019,76.30,1,Flounder,50,sinker,325,0.1307,4,71.29,95.0,98.0,98.8,73.1
4020,104.97,1,Stonefish,65,sinker,375,0.1307,5,71.46,95.0,98.0,98.8,73.1
4021,88.70,1,Blue Discus,60,dart,348,0.1306,6,71.85,95.0,98.0,98.8,73.1
4022,79.18,1,Largemouth Bass,50,mixed,318,0.1306,7,71.32,95.0,98.0,98.8,73.1
4023,53.65,1,Sardine,30,dart,320,0.1306,8,71.57,95.0,98.0,98.8,73.1
4024,69.15,1,Sea Cucumber,40,sinker,330,0.1305,9,71.81,95.0,98.0,98.8,73.1
4025,48.61,1,Herring,25,dart,328,0.1305,10,71.27,95.0,98.0,98.8,73.1
4026,97.30,1,Albacore,60,mixed,318,0.1305,11,71.45,95.0,98.0,98.8,73.1
4027,31.90,1,Carp,15,mixed,330,0.1304,12,71.19,95.0,98.0,98.8,73.1
4028,130.72,1,Stingray,80,sinker,505,0.1304,13,71.65,95.0,98.0,98.8,73.2
4029,48.29,1,Smallmouth Bass,28,mixed,323,0.1304,14,71.48,95.0,98.0,98.8,73.2
4030,75.98,1,Salmon,50,mixed,323,0.1304,15,71.96,95.0,98.0,98.8,73.2
4031,53.26,1,Smallmouth Bass,28,mixed,323,0.1303,16,70.93,95.0,98.0,98.8,73.2
4032,74.17,1,Shad,45,smooth,323,0.1303,17,70.90,95.0,98.0,98.8,73.2
4033,84.33,1,Ghostfish,50,mixed,360,0.1303,18,70.56,95.0,98.0,98.8,73.2
4034,6.07,0,Scorpion Carp,90,dart,655,0.1302,0,69.77,95.0,98.0,98.8,73.1
4035,83.12,1,Largemouth Bass,50,mixed,323,0.1302,1,69.78,95.0,98.0,98.8,73.1
4036,81.18,1,Bullhead,46,smooth,328,0.1302,2,70.76,96.0,98.0,98.8,73.1
4037,87.80,1,Pike,60,dart,318,0.1301,3,71.14,96.0,98.0,98.8,73.1
4038,79.70,1,Ghostfish,50,mixed,320,0.1301,4,71.13,96.0,98.0,98.8,73.1
4039,47.52,1,Herring,25,dart,325,0.1301,5,70.69,96.0,98.1,98.8,73.1
4040,63.61,1,Chub,35,dart,365,0.1301,6,70.52,96.0,98.1,98.8,73.1
4041,74.85,1,Bullhead,46,smooth,325,0.1300,7,70.50,96.0,98.1,98.8,73.1
4042,63.40,1,Bream,35,smooth,330,0.1300,8,71.40,97.0,98.1,98.8,73.1
4043,48.06,1,Herring,25,dart,350,0.1300,9,71.32,97.0,98.1,98.8,73.1
4044,64.55,1,Sea Cucumber,40,sinker,335,0.1299,10,70.66,97.0,98.1,98.8,73.1
4045,82.44,1,Ghostfish,50,mixed,328,0.1299,11,70.56,97.0,98.1,98.8,73.1
4046,85.58,1,Red Mullet,55,smooth,325,0.1299,12,70.62,97.0,98.1,98.8,73.1
4047,110.29,1,Dorado,78,mixed,313,0.1298,13,70.89,97.0,98.1,98.8,73.1
4048,98.74,1,Squid,75,sinker,365,0.1298,14,71.09,97.0,98.1,98.8,73.2
4049,31.88,1,Carp,15,mixed,325,0.1298,15,70.90,97.0,98.1,98.8,73.2
4050,45.35,1,Herring,25,dart,323,0.1298,16,70.49,97.0,98.1,98.8,73.2
4051,104.63,1,Tuna,70,smooth,315,0.1297,17,71.23,97.0,98.1,98.9,73.2
4052,76.78,1,Shad,45,smooth,328,0.1297,18,71.28,97.0,98.1,98.9,73.2
4053,49.10,1,Herring,25,dart,378,0.1297,19,71.17,97.0,98.1,98.9,73.2
4054,150.19,1,Lingcod,85,mixed,528,0.1296,20,72.07,97.0,98.1,98.9,73.2
4055,54.94,1,Sunfish,30,mixed,325,0.1296,21,72.05,97.0,98.1,98.9,73.2
4056,30.93,1,Carp,15,mixed,320,0.1296,22,71.80,97.0,98.1,98.9,73.2
4057,95.28,1,Albacore,60,mixed,365,0.1295,23,71.70,97.0,98.1,98.9,73.2
4058,-20.72,0,Scorpion Carp,90,dart,345,0.1295,0,70.83,96.0,98.1,98.9,73.1
4059,145.47,1,Lingcod,85,mixed,608,0.1295,1,71.42,96.0,98.1,98.9,73.1
4060,81.10,1,Slimejack,55,dart,313,0.1295,2,71.20,96.0,98.1,98.9,73.1
4061,61.06,1,Perch,35,dart,323,0.1294,3,71.15,96.0,98.1,98.9,73.1
4062,32.48,1,Carp,15,mixed,325,0.1294,4,70.36,96.0,98.1,98.9,73.1
4063,89.48,1,Pike,60,dart,340,0.1294,5,70.28,96.0,98.1,98.9,73.1
4064,75.81,1,Shad,45,smooth,325,0.1293,6,70.58,96.0,98.1,98.9,73.1
4065,46.93,1,Herring,25,dart,323,0.1293,7,70.52,96.0,98.1,98.9,73.1
4066,58.50,1,Chub,35,dart,348,0.1293,8,70.59,96.0,98.1,98.9,73.1
4067,114.03,1,Eel,70,smooth,315,0.1292,9,69.79,96.0,98.1,98.9,73.1
4068,45.90,1,Herring,25,dart,328,0.1292,10,69.49,96.0,98.1,98.9,73.1
4069,80.92,1,Salmon,50,mixed,330,0.1292,11,69.30,96.0,98.1,98.9,73.1
4070,103.22,1,Eel,70,smooth,313,0.1292,12,69.68,96.0,98.1,98.9,73.1
4071,49.31,1,Smallmouth Bass,28,mixed,325,0.1291,13,69.54,96.0,98.1,98.9,73.1
4072,51.78,1,Sardine,30,dart,323,0.1291,14,70.24,97.0,98.1,98.9,73.1
4073,89.54,1,Red Mullet,55,smooth,325,0.1291,15,69.97,97.0,98.1,98.9,73.1
4074,54.33,1,Anchovy,30,dart,323,0.1290,16,70.03,97.0,98.1,98.9,73.1
4075,90.14,1,Blue Discus,60,dart,403,0.1290,17,70.29,97.0,98.1,98.9,73.1
4076,141.19,1,Lingcod,85,mixed,420,0.1290,18,70.38,97.0,98.1,98.9,73.2
4077,62.61,1,Bream,35,smooth,323,0.1289,19,70.22,97.0,98.1,98.9,73.2
4078,52.84,1,Anchovy,30,dart,328,0.1289,20,69.91,97.0,98.1,98.9,73.2
4079,84.00,1,Lionfish,50,smooth,318,0.1289,21,69.99,97.0,98.1,98.9,73.2
4080,117.15,1,Dorado,78,mixed,315,0.1289,22,69.18,97.0,98.1,98.9,73.2
4081,148.20,1,Super Cucumber,80,sinker,593,0.1288,23,69.87,97.0,98.1,98.9,73.2
4082,61.78,1,Bream,35,smooth,325,0.1288,24,69.94,97.0,98.1,98.9,73.2
4083,79.79,1,Flounder,50,sinker,340,0.1288,25,70.21,97.0,98.1,98.9,73.2
4084,59.45,1,Perch,35,dart,333,0.1287,26,70.16,97.0,98.1,98.9,73.2
4085,69.38,1,Red Snapper,40,mixed,325,0.1287,27,70.53,97.0,98.1,98.9,73.2
4086,50.36,1,Smallmouth Bass,28,mixed,335,0.1287,28,70.55,97.0,98.1,98.9,73.2
4087,66.12,1,Sea Cucumber,40,sinker,323,0.1286,29,70.72,97.0,98.1,98.9,73.2
4088,61.01,1,Perch,35,dart,323,0.1286,30,70.71,97.0,98.1,98.9,73.2
4089,62.09,1,Bream,35,smooth,325,0.1286,31,70.84,97.0,98.1,98.9,73.2
4090,90.82,1,Red Mullet,55,smooth,325,0.1286,32,70.92,97.0,98.1,98.9,73.2
4091,52.68,1,Sardine,30,dart,323,0.1285,33,70.60,97.0,98.1,98.9,73.2
4092,73.37,1,Tilapia,50,mixed,318,0.1285,34,70.81,97.0,98.1,98.9,73.2
4093,52.20,1,Sardine,30,dart,325,0.1285,35,70.88,97.0,98.1,98.9,73.2
4094,68.07,1,Sea Cucumber,40,sinker,348,0.1284,36,70.94,97.0,98.1,98.9,73.2
4095,-27.91,0,Octopus,95,sinker,354,0.1284,0,70.12,96.0,98.1,98.9,73.1
4096,-0.19,0,Goby,55,dart,564,0.1284,0,69.58,95.0,98.1,98.8,73.1
4097,-11.25,0,Scorpion Carp,90,dart,422,0.1283,0,69.73,95.0,98.1,98.8,73.0
4098,44.48,1,Smallmouth Bass,28,mixed,350,0.1283,1,69.00,95.0,98.1,98.8,73.0
4099,94.94,1,Tuna,70,smooth,400,0.1283,2,69.31,95.0,98.1,98.8,73.0
4100,51.60,1,Smallmouth Bass,28,mixed,348,0.1283,3,69.35,95.0,98.1,98.8,73.0
4101,116.52,1,Tuna,70,smooth,468,0.1282,4,69.32,95.0,98.1,98.8,73.0
4102,45.92,1,Herring,25,dart,330,0.1282,5,68.68,95.0,98.1,98.8,73.0
4103,78.36,1,Woodskip,50,mixed,325,0.1282,6,68.68,95.0,98.1,98.8,73.0
4104,-34.59,0,Stingray,80,sinker,187,0.1281,0,67.70,94.0,98.1,98.8,72.9
4105,52.94,1,Anchovy,30,dart,333,0.1281,1,68.62,95.0,98.1,98.8,72.9
4106,162.50,1,Pufferfish,80,floater,845,0.1281,2,69.92,95.0,98.1,98.8,73.0
4107,78.51,1,Ghostfish,50,mixed,320,0.1280,3,70.02,95.0,98.1,98.8,73.0
4108,97.75,1,Stonefish,65,sinker,315,0.1280,4,70.18,95.0,98.1,98.8,73.0
4109,88.50,1,Midnight Carp,55,mixed,320,0.1280,5,70.22,95.0,98.1,98.8,73.0
4110,144.86,1,Sturgeon,78,mixed,750,0.1280,6,70.95,95.0,98.1,98.8,73.0
4111,75.58,1,Halibut,50,sinker,323,0.1279,7,70.28,95.0,98.1,98.8,73.0
4112,66.71,1,Sea Cucumber,40,sinker,328,0.1279,8,70.42,95.0,98.1,98.8,73.0
4113,134.59,1,Octopus,95,sinker,553,0.1279,9,71.22,95.0,98.1,98.8,73.1
4114,95.41,1,Pike,60,dart,448,0.1278,10,71.51,95.0,98.1,98.8,73.1
4115,100.16,1,Stonefish,65,sinker,320,0.1278,11,71.91,95.0,98.1,98.8,73.1
4116,147.49,1,Lingcod,85,mixed,433,0.1278,12,72.58,95.0,98.1,98.8,73.1
4117,45.00,1,Herring,25,dart,338,0.1277,13,72.38,95.0,98.1,98.8,73.1
4118,53.72,1,Anchovy,30,dart,335,0.1277,14,72.37,95.0,98.1,98.8,73.1
4119,83.52,1,Lionfish,50,smooth,320,0.1277,15,72.44,95.0,98.1,98.8,73.1
4120,121.76,1,Dorado,78,mixed,328,0.1277,16,72.61,95.0,98.1,98.8,73.1
4121,60.41,1,Perch,35,dart,328,0.1276,17,72.32,95.0,98.1,98.8,73.1
4122,54.20,1,Sunfish,30,mixed,335,0.1276,18,72.07,95.0,98.1,98.8,73.1
4123,101.78,1,Stonefish,65,sinker,325,0.1276,19,72.55,95.0,98.1,98.8,73.1
4124,62.74,1,Chub,35,dart,335,0.1275,20,72.49,95.0,98.1,98.8,73.1
4125,27.79,1,Carp,15,mixed,398,0.1275,21,72.28,95.0,98.1,98.8,73.1
4126,59.84,1,Perch,35,dart,370,0.1275,22,71.91,95.0,98.1,98.8,73.1
4127,70.86,1,Rainbow Trout,45,mixed,325,0.1274,23,72.30,95.0,98.1,98.8,73.1
4128,60.80,1,Chub,35,dart,333,0.1274,24,71.60,95.0,98.1,98.8,73.1
4129,53.38,1,Sardine,30,dart,355,0.1274,25,71.65,95.0,98.1,98.8,73.1
4130,111.28,1,Lingcod,85,mixed,308,0.1274,26,72.00,95.0,98.1,98.8,73.2
4131,77.55,1,Rainbow Trout,45,mixed,325,0.1273,27,72.24,95.0,98.1,98.8,73.2
4132,110.82,1,Catfish,75,mixed,410,0.1273,28,72.61,95.0,98.1,98.8,73.2
4133,71.83,1,Walleye,45,smooth,325,0.1273,29,72.49,95.0,98.1,98.8,73.2
4134,89.81,1,Slimejack,55,dart,320,0.1272,30,73.32,95.0,98.1,98.8,73.2
4135,111.69,1,Pufferfish,80,floater,323,0.1272,31,73.61,95.0,98.1,98.8,73.2
4136,77.75,1,Salmon,50,mixed,323,0.1272,32,73.57,95.0,98.1,98.8,73.2
4137,61.47,1,Perch,35,dart,348,0.1271,33,73.31,95.0,98.1,98.8,73.2
4138,88.93,1,Pike,60,dart,348,0.1271,34,73.40,95.0,98.1,98.8,73.2
4139,76.37,1,Halibut,50,sinker,338,0.1271,35,73.69,95.0,98.1,98.8,73.2
4140,59.79,1,Chub,35,dart,320,0.1271,36,73.65,95.0,98.1,98.8,73.2
4141,28.95,1,Carp,15,mixed,333,0.1270,37,73.19,95.0,98.1,98.8,73.2
4142,79.05,1,Woodskip,50,mixed,325,0.1270,38,73.35,95.0,98.1,98.8,73.2
4143,29.12,1,Carp,15,mixed,325,0.1270,39,73.16,95.0,98.1,98.8,73.2
4144,102.10,1,Albacore,60,mixed,563,0.1269,40,73.54,95.0,98.1,98.8,73.2
4145,-33.29,0,Lava Eel,90,mixed,272,0.1269,0,72.38,94.0,98.1,98.8,73.1
4146,79.74,1,Woodskip,50,mixed,398,0.1269,1,72.32,94.0,98.1,98.8,73.1
4147,48.82,1,Sunfish,30,mixed,335,0.1268,2,71.71,94.0,98.1,98.8,73.1
4148,64.55,1,Sea Cucumber,40,sinker,318,0.1268,3,71.36,94.0,98.1,98.8,73.1
4149,80.71,1,Red Mullet,55,smooth,320,0.1268,4,71.85,94.0,98.1,98.8,73.1
4150,66.94,1,Red Snapper,40,mixed,325,0.1268,5,72.07,94.0,98.1,98.8,73.1
4151,92.85,1,Pike,60,dart,443,0.1267,6,71.95,94.0,98.1,98.8,73.1
4152,81.05,1,Halibut,50,sinker,318,0.1267,7,71.99,94.0,98.1,98.8,73.1
4153,92.34,1,Midnight Carp,55,mixed,423,0.1267,8,72.43,94.0,98.1,98.8,73.1
4154,170.36,1,Octopus,95,sinker,545,0.1266,9,72.63,94.0,98.1,98.8,73.2
4155,-15.42,0,Largemouth Bass,50,mixed,327,0.1266,0,71.92,93.0,98.1,98.8,73.2
4156,81.90,1,Lionfish,50,smooth,318,0.1266,1,72.43,93.0,98.1,98.8,73.2
4157,62.66,1,Perch,35,dart,325,0.1265,2,72.11,93.0,98.1,98.8,73.2
4158,31.02,1,Carp,15,mixed,325,0.1265,3,72.63,94.0,98.1,98.8,73.2
4159,154.15,1,Lava Eel,90,mixed,648,0.1265,4,72.71,94.0,98.1,98.8,73.2
4160,112.61,1,Tuna,70,smooth,388,0.1265,5,73.03,94.0,98.1,98.8,73.2
4161,76.73,1,Flounder,50,sinker,333,0.1264,6,73.18,94.0,98.1,98.8,73.2
4162,102.12,1,Sandfish,65,mixed,593,0.1264,7,73.88,94.0,98.1,98.8,73.2
4163,67.49,1,Flounder,50,sinker,315,0.1264,8,73.66,94.0,98.1,98.8,73.2
4164,89.97,1,Red Mullet,55,smooth,315,0.1263,9,73.80,94.0,98.1,98.8,73.2
4165,76.72,1,Rainbow Trout,45,mixed,320,0.1263,10,74.10,94.0,98.1,98.8,73.2
4166,57.54,1,Chub,35,dart,323,0.1263,11,74.09,94.0,98.1,98.8,73.2
4167,28.74,1,Carp,15,mixed,328,0.1262,12,73.24,94.0,98.1,98.8,73.2
4168,72.87,1,Rainbow Trout,45,mixed,320,0.1262,13,73.51,94.0,98.1,98.8,73.2
4169,136.79,1,Super Cucumber,80,sinker,528,0.1262,14,74.07,94.0,98.1,98.8,73.2
4170,77.62,1,Bullhead,46,smooth,323,0.1262,15,73.81,94.0,98.1,98.8,73.2
4171,64.27,1,Sea Cucumber,40,sinker,320,0.1261,16,73.96,94.0,98.1,98.8,73.2
4172,71.13,1,Walleye,45,smooth,320,0.1261,17,74.15,94.0,98.1,98.8,73.2
4173,91.79,1,Red Mullet,55,smooth,320,0.1261,18,74.18,94.0,98.1,98.8,73.2
4174,80.17,1,Tilapia,50,mixed,320,0.1260,19,74.43,94.0,98.1,98.8,73.2
4175,115.21,1,Eel,70,smooth,323,0.1260,20,74.68,94.0,98.1,98.8,73.2
4176,87.00,1,Midnight Carp,55,mixed,365,0.1260,21,74.14,94.0,98.1,98.8,73.2
4177,92.34,1,Red Mullet,55,smooth,320,0.1259,22,74.44,94.0,98.1,98.8,73.2
4178,-20.01,0,Halibut,50,sinker,262,0.1259,0,73.71,93.0,98.1,98.7,73.2
4179,59.10,1,Perch,35,dart,375,0.1259,1,73.46,93.0,98.1,98.7,73.2
4180,58.47,1,Perch,35,dart,320,0.1258,2,72.88,93.0,98.1,98.7,73.2
4181,85.52,1,Woodskip,50,mixed,325,0.1258,3,72.25,93.0,98.1,98.7,73.2
4182,77.50,1,Bullhead,46,smooth,325,0.1258,4,72.41,93.0,98.1,98.7,73.2
4183,60.65,1,Chub,35,dart,343,0.1258,5,72.21,93.0,98.1,98.7,73.2
4184,42.90,1,Herring,25,dart,325,0.1257,6,72.05,93.0,98.1,98.7,73.2
4185,60.05,1,Chub,35,dart,325,0.1257,7,71.96,93.0,98.1,98.7,73.2
4186,81.75,1,Largemouth Bass,50,mixed,328,0.1257,8,72.27,93.0,98.1,98.7,73.2
4187,34.22,0,Super Cucumber,80,sinker,969,0.1256,0,71.95,93.0,98.1,98.7,73.1
4188,5.17,0,Ice Pip,85,dart,552,0.1256,0,71.39,93.0,98.1,98.7,73.0
4189,127.69,1,Stingray,80,sinker,463,0.1256,1,72.05,93.0,98.1,98.7,73.1
4190,81.15,1,Tilapia,50,mixed,318,0.1255,2,71.95,93.0,98.1,98.7,73.1
4191,142.95,1,Octopus,95,sinker,508,0.1255,3,72.85,93.0,98.1,98.7,73.1
4192,50.58,1,Sardine,30,dart,323,0.1255,4,72.63,93.0,98.1,98.7,73.1
4193,73.17,1,Shad,45,smooth,323,0.1255,5,72.84,93.0,98.1,98.7,73.1
4194,183.82,1,Octopus,95,sinker,553,0.1254,6,73.99,93.0,98.1,98.7,73.2
4195,118.56,1,Eel,70,smooth,325,0.1254,7,75.46,94.0,98.1,98.7,73.2
4196,82.51,1,Halibut,50,sinker,323,0.1254,8,76.29,95.0,98.1,98.7,73.2
4197,106.26,1,Sandfish,65,mixed,313,0.1253,9,77.46,96.0,98.1,98.7,73.2
4198,45.30,1,Herring,25,dart,323,0.1253,10,77.47,96.0,98.1,98.7,73.2
4199,96.28,1,Sandfish,65,mixed,323,0.1253,11,77.48,96.0,98.1,98.7,73.2
4200,51.57,1,Smallmouth Bass,28,mixed,328,0.1252,12,77.48,96.0,98.1,98.7,73.2
4201,54.28,1,Sardine,30,dart,343,0.1252,13,76.86,96.0,98.1,98.7,73.2
4202,62.06,1,Sea Cucumber,40,sinker,320,0.1252,14,77.02,96.0,98.1,98.7,73.2
4203,68.52,1,Sea Cucumber,40,sinker,323,0.1252,15,76.92,96.0,98.1,98.7,73.2
4204,52.11,1,Anchovy,30,dart,325,0.1251,16,77.79,97.0,98.1,98.7,73.2
4205,81.54,1,Tilapia,50,mixed,323,0.1251,17,78.08,97.0,98.1,98.7,73.2
4206,92.49,1,Blue Discus,60,dart,440,0.1251,18,77.38,97.0,98.1,98.7,73.2
4207,-16.58,0,Sea Cucumber,40,sinker,217,0.1250,0,76.42,96.0,98.1,98.7,73.2
4208,117.27,1,Tuna,70,smooth,315,0.1250,1,76.62,96.0,98.1,98.7,73.2
4209,31.74,1,Carp,15,mixed,330,0.1250,2,76.05,96.0,98.1,98.7,73.2
4210,128.06,1,Lingcod,85,mixed,298,0.1249,3,75.88,96.0,98.1,98.7,73.2
4211,45.88,1,Herring,25,dart,340,0.1249,4,75.59,96.0,98.1,98.7,73.2
4212,117.59,1,Eel,70,smooth,320,0.1249,5,76.10,96.0,98.1,98.7,73.2
4213,66.16,1,Red Snapper,40,mixed,323,0.1249,6,75.41,96.0,98.1,98.7,73.2
4214,91.58,1,Sandfish,65,mixed,315,0.1248,7,75.37,96.0,98.1,98.7,73.2
4215,81.41,1,Ghostfish,50,mixed,315,0.1248,8,75.19,96.0,98.1,98.7,73.2
4216,121.96,1,Stingray,80,sinker,323,0.1248,9,74.93,96.0,98.1,98.7,73.2
4217,83.98,1,Ghostfish,50,mixed,320,0.1247,10,75.32,96.0,98.1,98.7,73.2
4218,54.41,1,Sunfish,30,mixed,330,0.1247,11,75.33,96.0,98.1,98.7,73.2
4219,16.20,0,Blue Discus,60,dart,762,0.1247,0,74.65,96.0,98.1,98.6,73.2
4220,49.52,1,Sardine,30,dart,318,0.1246,1,73.93,96.0,98.1,98.6,73.2
4221,118.07,1,Squid,75,sinker,420,0.1246,2,74.51,96.0,98.1,98.6,73.3
4222,60.36,1,Bream,35,smooth,330,0.1246,3,74.57,96.0,98.1,98.6,73.3
4223,84.13,1,Blue Discus,60,dart,498,0.1245,4,74.39,96.0,98.1,98.6,73.3
4224,77.99,1,Albacore,60,mixed,323,0.1245,5,74.55,96.0,98.1,98.6,73.3
4225,80.02,1,Largemouth Bass,50,mixed,350,0.1245,6,75.07,96.0,98.1,98.7,73.3
4226,75.93,1,Rainbow Trout,45,mixed,325,0.1245,7,75.23,96.0,98.1,98.7,73.3
4227,51.89,1,Anchovy,30,dart,320,0.1244,8,75.04,96.0,98.1,98.7,73.3
4228,78.14,1,Walleye,45,smooth,320,0.1244,9,75.21,96.0,98.1,98.7,73.3
4229,111.01,1,Void Salmon,80,mixed,345,0.1244,10,75.79,96.0,98.1,98.7,73.3
4230,70.39,1,Red Snapper,40,mixed,325,0.1243,11,75.38,96.0,98.1,98.7,73.3
4231,52.87,1,Anchovy,30,dart,328,0.1243,12,75.13,96.0,98.1,98.7,73.3
4232,62.83,1,Chub,35,dart,325,0.1243,13,74.65,96.0,98.1,98.7,73.3
4233,-15.65,0,Scorpion Carp,90,dart,367,0.1242,0,73.78,95.0,98.1,98.7,73.2
4234,-32.16,0,Ice Pip,85,dart,247,0.1242,0,72.56,94.0,98.1,98.7,73.1
4235,80.37,1,Salmon,50,mixed,310,0.1242,1,72.25,94.0,98.1,98.7,73.1
4236,109.78,1,Super Cucumber,80,sinker,330,0.1242,2,72.57,94.0,98.1,98.7,73.1
4237,52.97,1,Anchovy,30,dart,338,0.1241,3,72.48,94.0,98.1,98.7,73.1
4238,77.61,1,Walleye,45,smooth,325,0.1241,4,72.37,94.0,98.1,98.7,73.1
4239,57.56,1,Chub,35,dart,313,0.1241,5,72.18,94.0,98.1,98.7,73.1
4240,84.70,1,Slimejack,55,dart,318,0.1240,6,72.43,94.0,98.1,98.7,73.1
4241,202.04,0,Lingcod,85,mixed,2000,0.1240,0,74.16,94.0,98.1,98.7,73.0
4242,97.54,1,Albacore,60,mixed,408,0.1240,1,74.34,94.0,98.1,98.7,73.0
4243,61.14,1,Chub,35,dart,343,0.1239,2,74.66,94.0,98.1,98.7,73.0
4244,125.11,1,Squid,75,sinker,458,0.1239,3,74.89,94.0,98.1,98.7,73.1
4245,33.16,1,Carp,15,mixed,410,0.1239,4,75.56,95.0,98.1,98.7,73.1
4246,31.69,1,Carp,15,mixed,328,0.1238,5,75.08,95.0,98.1,98.7,73.1
4247,-2.98,0,Woodskip,50,mixed,404,0.1238,0,74.56,94.0,98.1,98.6,73.1
4248,78.03,1,Walleye,45,smooth,325,0.1238,1,74.70,94.0,98.1,98.6,73.1
4249,116.59,1,Dorado,78,mixed,310,0.1238,2,75.05,94.0,98.1,98.6,73.1
4250,53.35,1,Sunfish,30,mixed,325,0.1237,3,74.92,94.0,98.1,98.6,73.1
4251,33.32,1,Carp,15,mixed,420,0.1237,4,74.32,94.0,98.1,98.6,73.1
4252,80.32,1,Lionfish,50,smooth,323,0.1237,5,74.32,94.0,98.1,98.6,73.1
4253,60.16,1,Bream,35,smooth,325,0.1236,6,73.99,94.0,98.1,98.6,73.1
4254,60.85,1,Chub,35,dart,323,0.1236,7,72.90,94.0,98.1,98.6,73.1
4255,44.51,1,Herring,25,dart,325,0.1236,8,73.50,95.0,98.1,98.6,73.1
4256,90.57,1,Albacore,60,mixed,323,0.1235,9,73.58,95.0,98.1,98.6,73.1
4257,79.28,1,Bullhead,46,smooth,320,0.1235,10,73.75,95.0,98.1,98.6,73.1
4258,63.13,1,Perch,35,dart,335,0.1235,11,74.07,95.0,98.1,98.6,73.1
4259,114.36,1,Dorado,78,mixed,323,0.1235,12,73.67,95.0,98.1,98.6,73.1
4260,49.69,1,Sunfish,30,mixed,328,0.1234,13,73.05,95.0,98.1,98.6,73.1
4261,59.45,1,Bream,35,smooth,328,0.1234,14,72.87,95.0,98.1,98.6,73.1
4262,77.43,1,Rainbow Trout,45,mixed,320,0.1234,15,72.63,95.0,98.1,98.6,73.1
4263,84.61,1,Blue Discus,60,dart,328,0.1233,16,72.80,95.0,98.1,98.6,73.1
4264,31.39,1,Carp,15,mixed,350,0.1233,17,72.21,95.0,98.1,98.6,73.1
4265,81.93,1,Salmon,50,mixed,325,0.1233,18,72.26,95.0,98.1,98.6,73.1
4266,66.68,1,Red Snapper,40,mixed,323,0.1232,19,72.35,95.0,98.1,98.6,73.1
4267,86.63,1,Largemouth Bass,50,mixed,320,0.1232,20,72.93,95.0,98.1,98.6,73.1
4268,65.58,1,Red Snapper,40,mixed,323,0.1232,21,72.86,95.0,98.1,98.6,73.1
4269,85.73,1,Midnight Carp,55,mixed,320,0.1231,22,72.35,95.0,98.1,98.6,73.1
4270,51.97,1,Sardine,30,dart,328,0.1231,23,72.09,95.0,98.1,98.6,73.1
4271,60.92,1,Perch,35,dart,323,0.1231,24,72.06,95.0,98.1,98.6,73.1
4272,53.00,1,Anchovy,30,dart,330,0.1231,25,71.88,95.0,98.1,98.6,73.1
4273,78.60,1,Ghostfish,50,mixed,318,0.1230,26,71.75,95.0,98.1,98.6,73.1
4274,132.47,1,Super Cucumber,80,sinker,435,0.1230,27,72.27,95.0,98.1,98.6,73.2
4275,94.74,1,Albacore,60,mixed,318,0.1230,28,72.06,95.0,98.1,98.6,73.2
4276,113.91,1,Tuna,70,smooth,320,0.1229,29,72.33,95.0,98.1,98.6,73.2
4277,58.70,1,Perch,35,dart,328,0.1229,30,72.00,95.0,98.1,98.6,73.2
4278,77.40,1,Goby,55,dart,343,0.1229,31,72.97,96.0,98.1,98.6,73.2
4279,44.92,1,Herring,25,dart,318,0.1228,32,72.83,96.0,98.1,98.6,73.2
4280,45.54,1,Herring,25,dart,353,0.1228,33,72.70,96.0,98.1,98.6,73.2
4281,52.40,1,Sardine,30,dart,325,0.1228,34,72.37,96.0,98.1,98.6,73.2
4282,84.49,1,Lionfish,50,smooth,318,0.1228,35,72.44,96.0,98.1,98.6,73.2
4283,107.89,1,Tuna,70,smooth,318,0.1227,36,72.91,96.0,98.1,98.6,73.2
4284,75.94,1,Bullhead,46,smooth,320,0.1227,37,73.24,96.0,98.1,98.6,73.2
4285,77.80,1,Shad,45,smooth,328,0.1227,38,73.42,96.0,98.1,98.6,73.2
4286,64.50,1,Red Snapper,40,mixed,323,0.1226,39,73.25,96.0,98.1,98.6,73.2
4287,66.34,1,Red Snapper,40,mixed,323,0.1226,40,73.57,96.0,98.1,98.6,73.2
4288,50.95,1,Anchovy,30,dart,323,0.1226,41,74.03,96.0,98.1,98.6,73.2
4289,106.55,1,Tuna,70,smooth,315,0.1225,42,73.81,96.0,98.1,98.6,73.2
4290,44.27,1,Herring,25,dart,325,0.1225,43,73.45,96.0,98.1,98.6,73.2
4291,80.35,1,Slimejack,55,dart,323,0.1225,44,72.82,96.0,98.1,98.6,73.2
4292,77.13,1,Tilapia,50,mixed,323,0.1224,45,73.09,96.0,98.1,98.6,73.2
4293,114.24,1,Void Salmon,80,mixed,313,0.1224,46,73.50,96.0,98.1,98.6,73.2
4294,-36.41,0,Scorpion Carp,90,dart,227,0.1224,0,71.29,95.0,98.1,98.6,73.1
4295,52.14,1,Anchovy,30,dart,328,0.1224,1,70.63,95.0,98.1,98.6,73.1
4296,80.08,1,Flounder,50,sinker,445,0.1223,2,70.61,95.0,98.1,98.6,73.1
4297,76.48,1,Rainbow Trout,45,mixed,323,0.1223,3,70.31,95.0,98.1,98.6,73.1
4298,30.49,1,Carp,15,mixed,368,0.1223,4,70.16,95.0,98.1,98.6,73.1
4299,52.55,1,Anchovy,30,dart,323,0.1222,5,69.72,95.0,98.1,98.6,73.1
4300,29.66,1,Carp,15,mixed,365,0.1222,6,69.50,95.0,98.1,98.6,73.1
4301,83.58,1,Ghostfish,50,mixed,323,0.1222,7,69.80,95.0,98.1,98.6,73.1
4302,59.62,1,Chub,35,dart,325,0.1221,8,69.77,95.0,98.1,98.6,73.1
4303,30.80,1,Carp,15,mixed,318,0.1221,9,69.39,95.0,98.1,98.6,73.1
4304,82.10,1,Tilapia,50,mixed,325,0.1221,10,69.69,95.0,98.1,98.6,73.1
4305,44.32,1,Herring,25,dart,335,0.1221,11,69.32,95.0,98.1,98.6,73.1
4306,52.20,1,Sardine,30,dart,328,0.1220,12,68.92,95.0,98.1,98.6,73.1
4307,71.75,1,Halibut,50,sinker,340,0.1220,13,69.80,96.0,98.1,98.6,73.1
4308,64.16,1,Bream,35,smooth,325,0.1220,14,69.27,96.0,98.1,98.6,73.1
4309,134.98,1,Pufferfish,80,floater,555,0.1219,15,70.30,96.0,98.1,98.6,73.2
4310,114.98,1,Eel,70,smooth,313,0.1219,16,70.17,96.0,98.1,98.6,73.2
4311,57.71,0,Scorpion Carp,90,dart,1100,0.1219,0,70.29,96.0,98.1,98.6,73.1
4312,80.59,1,Goby,55,dart,323,0.1218,1,69.92,96.0,98.1,98.6,73.1
4313,91.40,1,Sandfish,65,mixed,323,0.1218,2,70.17,96.0,98.1,98.6,73.1
4314,61.89,1,Chub,35,dart,380,0.1218,3,69.88,96.0,98.1,98.6,73.1
4315,61.14,1,Chub,35,dart,375,0.1217,4,69.67,96.0,98.1,98.6,73.1
4316,89.75,1,Tiger Trout,60,dart,323,0.1217,5,69.35,96.0,98.1,98.6,73.1
4317,62.24,1,Perch,35,dart,418,0.1217,6,69.13,96.0,98.1,98.6,73.1
4318,30.49,1,Carp,15,mixed,345,0.1217,7,68.90,96.0,98.1,98.6,73.1
4319,138.49,1,Stingray,80,sinker,510,0.1216,8,70.12,96.0,98.1,98.6,73.1
4320,-24.91,0,Pufferfish,80,floater,274,0.1216,0,69.37,95.0,98.1,98.6,73.0
4321,62.40,1,Chub,35,dart,375,0.1216,1,68.82,95.0,98.1,98.6,73.0
4322,54.18,1,Anchovy,30,dart,380,0.1215,2,68.76,95.0,98.1,98.6,73.0
4323,113.49,1,Stonefish,65,sinker,465,0.1215,3,69.05,95.0,98.1,98.6,73.0
4324,62.51,1,Bream,35,smooth,335,0.1215,4,68.89,95.0,98.1,98.6,73.0
4325,-35.49,0,Lava Eel,90,mixed,225,0.1214,0,67.74,94.0,98.1,98.6,72.9
4326,94.72,1,Sturgeon,78,mixed,305,0.1214,1,67.93,94.0,98.1,98.6,72.9
4327,-21.02,0,Octopus,95,sinker,354,0.1214,0,67.20,93.0,98.1,98.6,72.8
4328,101.87,1,Sandfish,65,mixed,315,0.1214,1,67.43,93.0,98.1,98.6,72.8
4329,93.75,1,Midnight Carp,55,mixed,370,0.1213,2,67.26,93.0,98.1,98.6,72.8
4330,83.63,1,Slimejack,55,dart,315,0.1213,3,67.39,93.0,98.1,98.6,72.8
4331,59.04,1,Chub,35,dart,348,0.1213,4,67.46,93.0,98.1,98.6,72.8
4332,114.70,1,Tuna,70,smooth,373,0.1212,5,67.98,93.0,98.1,98.6,72.8
4333,92.13,1,Tiger Trout,60,dart,378,0.1212,6,69.05,94.0,98.1,98.6,72.8
4334,109.96,1,Sturgeon,78,mixed,375,0.1212,7,70.47,95.0,98.1,98.6,72.9
4335,-30.51,0,Octopus,95,sinker,249,0.1211,0,69.37,94.0,98.1,98.6,72.8
4336,53.91,1,Sardine,30,dart,320,0.1211,1,68.81,94.0,98.1,98.6,72.8
4337,29.46,1,Carp,15,mixed,358,0.1211,2,68.57,94.0,98.1,98.6,72.8
4338,67.45,1,Walleye,45,smooth,318,0.1210,3,68.47,94.0,98.1,98.6,72.8
4339,49.75,1,Sardine,30,dart,330,0.1210,4,68.39,94.0,98.1,98.6,72.8
4340,54.82,1,Sunfish,30,mixed,330,0.1210,5,68.09,94.0,98.1,98.6,72.8
4341,60.75,1,Bream,35,smooth,325,0.1210,6,66.68,94.0,98.1,98.6,72.8
4342,61.18,1,Perch,35,dart,320,0.1209,7,66.32,94.0,98.1,98.6,72.8
4343,76.70,1,Walleye,45,smooth,320,0.1209,8,66.47,94.0,98.1,98.6,72.8
4344,42.36,1,Herring,25,dart,323,0.1209,9,65.64,94.0,98.1,98.6,72.8
4345,137.62,1,Dorado,78,mixed,498,0.1208,10,66.69,94.0,98.1,98.6,72.8
4346,117.29,1,Super Cucumber,80,sinker,393,0.1208,11,67.55,94.0,98.1,98.6,72.9
4347,68.70,1,Red Snapper,40,mixed,328,0.1208,12,68.26,95.0,98.1,98.6,72.9
4348,59.85,1,Chub,35,dart,318,0.1207,13,68.08,95.0,98.1,98.6,72.9
4349,118.13,1,Sandfish,65,mixed,533,0.1207,14,68.10,95.0,98.1,98.6,72.9
4350,62.94,1,Bream,35,smooth,328,0.1207,15,68.19,95.0,98.1,98.6,72.9
4351,-20.64,0,Octopus,95,sinker,425,0.1206,0,67.65,94.0,98.1,98.6,72.8
4352,46.80,1,Herring,25,dart,343,0.1206,1,67.32,94.0,98.1,98.6,72.8
4353,60.88,1,Chub,35,dart,338,0.1206,2,67.32,94.0,98.1,98.6,72.8
4354,60.64,1,Perch,35,dart,328,0.1206,3,67.32,94.0,98.1,98.6,72.8
4355,51.98,1,Smallmouth Bass,28,mixed,343,0.1205,4,67.40,94.0,98.1,98.6,72.8
4356,31.93,1,Carp,15,mixed,330,0.1205,5,66.81,94.0,98.1,98.6,72.8
4357,53.73,1,Sunfish,30,mixed,325,0.1205,6,66.55,94.0,98.1,98.6,72.8
4358,105.21,1,Super Cucumber,80,sinker,310,0.1204,7,66.98,94.0,98.1,98.6,72.8
4359,59.55,1,Chub,35,dart,313,0.1204,8,66.43,94.0,98.1,98.6,72.8
4360,55.32,1,Sardine,30,dart,335,0.1204,9,66.48,94.0,98.1,98.6,72.8
4361,48.41,1,Smallmouth Bass,28,mixed,333,0.1203,10,66.37,94.0,98.1,98.6,72.8
4362,82.09,1,Goby,55,dart,305,0.1203,11,66.42,94.0,98.1,98.6,72.8
4363,116.75,1,Eel,70,smooth,313,0.1203,12,66.74,94.0,98.1,98.6,72.8
4364,105.55,1,Largemouth Bass,50,mixed,603,0.1202,13,67.48,94.0,98.1,98.6,72.8
4365,99.94,1,Sandfish,65,mixed,368,0.1202,14,67.66,94.0,98.1,98.6,72.8
4366,60.76,1,Chub,35,dart,328,0.1202,15,67.60,94.0,98.1,98.6,72.8
4367,92.38,1,Tiger Trout,60,dart,320,0.1202,16,67.66,94.0,98.1,98.6,72.8
4368,55.95,1,Sunfish,30,mixed,328,0.1201,17,67.57,94.0,98.1,98.6,72.8
4369,51.62,1,Sunfish,30,mixed,338,0.1201,18,67.22,94.0,98.1,98.6,72.8
4370,63.77,1,Perch,35,dart,340,0.1201,19,67.34,94.0,98.1,98.6,72.8
4371,31.72,1,Carp,15,mixed,390,0.1200,20,67.05,94.0,98.1,98.6,72.8
4372,145.27,1,Lingcod,85,mixed,475,0.1200,21,67.97,94.0,98.1,98.6,72.8
4373,76.67,1,Walleye,45,smooth,318,0.1200,22,67.95,94.0,98.1,98.6,72.8
4374,103.96,1,Midnight Carp,55,mixed,525,0.1199,23,67.67,94.0,98.1,98.6,72.8
4375,-11.09,0,Carp,15,mixed,167,0.1199,0,66.61,93.0,98.1,98.6,72.8
4376,65.83,1,Sea Cucumber,40,sinker,318,0.1199,1,66.13,93.0,98.1,98.6,72.8
4377,79.14,1,Halibut,50,sinker,315,0.1199,2,66.33,93.0,98.1,98.6,72.8
4378,63.32,1,Bream,35,smooth,328,0.1198,3,66.19,93.0,98.1,98.6,72.8
4379,83.91,1,Slimejack,55,dart,318,0.1198,4,66.58,93.0,98.1,98.6,72.8
4380,62.77,1,Perch,35,dart,335,0.1198,5,66.75,93.0,98.1,98.6,72.8
4381,83.71,1,Lionfish,50,smooth,323,0.1197,6,67.07,93.0,98.1,98.6,72.8
4382,94.13,1,Pike,60,dart,448,0.1197,7,67.16,93.0,98.1,98.6,72.8
4383,53.60,1,Sardine,30,dart,325,0.1197,8,66.62,93.0,98.1,98.6,72.8
4384,80.04,1,Ghostfish,50,mixed,323,0.1196,9,66.66,93.0,98.1,98.6,72.8
4385,69.75,1,Sea Cucumber,40,sinker,328,0.1196,10,66.58,93.0,98.1,98.6,72.8
4386,114.25,1,Eel,70,smooth,315,0.1196,11,67.08,93.0,98.1,98.6,72.8
4387,95.93,1,Sandfish,65,mixed,388,0.1195,12,67.38,93.0,98.1,98.6,72.8
4388,53.32,1,Anchovy,30,dart,323,0.1195,13,67.40,93.0,98.1,98.6,72.8
4389,68.61,1,Sea Cucumber,40,sinker,325,0.1195,14,67.02,93.0,98.1,98.6,72.8
4390,52.73,1,Smallmouth Bass,28,mixed,338,0.1195,15,67.10,93.0,98.1,98.6,72.8
4391,59.54,1,Perch,35,dart,343,0.1194,16,66.90,93.0,98.1,98.6,72.8
4392,122.12,1,Lava Eel,90,mixed,318,0.1194,17,67.35,93.0,98.1,98.6,72.9
4393,114.22,1,Eel,70,smooth,315,0.1194,18,67.35,93.0,98.1,98.6,72.9
4394,64.11,1,Bream,35,smooth,333,0.1193,19,68.35,94.0,98.1,98.6,72.9
4395,63.28,1,Bream,35,smooth,328,0.1193,20,68.46,94.0,98.1,98.6,72.9
4396,75.64,1,Halibut,50,sinker,323,0.1193,21,68.42,94.0,98.1,98.6,72.9
4397,70.04,1,Red Snapper,40,mixed,323,0.1192,22,68.35,94.0,98.1,98.6,72.9
4398,-5.60,0,Scorpion Carp,90,dart,520,0.1192,0,67.99,93.0,98.1,98.6,72.8
4399,7.94,0,Ice Pip,85,dart,667,0.1192,0,67.55,93.0,98.1,98.6,72.7
4400,79.81,1,Pike,60,dart,330,0.1191,1,68.05,93.0,98.1,98.6,72.7
4401,88.14,1,Midnight Carp,55,mixed,323,0.1191,2,68.09,93.0,98.1,98.6,72.7
4402,82.87,1,Tilapia,50,mixed,323,0.1191,3,68.33,93.0,98.1,98.6,72.7
4403,143.60,1,Sandfish,65,mixed,893,0.1191,4,69.45,93.0,98.1,98.6,72.7
4404,84.19,1,Tilapia,50,mixed,325,0.1190,5,69.48,93.0,98.1,98.6,72.7
4405,60.77,1,Perch,35,dart,330,0.1190,6,69.64,93.0,98.1,98.6,72.7
4406,53.68,1,Anchovy,30,dart,330,0.1190,7,69.65,93.0,98.1,98.6,72.7
4407,58.27,1,Perch,35,dart,330,0.1189,8,69.52,93.0,98.1,98.6,72.7
4408,79.46,1,Rainbow Trout,45,mixed,328,0.1189,9,69.67,93.0,98.1,98.6,72.7
4409,-25.97,0,Scorpion Carp,90,dart,315,0.1189,0,68.06,92.0,98.1,98.6,72.6
4410,115.19,1,Dorado,78,mixed,320,0.1188,1,68.07,92.0,98.1,98.6,72.6
4411,101.42,1,Sandfish,65,mixed,318,0.1188,2,68.50,92.0,98.1,98.6,72.6
4412,79.60,1,Flounder,50,sinker,325,0.1188,3,68.49,92.0,98.1,98.6,72.6
4413,120.88,1,Super Cucumber,80,sinker,378,0.1187,4,68.79,92.0,98.1,98.6,72.7
4414,62.79,1,Chub,35,dart,325,0.1187,5,68.80,92.0,98.1,98.6,72.7
4415,53.23,1,Anchovy,30,dart,325,0.1187,6,68.72,92.0,98.1,98.6,72.7
4416,141.94,1,Dorado,78,mixed,463,0.1187,7,69.24,92.0,98.1,98.6,72.7
4417,80.20,1,Goby,55,dart,318,0.1186,8,69.42,92.0,98.1,98.6,72.7
4418,65.79,1,Sea Cucumber,40,sinker,340,0.1186,9,69.77,92.0,98.1,98.6,72.7
4419,172.72,1,Lava Eel,90,mixed,698,0.1186,10,70.11,92.0,98.1,98.6,72.7
4420,57.13,1,Sunfish,30,mixed,330,0.1185,11,70.93,93.0,98.1,98.6,72.7
4421,75.74,1,Walleye,45,smooth,328,0.1185,12,71.07,93.0,98.1,98.6,72.7
4422,62.31,1,Chub,35,dart,315,0.1185,13,71.15,93.0,98.1,98.6,72.7
4423,94.86,1,Blue Discus,60,dart,445,0.1184,14,70.96,93.0,98.1,98.6,72.7
4424,87.49,1,Tiger Trout,60,dart,363,0.1184,15,71.21,93.0,98.1,98.6,72.7
4425,115.34,1,Eel,70,smooth,315,0.1184,16,72.72,94.0,98.1,98.7,72.7
4426,57.12,1,Chub,35,dart,325,0.1183,17,72.35,94.0,98.1,98.7,72.7
4427,113.01,1,Stonefish,65,sinker,488,0.1183,18,73.69,95.0,98.1,98.7,72.7
4428,123.79,1,Sturgeon,78,mixed,435,0.1183,19,73.90,95.0,98.1,98.7,72.8
4429,66.49,1,Red Snapper,40,mixed,315,0.1183,20,73.63,95.0,98.1,98.7,72.8
4430,51.98,1,Smallmouth Bass,28,mixed,333,0.1182,21,73.32,95.0,98.1,98.7,72.8
4431,162.56,1,Super Cucumber,80,sinker,655,0.1182,22,74.35,95.0,98.1,98.7,72.8
4432,98.18,1,Salmon,50,mixed,518,0.1182,23,74.19,95.0,98.1,98.7,72.8
4433,76.45,1,Halibut,50,sinker,318,0.1181,24,74.03,95.0,98.1,98.7,72.8
4434,-7.50,0,Carp,15,mixed,395,0.1181,0,72.85,94.0,98.1,98.7,72.8
4435,88.59,1,Pike,60,dart,373,0.1181,1,74.05,95.0,98.1,98.7,72.8
4436,126.85,1,Lingcod,85,mixed,330,0.1180,2,74.77,95.0,98.1,98.7,72.8
4437,62.11,1,Bream,35,smooth,325,0.1180,3,75.10,95.0,98.1,98.7,72.8
4438,56.42,1,Anchovy,30,dart,348,0.1180,4,74.99,95.0,98.1,98.7,72.8
4439,88.63,1,Salmon,50,mixed,355,0.1179,5,75.38,95.0,98.1,98.7,72.8
4440,86.54,1,Tilapia,50,mixed,320,0.1179,6,75.70,95.0,98.1,98.7,72.8
4441,121.41,1,Catfish,75,mixed,403,0.1179,7,76.30,95.0,98.1,98.7,72.9
4442,84.27,1,Slimejack,55,dart,320,0.1179,8,76.53,95.0,98.1,98.7,72.9
4443,94.90,1,Sandfish,65,mixed,355,0.1178,9,76.72,95.0,98.1,98.7,72.9
4444,83.45,1,Woodskip,50,mixed,325,0.1178,10,77.13,95.0,98.1,98.7,72.9
4445,69.40,1,Sea Cucumber,40,sinker,338,0.1178,11,76.45,95.0,98.1,98.7,72.9
4446,77.85,1,Bullhead,46,smooth,328,0.1177,12,76.05,95.0,98.1,98.7,72.9
4447,70.60,1,Red Snapper,40,mixed,323,0.1177,13,76.07,95.0,98.1,98.7,72.9
4448,98.17,1,Albacore,60,mixed,360,0.1177,14,76.45,95.0,98.1,98.7,72.9
4449,27.15,0,Scorpion Carp,90,dart,707,0.1176,0,75.54,95.0,98.1,98.7,72.8
4450,73.64,1,Rainbow Trout,45,mixed,325,0.1176,1,75.65,95.0,98.1,98.7,72.8
4451,96.29,1,Blue Discus,60,dart,473,0.1176,2,76.82,96.0,98.1,98.7,72.8
4452,89.33,1,Tilapia,50,mixed,408,0.1175,3,77.25,96.0,98.1,98.7,72.8
4453,123.92,1,Dorado,78,mixed,363,0.1175,4,77.88,96.0,98.1,98.7,72.8
4454,81.44,1,Lionfish,50,smooth,330,0.1175,5,78.08,96.0,98.1,98.7,72.8
4455,65.02,1,Red Snapper,40,mixed,320,0.1175,6,78.21,96.0,98.1,98.7,72.8
4456,50.68,1,Smallmouth Bass,28,mixed,335,0.1174,7,78.40,96.0,98.1,98.7,72.8
4457,68.29,1,Red Snapper,40,mixed,358,0.1174,8,78.55,96.0,98.1,98.7,72.8
4458,113.70,1,Void Salmon,80,mixed,325,0.1174,9,78.63,96.0,98.1,98.7,72.8
4459,50.03,1,Smallmouth Bass,28,mixed,335,0.1173,10,78.54,96.0,98.1,98.7,72.8
4460,80.53,1,Tilapia,50,mixed,320,0.1173,11,78.79,96.0,98.1,98.7,72.8
4461,88.53,1,Midnight Carp,55,mixed,323,0.1173,12,79.19,96.0,98.1,98.7,72.8
4462,-11.20,0,Carp,15,mixed,167,0.1172,0,78.26,95.0,98.0,98.7,72.8
4463,84.92,1,Slimejack,55,dart,348,0.1172,1,77.94,95.0,98.0,98.7,72.8
4464,180.15,1,Lava Eel,90,mixed,725,0.1172,2,78.68,95.0,98.0,98.7,72.9
4465,90.34,1,Red Mullet,55,smooth,323,0.1171,3,78.59,95.0,98.0,98.7,72.9
4466,71.27,1,Red Snapper,40,mixed,323,0.1171,4,78.69,95.0,98.0,98.7,72.9
4467,52.08,1,Sunfish,30,mixed,333,0.1171,5,78.29,95.0,98.0,98.7,72.9
4468,-11.02,0,Carp,15,mixed,167,0.1171,0,77.62,94.0,98.0,98.7,72.9
4469,88.93,1,Red Mullet,55,smooth,330,0.1170,1,77.99,94.0,98.0,98.7,72.9
4470,52.59,1,Smallmouth Bass,28,mixed,333,0.1170,2,77.88,94.0,98.0,98.7,72.9
4471,-11.04,0,Carp,15,mixed,167,0.1170,0,77.45,93.0,97.9,98.7,72.9
4472,146.24,1,Lava Eel,90,mixed,388,0.1169,1,77.46,93.0,97.9,98.7,72.9
4473,49.82,1,Smallmouth Bass,28,mixed,333,0.1169,2,77.20,93.0,97.9,98.7,72.9
4474,61.72,1,Perch,35,dart,325,0.1169,3,76.77,93.0,97.9,98.7,72.9
4475,77.26,1,Salmon,50,mixed,320,0.1168,4,77.66,94.0,97.9,98.7,72.9
4476,93.85,1,Albacore,60,mixed,323,0.1168,5,77.94,94.0,97.9,98.7,72.9
4477,-22.03,0,Catfish,75,mixed,275,0.1168,0,76.93,93.0,97.9,98.7,72.8
4478,32.84,1,Carp,15,mixed,453,0.1167,1,76.62,93.0,97.9,98.7,72.8
4479,59.91,1,Perch,35,dart,320,0.1167,2,76.38,93.0,97.9,98.7,72.8
4480,90.35,1,Midnight Carp,55,mixed,348,0.1167,3,76.66,93.0,97.9,98.7,72.8
4481,79.39,1,Halibut,50,sinker,325,0.1167,4,76.61,93.0,97.9,98.7,72.8
4482,51.69,1,Sardine,30,dart,325,0.1166,5,76.19,93.0,97.9,98.7,72.8
4483,76.18,1,Flounder,50,sinker,325,0.1166,6,76.41,93.0,97.9,98.7,72.8
4484,67.78,1,Sea Cucumber,40,sinker,335,0.1166,7,76.29,93.0,97.9,98.7,72.8
4485,68.77,1,Sea Cucumber,40,sinker,335,0.1165,8,76.28,93.0,97.9,98.7,72.8
4486,26.50,0,Scorpion Carp,90,dart,967,0.1165,0,75.40,93.0,97.9,98.7,72.7
4487,53.68,1,Anchovy,30,dart,338,0.1165,1,74.98,93.0,97.9,98.7,72.7
4488,46.66,1,Herring,25,dart,333,0.1164,2,74.92,93.0,97.9,98.7,72.7
4489,122.48,1,Sturgeon,78,mixed,373,0.1164,3,75.45,93.0,97.9,98.7,72.8
4490,-41.55,0,Lava Eel,90,mixed,167,0.1164,0,74.51,92.0,97.9,98.7,72.7
4491,68.45,1,Red Snapper,40,mixed,323,0.1163,1,74.60,92.0,97.9,98.7,72.7
4492,84.14,1,Halibut,50,sinker,328,0.1163,2,74.22,92.0,97.9,98.7,72.7
4493,55.08,1,Sardine,30,dart,330,0.1163,3,73.63,92.0,97.9,98.7,72.7
4494,146.99,1,Stingray,80,sinker,545,0.1163,4,74.46,92.0,97.9,98.7,72.7
4495,163.29,1,Super Cucumber,80,sinker,615,0.1162,5,75.46,92.0,97.9,98.7,72.7
4496,78.44,1,Bullhead,46,smooth,325,0.1162,6,75.49,92.0,97.9,98.7,72.7
4497,75.21,1,Rainbow Trout,45,mixed,360,0.1162,7,75.54,92.0,97.9,98.7,72.7
4498,63.87,1,Bream,35,smooth,333,0.1161,8,76.23,93.0,97.9,98.7,72.7
4499,31.52,1,Carp,15,mixed,350,0.1161,9,76.47,93.0,97.9,98.7,72.7
4500,59.32,1,Chub,35,dart,333,0.1161,10,76.26,93.0,97.9,98.7,72.7
4501,78.09,1,Rainbow Trout,45,mixed,323,0.1160,11,76.16,93.0,97.9,98.7,72.7
4502,83.17,1,Salmon,50,mixed,310,0.1160,12,76.17,93.0,97.9,98.7,72.7
4503,31.25,1,Carp,15,mixed,335,0.1160,13,75.04,93.0,97.9,98.7,72.7
4504,69.09,1,Red Snapper,40,mixed,318,0.1159,14,74.89,93.0,97.9,98.7,72.7
4505,79.87,1,Lionfish,50,smooth,323,0.1159,15,75.08,93.0,97.9,98.7,72.7
4506,105.71,1,Sandfish,65,mixed,355,0.1159,16,75.60,93.0,97.9,98.7,72.7
4507,84.67,1,Slimejack,55,dart,345,0.1158,17,75.87,93.0,97.9,98.7,72.7
4508,77.97,1,Slimejack,55,dart,363,0.1158,18,75.85,93.0,97.9,98.7,72.7
4509,47.50,1,Smallmouth Bass,28,mixed,318,0.1158,19,76.59,94.0,98.0,98.7,72.7
4510,125.61,1,Squid,75,sinker,468,0.1158,20,76.69,94.0,98.0,98.7,72.8
4511,65.25,1,Sea Cucumber,40,sinker,343,0.1157,21,76.33,94.0,98.0,98.7,72.8
4512,83.02,1,Ghostfish,50,mixed,320,0.1157,22,76.36,94.0,98.0,98.7,72.8
4513,116.62,1,Tuna,70,smooth,388,0.1157,23,76.32,94.0,98.0,98.7,72.8
4514,54.19,1,Anchovy,30,dart,328,0.1156,24,76.23,94.0,98.0,98.7,72.8
4515,93.16,1,Tiger Trout,60,dart,418,0.1156,25,76.63,94.0,98.0,98.7,72.8
4516,78.74,1,Walleye,45,smooth,323,0.1156,26,76.00,94.0,98.0,98.7,72.8
4517,83.45,1,Ghostfish,50,mixed,320,0.1155,27,76.03,94.0,98.0,98.7,72.8
4518,-6.20,0,Pufferfish,80,floater,549,0.1155,0,75.31,93.0,98.0,98.7,72.7
4519,66.68,1,Red Snapper,40,mixed,325,0.1155,1,74.25,93.0,98.0,98.7,72.7
4520,114.11,1,Eel,70,smooth,320,0.1154,2,74.82,93.0,98.0,98.7,72.7
4521,49.11,1,Smallmouth Bass,28,mixed,320,0.1154,3,74.56,93.0,98.0,98.7,72.7
4522,99.68,1,Stonefish,65,sinker,330,0.1154,4,74.93,93.0,98.0,98.7,72.7
4523,230.94,1,Octopus,95,sinker,1740,0.1154,5,76.29,93.0,98.0,98.7,72.7
4524,58.81,1,Chub,35,dart,328,0.1153,6,76.01,93.0,98.0,98.7,72.7
4525,145.46,1,Lingcod,85,mixed,433,0.1153,7,76.31,93.0,98.0,98.7,72.8
4526,123.62,1,Stingray,80,sinker,413,0.1153,8,76.97,93.0,98.0,98.7,72.8
4527,216.90,1,Stingray,80,sinker,1245,0.1152,9,78.01,93.0,98.0,98.7,72.8
4528,96.37,1,Albacore,60,mixed,320,0.1152,10,77.74,93.0,98.0,98.7,72.8
4529,80.21,1,Woodskip,50,mixed,315,0.1152,11,77.87,93.0,98.0,98.7,72.8
4530,82.23,1,Halibut,50,sinker,333,0.1151,12,78.18,93.0,98.0,98.7,72.8
4531,56.08,1,Perch,35,dart,340,0.1151,13,77.11,93.0,98.0,98.7,72.8
4532,84.80,1,Largemouth Bass,50,mixed,318,0.1151,14,76.98,93.0,98.0,98.7,72.8
4533,59.40,0,Void Salmon,80,mixed,1115,0.1150,0,76.81,93.0,98.0,98.7,72.7
4534,77.24,1,Salmon,50,mixed,335,0.1150,1,77.65,94.0,98.0,98.7,72.7
4535,171.78,1,Lingcod,85,mixed,788,0.1150,2,78.49,94.0,98.0,98.7,72.8
4536,30.72,1,Carp,15,mixed,328,0.1150,3,77.52,94.0,98.0,98.7,72.8
4537,84.17,1,Ghostfish,50,mixed,325,0.1149,4,77.75,94.0,98.0,98.7,72.8
4538,86.07,1,Goby,55,dart,318,0.1149,5,78.04,94.0,98.0,98.7,72.8
4539,51.55,1,Sunfish,30,mixed,313,0.1149,6,77.67,94.0,98.0,98.7,72.8
4540,88.06,1,Goby,55,dart,378,0.1148,7,77.69,94.0,98.0,98.7,72.8
4541,119.72,1,Catfish,75,mixed,323,0.1148,8,77.67,94.0,98.0,98.7,72.8
4542,-45.10,0,Ice Pip,85,dart,215,0.1148,0,76.38,93.0,98.0,98.7,72.7
4543,116.89,1,Tuna,70,smooth,318,0.1147,1,76.60,93.0,98.0,98.7,72.7
4544,60.98,1,Chub,35,dart,328,0.1147,2,76.37,93.0,98.0,98.7,72.7
4545,98.44,1,Pike,60,dart,525,0.1147,3,76.66,93.0,98.0,98.7,72.7
4546,74.19,1,Ghostfish,50,mixed,358,0.1146,4,76.62,93.0,98.0,98.7,72.7
4547,77.88,1,Rainbow Trout,45,mixed,325,0.1146,5,76.70,93.0,98.0,98.7,72.7
4548,62.95,1,Perch,35,dart,328,0.1146,6,76.35,93.0,98.0,98.7,72.7
4549,64.89,1,Chub,35,dart,338,0.1146,7,76.72,93.0,98.0,98.7,72.7
4550,74.92,1,Halibut,50,sinker,325,0.1145,8,76.74,93.0,98.0,98.7,72.7
4551,-33.83,0,Scorpion Carp,90,dart,240,0.1145,0,75.43,92.0,98.0,98.7,72.6
4552,50.50,1,Sunfish,30,mixed,345,0.1145,1,75.05,92.0,98.0,98.7,72.6
4553,55.85,1,Anchovy,30,dart,330,0.1144,2,74.37,92.0,98.0,98.7,72.6
4554,92.33,1,Blue Discus,60,dart,365,0.1144,3,74.47,92.0,98.0,98.7,72.6
4555,51.83,1,Sunfish,30,mixed,325,0.1144,4,74.34,92.0,98.0,98.7,72.6
4556,59.41,1,Chub,35,dart,330,0.1143,5,74.43,92.0,98.0,98.7,72.6
4557,46.97,1,Herring,25,dart,353,0.1143,6,74.22,92.0,98.0,98.7,72.6
4558,96.15,1,Sandfish,65,mixed,318,0.1143,7,74.04,92.0,98.0,98.7,72.6
4559,53.85,1,Anchovy,30,dart,338,0.1142,8,74.08,92.0,98.0,98.7,72.6
4560,98.29,1,Albacore,60,mixed,320,0.1142,9,74.26,92.0,98.0,98.7,72.6
4561,120.50,1,Super Cucumber,80,sinker,545,0.1142,10,74.58,92.0,98.0,98.7,72.6
4562,45.43,1,Herring,25,dart,335,0.1141,11,75.14,93.0,98.0,98.7,72.6
4563,30.44,1,Carp,15,mixed,323,0.1141,12,74.60,93.0,98.0,98.7,72.6
4564,53.31,1,Sunfish,30,mixed,323,0.1141,13,73.33,93.0,98.0,98.7,72.6
4565,65.26,1,Sea Cucumber,40,sinker,343,0.1141,14,73.08,93.0,98.0,98.7,72.6
4566,55.10,1,Anchovy,30,dart,328,0.1140,15,72.92,93.0,98.0,98.7,72.6
4567,55.64,1,Anchovy,30,dart,335,0.1140,16,72.95,93.0,98.0,98.7,72.6
4568,50.19,1,Smallmouth Bass,28,mixed,323,0.1140,17,73.56,94.0,98.0,98.7,72.6
4569,60.49,1,Perch,35,dart,333,0.1139,18,73.28,94.0,98.0,98.7,72.6
4570,53.19,1,Anchovy,30,dart,333,0.1139,19,73.29,94.0,98.0,98.7,72.6
4571,67.11,1,Rainbow Trout,45,mixed,330,0.1139,20,74.07,95.0,98.0,98.7,72.6
4572,47.50,1,Herring,25,dart,348,0.1138,21,73.08,95.0,98.0,98.7,72.6
4573,82.41,1,Goby,55,dart,338,0.1138,22,73.41,95.0,98.0,98.7,72.6
4574,185.25,1,Lava Eel,90,mixed,663,0.1138,23,74.64,95.0,98.0,98.7,72.7
4575,69.97,1,Red Snapper,40,mixed,320,0.1137,24,74.57,95.0,98.0,98.7,72.7
4576,88.09,1,Blue Discus,60,dart,320,0.1137,25,74.51,95.0,98.0,98.7,72.7
4577,88.63,1,Red Mullet,55,smooth,320,0.1137,26,75.62,96.0,98.0,98.7,72.7
4578,29.43,1,Carp,15,mixed,323,0.1137,27,75.58,96.0,98.0,98.7,72.7
4579,70.43,1,Halibut,50,sinker,348,0.1136,28,75.69,96.0,98.0,98.7,72.7
4580,149.30,1,Stingray,80,sinker,545,0.1136,29,76.28,96.0,98.0,98.7,72.7
4581,144.94,1,Catfish,75,mixed,560,0.1136,30,76.93,96.0,98.0,98.7,72.7
4582,97.06,1,Albacore,60,mixed,333,0.1135,31,77.39,96.0,98.0,98.7,72.7
4583,55.54,1,Anchovy,30,dart,328,0.1135,32,77.18,96.0,98.0,98.7,72.7
4584,78.13,1,Ghostfish,50,mixed,335,0.1135,33,77.28,96.0,98.0,98.7,72.7
4585,-33.45,0,Pufferfish,80,floater,167,0.1134,0,76.26,95.0,98.0,98.7,72.7
4586,49.46,1,Sardine,30,dart,338,0.1134,1,76.49,95.0,98.0,98.7,72.7
4587,44.56,1,Herring,25,dart,335,0.1134,2,76.40,95.0,98.0,98.7,72.7
4588,46.53,1,Herring,25,dart,328,0.1133,3,76.40,95.0,98.0,98.7,72.7
4589,81.75,1,Halibut,50,sinker,315,0.1133,4,75.99,95.0,98.0,98.7,72.7
4590,90.02,1,Red Mullet,55,smooth,318,0.1133,5,77.31,96.0,98.0,98.7,72.7
4591,42.67,1,Smallmouth Bass,28,mixed,315,0.1132,6,77.05,96.0,98.0,98.7,72.7
4592,62.77,1,Bream,35,smooth,320,0.1132,7,76.84,96.0,98.0,98.7,72.7
4593,-41.39,0,Scorpion Carp,90,dart,167,0.1132,0,75.87,95.0,98.0,98.7,72.6
4594,140.08,1,Sandfish,65,mixed,655,0.1132,1,75.80,95.0,98.0,98.7,72.6
4595,94.67,1,Midnight Carp,55,mixed,335,0.1131,2,75.12,95.0,98.0,98.7,72.6
4596,46.56,1,Sunfish,30,mixed,330,0.1131,3,74.80,95.0,98.0,98.7,72.6
4597,52.38,1,Sardine,30,dart,323,0.1131,4,74.57,95.0,98.0,98.7,72.6
4598,54.48,1,Anchovy,30,dart,323,0.1130,5,74.48,95.0,98.0,98.7,72.6
4599,92.03,1,Stonefish,65,sinker,323,0.1130,6,75.08,95.0,98.0,98.7,72.6
4600,61.71,1,Chub,35,dart,320,0.1130,7,75.10,95.0,98.0,98.7,72.6
4601,107.81,1,Pufferfish,80,floater,565,0.1129,8,75.40,95.0,98.0,98.7,72.6
4602,61.31,1,Chub,35,dart,318,0.1129,9,75.18,95.0,98.0,98.7,72.6
4603,79.90,1,Bullhead,46,smooth,323,0.1129,10,75.67,95.0,98.0,98.7,72.6
4604,77.98,1,Lionfish,50,smooth,318,0.1128,11,75.76,95.0,98.0,98.7,72.6
4605,48.01,1,Smallmouth Bass,28,mixed,320,0.1128,12,75.44,95.0,98.0,98.7,72.6
4606,104.41,1,Tuna,70,smooth,348,0.1128,13,75.43,95.0,98.0,98.7,72.6
4607,62.63,1,Sea Cucumber,40,sinker,385,0.1128,14,75.21,95.0,98.0,98.7,72.6
4608,80.85,1,Ghostfish,50,mixed,328,0.1127,15,75.24,95.0,98.0,98.7,72.6
4609,61.33,1,Bream,35,smooth,320,0.1127,16,75.37,95.0,98.0,98.7,72.6
4610,100.08,1,Albacore,60,mixed,335,0.1127,17,75.12,95.0,98.0,98.7,72.6
4611,80.89,1,Ghostfish,50,mixed,328,0.1126,18,75.27,95.0,98.0,98.7,72.6
4612,79.70,1,Largemouth Bass,50,mixed,323,0.1126,19,75.24,95.0,98.0,98.7,72.6
4613,144.73,1,Lingcod,85,mixed,458,0.1126,20,75.52,95.0,98.0,98.7,72.6
4614,128.28,1,Catfish,75,mixed,420,0.1125,21,76.26,95.0,98.0,98.7,72.7
4615,79.29,1,Woodskip,50,mixed,328,0.1125,22,76.12,95.0,98.0,98.7,72.7
4616,73.62,1,Rainbow Trout,45,mixed,330,0.1125,23,76.07,95.0,98.0,98.7,72.7
4617,61.75,1,Sea Cucumber,40,sinker,395,0.1124,24,75.86,95.0,98.0,98.7,72.7
4618,105.81,1,Dorado,78,mixed,335,0.1124,25,76.98,96.0,98.0,98.7,72.7
4619,110.52,1,Stingray,80,sinker,318,0.1124,26,77.41,96.0,98.0,98.7,72.7
4620,106.75,1,Eel,70,smooth,335,0.1124,27,77.34,96.0,98.0,98.7,72.7
4621,45.84,1,Herring,25,dart,325,0.1123,28,77.31,96.0,98.0,98.7,72.7
4622,80.97,1,Bullhead,46,smooth,330,0.1123,29,77.12,96.0,98.0,98.7,72.7
4623,76.30,1,Ghostfish,50,mixed,380,0.1123,30,75.58,96.0,98.0,98.7,72.7
4624,156.26,1,Super Cucumber,80,sinker,683,0.1122,31,76.55,96.0,98.0,98.7,72.8
4625,80.43,1,Lionfish,50,smooth,318,0.1122,32,75.90,96.0,98.0,98.7,72.8
4626,45.94,1,Herring,25,dart,320,0.1122,33,75.12,96.0,98.0,98.7,72.8
4627,77.30,1,Tilapia,50,mixed,435,0.1121,34,73.73,96.0,98.0,98.7,72.8
4628,143.02,1,Catfish,75,mixed,480,0.1121,35,74.19,96.0,98.0,98.7,72.8
4629,102.30,1,Sandfish,65,mixed,365,0.1121,36,74.41,96.0,98.0,98.7,72.8
4630,59.14,1,Sea Cucumber,40,sinker,328,0.1120,37,74.18,96.0,98.0,98.7,72.8
4631,30.53,1,Carp,15,mixed,325,0.1120,38,73.93,96.0,98.0,98.7,72.8
4632,55.44,1,Sunfish,30,mixed,318,0.1120,39,73.63,96.0,98.0,98.7,72.8
4633,105.40,1,Squid,75,sinker,368,0.1119,40,74.09,96.0,98.0,98.7,72.8
4634,50.30,1,Smallmouth Bass,28,mixed,320,0.1119,41,73.82,96.0,98.0,98.7,72.8
4635,80.61,1,Salmon,50,mixed,323,0.1119,42,72.91,96.0,98.0,98.7,72.8
4636,96.49,1,Blue Discus,60,dart,403,0.1119,43,73.57,96.0,98.0,98.7,72.8
4637,60.30,1,Sea Cucumber,40,sinker,325,0.1118,44,73.33,96.0,98.0,98.7,72.8
4638,114.32,1,Void Salmon,80,mixed,318,0.1118,45,73.61,96.0,98.0,98.7,72.9
4639,81.34,1,Slimejack,55,dart,338,0.1118,46,73.91,96.0,98.0,98.7,72.9
4640,48.80,1,Smallmouth Bass,28,mixed,320,0.1117,47,73.52,96.0,98.0,98.7,72.9
4641,80.38,1,Ghostfish,50,mixed,330,0.1117,48,73.13,96.0,98.0,98.7,72.9
4642,95.21,1,Albacore,60,mixed,333,0.1117,49,74.53,97.0,98.0,98.7,72.9
4643,108.40,1,Sandfish,65,mixed,325,0.1116,50,74.44,97.0,98.0,98.7,72.9
4644,53.68,1,Anchovy,30,dart,325,0.1116,51,74.37,97.0,98.0,98.7,72.9
4645,74.04,1,Rainbow Trout,45,mixed,320,0.1116,52,74.13,97.0,98.0,98.7,72.9
4646,74.35,1,Flounder,50,sinker,320,0.1115,53,74.13,97.0,98.0,98.7,72.9
4647,78.92,1,Tilapia,50,mixed,323,0.1115,54,74.14,97.0,98.0,98.7,72.9
4648,121.69,1,Lingcod,85,mixed,300,0.1115,55,74.73,97.0,98.0,98.7,72.9
4649,54.56,1,Sardine,30,dart,320,0.1114,56,74.62,97.0,98.0,98.7,72.9
4650,68.19,1,Red Snapper,40,mixed,320,0.1114,57,74.56,97.0,98.0,98.7,72.9
4651,46.28,1,Herring,25,dart,328,0.1114,58,75.36,98.0,98.0,98.7,72.9
4652,92.14,1,Red Mullet,55,smooth,318,0.1114,59,75.77,98.0,98.0,98.7,72.9
4653,35.76,0,Ice Pip,85,dart,915,0.1113,0,75.57,98.0,98.0,98.7,72.8
4654,101.91,1,Tuna,70,smooth,348,0.1113,1,75.67,98.0,98.0,98.7,72.8
4655,58.27,1,Chub,35,dart,320,0.1113,2,75.73,98.0,98.0,98.7,72.8
4656,104.88,1,Squid,75,sinker,320,0.1112,3,76.19,98.0,98.0,98.7,72.8
4657,154.30,1,Squid,75,sinker,678,0.1112,4,77.26,98.0,98.0,98.7,72.9
4658,31.73,1,Carp,15,mixed,320,0.1112,5,76.62,98.0,98.0,98.7,72.9
4659,164.82,1,Octopus,95,sinker,493,0.1111,6,77.73,98.0,98.0,98.7,72.9
4660,86.70,1,Midnight Carp,55,mixed,323,0.1111,7,77.61,98.0,98.0,98.7,72.9
4661,80.44,1,Bullhead,46,smooth,318,0.1111,8,77.21,98.0,98.0,98.7,72.9
4662,62.64,1,Bream,35,smooth,323,0.1110,9,77.38,98.0,98.0,98.7,72.9
4663,56.39,1,Sunfish,30,mixed,323,0.1110,10,77.64,98.0,98.0,98.7,72.9
4664,79.34,1,Woodskip,50,mixed,363,0.1110,11,77.90,98.0,98.0,98.7,72.9
4665,49.80,1,Smallmouth Bass,28,mixed,323,0.1110,12,77.75,98.0,98.0,98.7,72.9
4666,54.63,1,Sardine,30,dart,323,0.1109,13,77.74,98.0,98.0,98.7,72.9
4667,124.11,1,Pufferfish,80,floater,315,0.1109,14,78.43,98.0,98.0,98.7,72.9
4668,92.48,1,Goby,55,dart,385,0.1109,15,78.85,98.0,98.0,98.7,72.9
4669,108.96,1,Stingray,80,sinker,573,0.1108,16,79.34,98.0,98.0,98.7,73.0
4670,55.23,1,Sardine,30,dart,335,0.1108,17,79.36,98.0,98.0,98.7,73.0
4671,59.11,1,Chub,35,dart,320,0.1108,18,79.28,98.0,98.0,98.7,73.0
4672,59.77,1,Sea Cucumber,40,sinker,325,0.1107,19,79.40,98.0,98.0,98.7,73.0
4673,83.05,1,Tilapia,50,mixed,323,0.1107,20,79.40,98.0,98.0,98.7,73.0
4674,78.77,1,Woodskip,50,mixed,323,0.1107,21,78.34,98.0,98.0,98.7,73.0
4675,88.56,1,Slimejack,55,dart,315,0.1106,22,78.53,98.0,98.0,98.7,73.0
4676,107.31,1,Eel,70,smooth,335,0.1106,23,78.72,98.0,98.0,98.7,73.0
4677,78.78,1,Walleye,45,smooth,318,0.1106,24,78.62,98.0,98.0,98.7,73.0
4678,161.44,1,Super Cucumber,80,sinker,658,0.1105,25,79.94,98.0,98.0,98.7,73.0
4679,31.36,1,Carp,15,mixed,318,0.1105,26,79.55,98.0,98.0,98.7,73.0
4680,124.11,1,Squid,75,sinker,648,0.1105,27,79.30,98.0,98.0,98.7,73.0
4681,52.10,1,Anchovy,30,dart,328,0.1105,28,78.37,98.0,98.0,98.7,73.0
4682,70.29,1,Rainbow Trout,45,mixed,318,0.1104,29,78.10,98.0,98.0,98.7,73.0
4683,59.61,1,Sea Cucumber,40,sinker,323,0.1104,30,78.14,98.0,98.0,98.7,73.0
4684,79.29,1,Walleye,45,smooth,315,0.1104,31,78.15,98.0,98.0,98.7,73.0
4685,87.59,1,Red Mullet,55,smooth,320,0.1103,32,79.36,99.0,98.0,98.7,73.0
4686,89.36,1,Red Mullet,55,smooth,318,0.1103,33,79.76,99.0,98.0,98.7,73.0
4687,60.94,1,Flounder,50,sinker,320,0.1103,34,79.93,99.0,98.0,98.7,73.0
4688,73.92,1,Rainbow Trout,45,mixed,318,0.1102,35,80.20,99.0,98.0,98.7,73.0
4689,87.14,1,Midnight Carp,55,mixed,325,0.1102,36,80.25,99.0,98.0,98.7,73.0
4690,52.73,1,Sunfish,30,mixed,363,0.1102,37,79.88,99.0,98.0,98.7,73.0
4691,122.81,1,Catfish,75,mixed,360,0.1101,38,80.68,99.0,98.0,98.7,73.1
4692,172.45,1,Sturgeon,78,mixed,788,0.1101,39,81.78,99.0,98.0,98.7,73.1
4693,60.28,1,Sea Cucumber,40,sinker,318,0.1101,40,82.80,100.0,98.0,98.7,73.1
4694,90.69,1,Tiger Trout,60,dart,345,0.1101,41,82.30,100.0,98.0,98.7,73.1
4695,52.01,1,Sunfish,30,mixed,318,0.1100,42,81.88,100.0,98.0,98.7,73.1
4696,87.38,1,Slimejack,55,dart,315,0.1100,43,82.28,100.0,98.0,98.7,73.1
4697,78.50,1,Walleye,45,smooth,318,0.1100,44,82.54,100.0,98.0,98.7,73.1
4698,109.33,1,Super Cucumber,80,sinker,328,0.1099,45,83.09,100.0,98.0,98.7,73.1
4699,78.84,1,Shad,45,smooth,318,0.1099,46,82.96,100.0,98.0,98.7,73.1
4700,75.49,1,Ghostfish,50,mixed,318,0.1099,47,83.10,100.0,98.0,98.7,73.1
