Episode,Score,Success,Fish,Difficulty,Behavior,Episode_Length,Epsilon,Win_Streak,Avg_Score_100,Win_Rate_100,Easy_Success_Rate,Medium_Success_Rate,Hard_Success_Rate,Shortest_Catch,Behaviors_Discovered,Sinker_Rate,Dart_Rate,Smooth_Rate,Mixed_Rate,Floater_Rate
1,-14.12,0,Herring,23,dart,167,0.2000,0,-14.12,0.0,0.0,0.0,0.0,0,0,0.0,0.0,0.0,0.0,0.0
2,-19.29,0,Sea Cucumber,39,sinker,194,0.2000,0,-16.71,0.0,0.0,0.0,0.0,0,0,0.0,0.0,0.0,0.0,0.0
3,-14.53,0,Herring,22,dart,187,0.2000,0,-15.98,0.0,0.0,0.0,0.0,0,0,0.0,0.0,0.0,0.0,0.0
4,-19.85,0,Red Snapper,39,mixed,167,0.2000,0,-16.95,0.0,0.0,0.0,0.0,0,0,0.0,0.0,0.0,0.0,0.0
5,-18.82,0,Anchovy,32,dart,185,0.2000,0,-17.32,0.0,0.0,0.0,0.0,0,0,0.0,0.0,0.0,0.0,0.0
6,-4.80,0,Green Algae,4,floater,430,0.2000,0,-15.24,0.0,0.0,0.0,0.0,0,0,0.0,0.0,0.0,0.0,0.0
7,-20.25,0,Sea Cucumber,43,sinker,202,0.2000,0,-15.95,0.0,0.0,0.0,0.0,0,0,0.0,0.0,0.0,0.0,0.0
8,-14.56,0,Anchovy,27,dart,167,0.2000,0,-15.78,0.0,0.0,0.0,0.0,0,0,0.0,0.0,0.0,0.0,0.0
9,-7.15,0,Herring,22,dart,365,0.2000,0,-14.82,0.0,0.0,0.0,0.0,0,0,0.0,0.0,0.0,0.0,0.0
10,-17.67,0,Sea Cucumber,37,sinker,200,0.2000,0,-15.10,0.0,0.0,0.0,0.0,0,0,0.0,0.0,0.0,0.0,0.0
11,-10.63,0,Smallmouth Bass,28,mixed,285,0.2000,0,-14.70,0.0,0.0,0.0,0.0,0,0,0.0,0.0,0.0,0.0,0.0
12,-9.37,0,Sunfish,27,mixed,387,0.2000,0,-14.25,0.0,0.0,0.0,0.0,0,0,0.0,0.0,0.0,0.0,0.0
13,-9.22,0,Carp,15,mixed,264,0.2000,0,-13.87,0.0,0.0,0.0,0.0,0,0,0.0,0.0,0.0,0.0,0.0
14,-6.50,0,White Algae,4,floater,242,0.2000,0,-13.34,0.0,0.0,0.0,0.0,0,0,0.0,0.0,0.0,0.0,0.0
15,-10.80,0,Red Snapper,38,mixed,332,0.2000,0,-13.17,0.0,0.0,0.0,0.0,0,0,0.0,0.0,0.0,0.0,0.0
16,-3.18,0,Bream,36,smooth,484,0.2000,0,-12.55,0.0,0.0,0.0,0.0,0,0,0.0,0.0,0.0,0.0,0.0
17,-18.16,0,Sea Cucumber,42,sinker,210,0.2000,0,-12.88,0.0,0.0,0.0,0.0,0,0,0.0,0.0,0.0,0.0,0.0
18,-17.32,0,Sea Cucumber,38,sinker,214,0.2000,0,-13.12,0.0,0.0,0.0,0.0,0,0,0.0,0.0,0.0,0.0,0.0
19,-16.08,0,Sunfish,29,mixed,167,0.2000,0,-13.28,0.0,0.0,0.0,0.0,0,0,0.0,0.0,0.0,0.0,0.0
20,-15.61,0,Bream,35,smooth,272,0.2000,0,-13.40,0.0,0.0,0.0,0.0,0,0,0.0,0.0,0.0,0.0,0.0
21,-8.81,0,Carp,14,mixed,219,0.2000,0,-13.18,0.0,0.0,0.0,0.0,0,0,0.0,0.0,0.0,0.0,0.0
22,-11.18,0,Sunfish,28,mixed,262,0.2000,0,-13.09,0.0,0.0,0.0,0.0,0,0,0.0,0.0,0.0,0.0,0.0
23,-21.30,0,Sea Cucumber,43,sinker,167,0.2000,0,-13.44,0.0,0.0,0.0,0.0,0,0,0.0,0.0,0.0,0.0,0.0
24,-16.86,0,Sea Cucumber,37,sinker,215,0.2000,0,-13.59,0.0,0.0,0.0,0.0,0,0,0.0,0.0,0.0,0.0,0.0
25,-6.66,0,Green Algae,5,floater,167,0.2000,0,-13.31,0.0,0.0,0.0,0.0,0,0,0.0,0.0,0.0,0.0,0.0
26,16.29,1,Seaweed,5,floater,613,0.2000,1,-12.17,3.8,4.3,0.0,0.0,613,1,0.0,0.0,0.0,0.0,25.0
27,3.18,0,Sea Cucumber,37,sinker,630,0.2000,0,-11.60,7.4,4.2,0.0,0.0,613,1,0.0,0.0,0.0,0.0,25.0
28,-6.45,0,Green Algae,5,floater,215,0.2000,0,-11.42,7.1,4.0,0.0,0.0,613,1,0.0,0.0,0.0,0.0,20.0
29,39.06,1,Herring,24,dart,488,0.2000,1,-9.68,10.3,7.7,0.0,0.0,488,2,0.0,16.7,0.0,0.0,20.0
30,-4.35,0,Carp,16,mixed,494,0.2000,0,-9.50,10.0,7.4,0.0,0.0,488,2,0.0,16.7,0.0,0.0,20.0
31,-19.78,0,Sea Cucumber,42,sinker,194,0.2000,0,-9.83,9.7,7.4,0.0,0.0,488,2,0.0,16.7,0.0,0.0,20.0
32,34.29,0,Sunfish,32,mixed,1262,0.2000,0,-8.45,12.5,7.1,0.0,0.0,488,2,0.0,16.7,0.0,0.0,20.0
33,15.59,1,Green Algae,5,floater,373,0.2000,1,-7.72,15.2,10.3,0.0,0.0,373,2,0.0,16.7,0.0,0.0,33.3
34,33.31,0,Bream,33,smooth,1290,0.2000,0,-6.52,17.6,10.0,0.0,0.0,373,2,0.0,16.7,0.0,0.0,33.3
35,27.35,0,Chub,37,dart,1164,0.2000,0,-5.55,20.0,9.7,0.0,0.0,373,2,0.0,14.3,0.0,0.0,33.3
36,-14.06,0,Sunfish,28,mixed,197,0.2000,0,-5.79,19.4,9.4,0.0,0.0,373,2,0.0,14.3,0.0,0.0,33.3
37,16.69,1,Green Algae,5,floater,580,0.2000,1,-5.18,21.6,12.1,0.0,0.0,373,2,0.0,14.3,0.0,0.0,42.9
38,54.37,1,Bream,34,smooth,398,0.2000,2,-3.61,23.7,14.7,0.0,0.0,373,3,0.0,14.3,25.0,0.0,42.9
39,51.97,1,Sardine,32,dart,335,0.2000,3,-2.19,25.6,17.1,0.0,0.0,335,3,0.0,25.0,25.0,0.0,42.9
40,-19.51,0,Sea Cucumber,40,sinker,195,0.2000,0,-2.62,25.0,16.7,0.0,0.0,335,3,0.0,25.0,25.0,0.0,42.9
41,-9.55,0,Carp,14,mixed,200,0.2000,0,-2.79,24.4,16.2,0.0,0.0,335,3,0.0,25.0,25.0,0.0,42.9
42,45.99,1,Sunfish,28,mixed,500,0.2000,1,-1.63,26.2,18.4,0.0,0.0,335,4,0.0,25.0,25.0,7.7,42.9
43,56.06,1,Bream,36,smooth,398,0.2000,2,-0.29,27.9,20.5,0.0,0.0,335,4,0.0,25.0,40.0,7.7,42.9
44,14.68,1,White Algae,4,floater,360,0.2000,3,0.06,29.5,22.5,0.0,0.0,335,4,0.0,25.0,40.0,7.7,50.0
45,-18.89,0,Sea Cucumber,41,sinker,200,0.2000,0,-0.37,28.9,22.5,0.0,0.0,335,4,0.0,25.0,40.0,7.7,50.0
46,48.02,1,Anchovy,31,dart,330,0.2000,1,0.69,30.4,24.4,0.0,0.0,330,4,0.0,33.3,40.0,7.7,50.0
47,15.37,1,Seaweed,5,floater,405,0.2000,2,1.00,31.9,26.2,0.0,0.0,330,4,0.0,33.3,40.0,7.7,55.6
48,60.78,1,Bream,34,smooth,505,0.2000,3,2.24,33.3,27.9,0.0,0.0,330,4,0.0,33.3,50.0,7.7,55.6
49,13.88,1,Seaweed,4,floater,645,0.2000,4,2.48,34.7,29.5,0.0,0.0,330,4,0.0,33.3,50.0,7.7,60.0
50,13.11,1,Green Algae,4,floater,655,0.2000,5,2.69,36.0,31.1,0.0,0.0,330,4,0.0,33.3,50.0,7.7,63.6
51,47.10,1,Smallmouth Bass,29,mixed,333,0.2000,6,3.56,37.3,32.6,0.0,0.0,330,4,0.0,33.3,50.0,14.3,63.6
52,16.60,1,Green Algae,5,floater,1588,0.2000,7,3.82,38.5,34.0,0.0,0.0,330,4,0.0,33.3,50.0,14.3,66.7
53,54.45,1,Chub,35,dart,360,0.2000,8,4.77,39.6,35.4,0.0,0.0,330,4,0.0,40.0,50.0,14.3,66.7
54,14.15,1,White Algae,5,floater,1045,0.2000,9,4.94,40.7,36.7,0.0,0.0,330,4,0.0,40.0,50.0,14.3,69.2
55,52.10,1,Anchovy,27,dart,565,0.2000,10,5.80,41.8,38.0,0.0,0.0,330,4,0.0,45.5,50.0,14.3,69.2
56,60.47,1,Red Snapper,39,mixed,338,0.2000,11,6.78,42.9,39.2,0.0,0.0,330,4,0.0,45.5,50.0,20.0,69.2
57,53.13,1,Red Snapper,37,mixed,340,0.2000,12,7.59,43.9,40.4,0.0,0.0,330,4,0.0,45.5,50.0,25.0,69.2
58,-4.87,0,White Algae,4,floater,494,0.2000,0,7.38,43.1,39.6,0.0,0.0,330,4,0.0,45.5,50.0,25.0,64.3
59,49.83,1,Bream,34,smooth,695,0.2000,1,8.10,44.1,40.7,0.0,0.0,330,4,0.0,45.5,57.1,25.0,64.3
60,65.76,1,Sea Cucumber,38,sinker,985,0.2000,2,9.06,45.0,41.8,0.0,0.0,330,5,8.3,45.5,57.1,25.0,64.3
61,15.92,1,Green Algae,5,floater,460,0.2000,3,9.17,45.9,42.9,0.0,0.0,330,5,8.3,45.5,57.1,25.0,66.7
62,-4.48,0,White Algae,5,floater,502,0.2000,0,8.95,45.2,42.1,0.0,0.0,330,5,8.3,45.5,57.1,25.0,62.5
63,45.64,1,Smallmouth Bass,29,mixed,345,0.2000,1,9.53,46.0,43.1,0.0,0.0,330,5,8.3,45.5,57.1,29.4,62.5
64,28.08,1,Carp,14,mixed,350,0.2000,2,9.82,46.9,44.1,0.0,0.0,330,5,8.3,45.5,57.1,33.3,62.5
65,29.38,0,Bream,37,smooth,1490,0.2000,0,10.12,47.7,43.3,0.0,0.0,330,5,8.3,45.5,50.0,33.3,62.5
66,-5.44,0,White Algae,4,floater,429,0.2000,0,9.89,47.0,42.6,0.0,0.0,330,5,8.3,45.5,50.0,33.3,58.8
67,-5.73,0,Green Algae,4,floater,300,0.2000,0,9.65,46.3,41.9,0.0,0.0,330,5,8.3,45.5,50.0,33.3,55.6
68,-2.22,0,Green Algae,5,floater,835,0.2000,0,9.48,45.6,41.3,0.0,0.0,330,5,8.3,45.5,50.0,33.3,52.6
69,14.54,0,Bream,35,smooth,1209,0.2000,0,9.55,46.4,40.6,0.0,0.0,330,5,8.3,45.5,44.4,33.3,52.6
70,69.49,0,Bream,33,smooth,2000,0.2000,0,10.41,47.1,40.0,0.0,0.0,330,5,8.3,45.5,40.0,33.3,52.6
71,53.18,1,Sardine,31,dart,358,0.2000,1,11.01,47.9,40.9,0.0,0.0,330,5,8.3,50.0,40.0,33.3,52.6
72,61.73,1,Sea Cucumber,36,sinker,500,0.2000,2,11.72,48.6,41.8,0.0,0.0,330,5,15.4,50.0,40.0,33.3,52.6
73,-4.18,0,Green Algae,5,floater,495,0.2000,0,11.50,47.9,41.2,0.0,0.0,330,5,15.4,50.0,40.0,33.3,50.0
74,47.64,1,Sardine,29,dart,365,0.2000,1,11.99,48.6,42.0,0.0,0.0,330,5,15.4,53.8,40.0,33.3,50.0
75,39.03,0,Bream,37,smooth,1619,0.2000,0,12.35,49.3,41.4,0.0,0.0,330,5,15.4,53.8,36.4,33.3,50.0
76,57.70,1,Sea Cucumber,38,sinker,380,0.2000,1,12.94,50.0,42.3,0.0,0.0,330,5,21.4,53.8,36.4,33.3,50.0
77,25.11,1,Carp,14,mixed,360,0.2000,2,13.10,50.6,43.1,0.0,0.0,330,5,21.4,53.8,36.4,36.8,50.0
78,47.81,1,Bream,33,smooth,410,0.2000,3,13.55,51.3,43.8,0.0,0.0,330,5,21.4,53.8,41.7,36.8,50.0
79,71.88,1,Anchovy,31,dart,1053,0.2000,4,14.28,51.9,44.6,0.0,0.0,330,5,21.4,57.1,41.7,36.8,50.0
80,56.70,1,Bream,38,smooth,710,0.2000,5,14.81,52.5,45.3,0.0,0.0,330,5,21.4,57.1,46.2,36.8,50.0
81,-6.39,0,Green Algae,4,floater,167,0.2000,0,14.55,51.9,44.7,0.0,0.0,330,5,21.4,57.1,46.2,36.8,47.6
82,-5.55,0,White Algae,5,floater,365,0.2000,0,14.31,51.2,44.2,0.0,0.0,330,5,21.4,57.1,46.2,36.8,45.5
83,-4.33,0,White Algae,5,floater,460,0.2000,0,14.08,50.6,43.6,0.0,0.0,330,5,21.4,57.1,46.2,36.8,43.5
84,80.66,1,Sea Cucumber,42,sinker,1050,0.2000,1,14.88,51.2,43.6,16.7,0.0,330,5,26.7,57.1,46.2,36.8,43.5
85,-6.43,0,White Algae,5,floater,220,0.2000,0,14.63,50.6,43.0,16.7,0.0,330,5,26.7,57.1,46.2,36.8,41.7
86,39.92,1,Herring,22,dart,495,0.2000,1,14.92,51.2,43.8,16.7,0.0,330,5,26.7,60.0,46.2,36.8,41.7
87,59.90,0,Bream,31,smooth,2000,0.2000,0,15.44,51.7,43.2,16.7,0.0,330,5,26.7,60.0,42.9,36.8,41.7
88,86.15,0,Perch,36,dart,2000,0.2000,0,16.24,52.3,42.7,16.7,0.0,330,5,26.7,56.2,42.9,36.8,41.7
89,-6.08,0,White Algae,5,floater,285,0.2000,0,15.99,51.7,42.2,16.7,0.0,330,5,26.7,56.2,42.9,36.8,40.0
90,-6.42,0,Seaweed,4,floater,167,0.2000,0,15.74,51.1,41.7,16.7,0.0,330,5,26.7,56.2,42.9,36.8,38.5
91,49.00,1,Sunfish,28,mixed,373,0.2000,1,16.11,51.6,42.4,16.7,0.0,330,5,26.7,56.2,42.9,40.0,38.5
92,54.42,1,Chub,34,dart,373,0.2000,2,16.52,52.2,43.0,16.7,0.0,330,5,26.7,58.8,42.9,40.0,38.5
93,58.19,1,Chub,33,dart,363,0.2000,3,16.97,52.7,43.7,16.7,0.0,330,5,26.7,61.1,42.9,40.0,38.5
94,42.28,1,Smallmouth Bass,27,mixed,365,0.2000,4,17.24,53.2,44.3,16.7,0.0,330,5,26.7,61.1,42.9,42.9,38.5
95,52.08,1,Chub,31,dart,368,0.2000,5,17.61,53.7,44.9,16.7,0.0,330,5,26.7,63.2,42.9,42.9,38.5
96,-2.05,0,Seaweed,5,floater,987,0.2000,0,17.40,53.1,44.4,16.7,0.0,330,5,26.7,63.2,42.9,42.9,37.0
97,58.29,1,Sea Cucumber,39,sinker,370,0.2000,1,17.82,53.6,45.1,16.7,0.0,330,5,31.2,63.2,42.9,42.9,37.0
98,-6.37,0,Green Algae,4,floater,167,0.2000,0,17.58,53.1,44.6,16.7,0.0,330,5,31.2,63.2,42.9,42.9,35.7
99,110.84,1,Bream,35,smooth,1868,0.2000,1,18.52,53.5,45.2,16.7,0.0,330,5,31.2,63.2,46.7,42.9,35.7
100,42.34,1,Smallmouth Bass,27,mixed,348,0.2000,2,18.76,54.0,45.7,16.7,0.0,330,5,31.2,63.2,46.7,45.5,35.7
101,46.30,0,Bream,32,smooth,2000,0.1999,0,19.36,55.0,45.3,16.7,0.0,330,5,31.2,63.2,43.8,45.5,35.7
102,-6.69,0,White Algae,5,floater,167,0.1999,0,19.49,55.0,44.8,16.7,0.0,330,5,31.2,63.2,43.8,45.5,34.5
103,48.92,1,Bream,35,smooth,373,0.1999,1,20.12,56.0,45.4,16.7,0.0,330,5,31.2,63.2,47.1,45.5,34.5
104,67.87,1,Sea Cucumber,41,sinker,360,0.1999,2,21.00,57.0,45.4,28.6,0.0,330,5,35.3,63.2,47.1,45.5,34.5
105,76.17,1,Bream,34,smooth,1870,0.1999,3,21.95,58.0,45.9,28.6,0.0,330,5,35.3,63.2,50.0,45.5,34.5
106,-2.99,0,Seaweed,4,floater,867,0.1999,0,21.97,58.0,45.5,28.6,0.0,330,5,35.3,63.2,50.0,45.5,33.3
107,48.68,1,Bream,33,smooth,415,0.1999,1,22.66,59.0,46.0,28.6,0.0,330,5,35.3,63.2,52.6,45.5,33.3
108,62.53,1,Red Snapper,43,mixed,335,0.1999,2,23.43,60.0,46.0,37.5,0.0,330,5,35.3,63.2,52.6,47.8,33.3
109,-11.02,0,Red Snapper,40,mixed,305,0.1999,0,23.39,60.0,45.5,37.5,0.0,330,5,35.3,63.2,52.6,45.8,33.3
110,62.90,1,Red Snapper,38,mixed,338,0.1999,1,24.19,61.0,46.1,37.5,0.0,330,5,35.3,63.2,52.6,48.0,33.3
111,-5.12,0,Green Algae,5,floater,354,0.1999,0,24.25,61.0,45.6,37.5,0.0,330,5,35.3,63.2,52.6,48.0,32.3
112,64.39,1,Red Snapper,40,mixed,328,0.1999,1,24.99,62.0,46.2,37.5,0.0,328,5,35.3,63.2,52.6,50.0,32.3
113,45.11,1,Herring,24,dart,410,0.1999,2,25.53,63.0,46.7,37.5,0.0,328,5,35.3,65.0,52.6,50.0,32.3
114,-6.44,0,Seaweed,4,floater,167,0.1999,0,25.53,63.0,46.2,37.5,0.0,328,5,35.3,65.0,52.6,50.0,31.2
115,46.45,1,Chub,31,dart,498,0.1999,1,26.10,64.0,46.7,37.5,0.0,328,5,35.3,66.7,52.6,50.0,31.2
116,52.32,1,Anchovy,31,dart,358,0.1999,2,26.66,65.0,47.2,37.5,0.0,328,5,35.3,68.2,52.6,50.0,31.2
117,49.90,1,Bream,31,smooth,553,0.1999,3,27.34,66.0,47.7,37.5,0.0,328,5,35.3,68.2,55.0,50.0,31.2
118,57.69,1,Sea Cucumber,39,sinker,360,0.1999,4,28.09,67.0,48.2,37.5,0.0,328,5,38.9,68.2,55.0,50.0,31.2
119,57.92,1,Sea Cucumber,41,sinker,368,0.1999,5,28.83,68.0,48.2,44.4,0.0,328,5,42.1,68.2,55.0,50.0,31.2
120,47.11,1,Bream,32,smooth,813,0.1999,6,29.46,69.0,48.6,44.4,0.0,328,5,42.1,68.2,57.1,50.0,31.2
121,62.92,1,Bream,37,smooth,355,0.1999,7,30.17,70.0,49.1,44.4,0.0,328,5,42.1,68.2,59.1,50.0,31.2
122,48.69,1,Sardine,29,dart,515,0.1999,8,30.77,71.0,49.6,44.4,0.0,328,5,42.1,69.6,59.1,50.0,31.2
123,74.40,1,Bream,32,smooth,1338,0.1999,9,31.73,72.0,50.0,44.4,0.0,328,5,42.1,69.6,60.9,50.0,31.2
124,15.75,1,White Algae,5,floater,608,0.1999,10,32.06,73.0,50.4,44.4,0.0,328,5,42.1,69.6,60.9,50.0,33.3
125,54.34,1,Sea Cucumber,38,sinker,455,0.1999,11,32.67,74.0,50.9,44.4,0.0,328,5,45.0,69.6,60.9,50.0,33.3
126,-3.25,0,Green Algae,5,floater,799,0.1999,0,32.47,73.0,50.4,44.4,0.0,328,5,45.0,69.6,60.9,50.0,32.4
127,60.81,1,Sea Cucumber,38,sinker,420,0.1999,1,33.05,73.0,50.8,44.4,0.0,328,5,47.6,69.6,60.9,50.0,32.4
128,69.32,1,Perch,38,dart,490,0.1999,2,33.80,74.0,51.3,44.4,0.0,328,5,47.6,70.8,60.9,50.0,32.4
129,56.20,1,Perch,35,dart,433,0.1999,3,33.98,74.0,51.7,44.4,0.0,328,5,47.6,72.0,60.9,50.0,32.4
130,64.81,1,Sea Cucumber,41,sinker,365,0.1999,4,34.67,75.0,51.7,50.0,0.0,328,5,50.0,72.0,60.9,50.0,32.4
131,-4.76,0,Seaweed,4,floater,470,0.1999,0,34.82,75.0,51.2,50.0,0.0,328,5,50.0,72.0,60.9,50.0,31.4
132,46.70,1,Smallmouth Bass,29,mixed,403,0.1999,1,34.94,75.0,51.6,50.0,0.0,328,5,50.0,72.0,60.9,51.9,31.4
133,15.67,1,Green Algae,5,floater,503,0.1999,2,34.94,75.0,52.0,50.0,0.0,328,5,50.0,72.0,60.9,51.9,33.3
134,68.48,1,Bream,37,smooth,368,0.1999,3,35.29,75.0,52.4,50.0,0.0,328,5,50.0,72.0,62.5,51.9,33.3
135,-4.88,0,Green Algae,5,floater,424,0.1999,0,34.97,74.0,52.0,50.0,0.0,328,5,50.0,72.0,62.5,51.9,32.4
136,59.93,1,Sea Cucumber,42,sinker,368,0.1999,1,35.71,75.0,52.0,54.5,0.0,328,5,52.2,72.0,62.5,51.9,32.4
137,-6.52,0,White Algae,4,floater,167,0.1999,0,35.48,74.0,51.6,54.5,0.0,328,5,52.2,72.0,62.5,51.9,31.6
138,55.00,1,Bream,32,smooth,368,0.1999,1,35.49,74.0,52.0,54.5,0.0,328,5,52.2,72.0,64.0,51.9,31.6
139,52.56,1,Sea Cucumber,36,sinker,418,0.1999,2,35.49,74.0,52.3,54.5,0.0,328,5,54.2,72.0,64.0,51.9,31.6
140,71.08,1,Red Snapper,42,mixed,560,0.1999,3,36.40,75.0,52.3,58.3,0.0,328,5,54.2,72.0,64.0,53.6,31.6
141,57.18,1,Sea Cucumber,38,sinker,373,0.1999,4,37.06,76.0,52.7,58.3,0.0,328,5,56.0,72.0,64.0,53.6,31.6
142,50.76,1,Sunfish,32,mixed,365,0.1999,5,37.11,76.0,53.1,58.3,0.0,328,5,56.0,72.0,64.0,55.2,31.6
143,67.76,1,Sea Cucumber,38,sinker,398,0.1999,6,37.23,76.0,53.4,58.3,0.0,328,5,57.7,72.0,64.0,55.2,31.6
144,48.33,1,Sardine,28,dart,400,0.1999,7,37.57,76.0,53.8,58.3,0.0,328,5,57.7,73.1,64.0,55.2,31.6
145,14.65,1,Green Algae,4,floater,573,0.1999,8,37.90,77.0,54.1,58.3,0.0,328,5,57.7,73.1,64.0,55.2,33.3
146,-3.51,0,White Algae,5,floater,602,0.1999,0,37.39,76.0,53.7,58.3,0.0,328,5,57.7,73.1,64.0,55.2,32.5
147,54.00,1,Bream,35,smooth,385,0.1999,1,37.77,76.0,54.1,58.3,0.0,328,5,57.7,73.1,65.4,55.2,32.5
148,69.15,1,Sea Cucumber,43,sinker,363,0.1999,2,37.86,76.0,54.1,61.5,0.0,328,5,59.3,73.1,65.4,55.2,32.5
149,57.71,1,Bream,37,smooth,388,0.1999,3,38.29,76.0,54.4,61.5,0.0,328,5,59.3,73.1,66.7,55.2,32.5
150,64.15,1,Red Snapper,37,mixed,370,0.1999,4,38.80,76.0,54.7,61.5,0.0,328,5,59.3,73.1,66.7,56.7,32.5
151,0.51,0,White Algae,5,floater,1587,0.1999,0,38.34,76.0,54.3,61.5,0.0,328,5,59.3,73.1,66.7,56.7,31.7
152,-3.72,0,Green Algae,5,floater,729,0.1999,0,38.14,75.0,54.0,61.5,0.0,328,5,59.3,73.1,66.7,56.7,31.0
153,14.23,1,Seaweed,4,floater,410,0.1999,1,37.73,75.0,54.3,61.5,0.0,328,5,59.3,73.1,66.7,56.7,32.6
154,62.41,1,Bream,34,smooth,358,0.1999,2,38.22,75.0,54.6,61.5,0.0,328,5,59.3,73.1,67.9,56.7,32.6
155,47.03,1,Sunfish,29,mixed,360,0.1999,3,38.17,75.0,54.9,61.5,0.0,328,5,59.3,73.1,67.9,58.1,32.6
156,61.87,1,Sea Cucumber,36,sinker,353,0.1999,4,38.18,75.0,55.2,61.5,0.0,328,5,60.7,73.1,67.9,58.1,32.6
157,45.81,1,Herring,25,dart,428,0.1999,5,38.11,75.0,55.6,61.5,0.0,328,5,60.7,74.1,67.9,58.1,32.6
158,56.94,1,Bream,33,smooth,370,0.1999,6,38.72,76.0,55.9,61.5,0.0,328,5,60.7,74.1,69.0,58.1,32.6
159,45.37,1,Smallmouth Bass,26,mixed,390,0.1999,7,38.68,76.0,56.2,61.5,0.0,328,5,60.7,74.1,69.0,59.4,32.6
160,65.98,1,Sea Cucumber,40,sinker,365,0.1999,8,38.68,76.0,56.5,61.5,0.0,328,5,62.1,74.1,69.0,59.4,32.6
161,25.07,1,Carp,16,mixed,538,0.1999,9,38.77,76.0,56.8,61.5,0.0,328,5,62.1,74.1,69.0,60.6,32.6
162,55.88,1,Red Snapper,43,mixed,558,0.1999,10,39.38,77.0,56.8,64.3,0.0,328,5,62.1,74.1,69.0,61.8,32.6
163,15.53,1,White Algae,5,floater,405,0.1999,11,39.08,77.0,57.0,64.3,0.0,328,5,62.1,74.1,69.0,61.8,34.1
164,58.58,1,Sea Cucumber,40,sinker,358,0.1999,12,39.38,77.0,57.3,64.3,0.0,328,5,63.3,74.1,69.0,61.8,34.1
165,49.07,1,Anchovy,27,dart,395,0.1999,13,39.58,77.0,57.6,64.3,0.0,328,5,63.3,75.0,69.0,61.8,34.1
166,64.10,1,Bream,36,smooth,378,0.1999,14,40.27,78.0,57.9,64.3,0.0,328,5,63.3,75.0,70.0,61.8,34.1
167,65.08,1,Sea Cucumber,42,sinker,350,0.1999,15,40.98,79.0,57.9,66.7,0.0,328,5,64.5,75.0,70.0,61.8,34.1
168,57.54,1,Sardine,31,dart,435,0.1999,16,41.58,80.0,58.2,66.7,0.0,328,5,64.5,75.9,70.0,61.8,34.1
169,48.63,1,Smallmouth Bass,29,mixed,375,0.1999,17,41.92,80.0,58.4,66.7,0.0,328,5,64.5,75.9,70.0,62.9,34.1
170,45.65,1,Herring,26,dart,370,0.1999,18,41.68,80.0,58.7,66.7,0.0,328,5,64.5,76.7,70.0,62.9,34.1
171,65.86,1,Sea Cucumber,38,sinker,468,0.1999,19,41.81,80.0,59.0,66.7,0.0,328,5,65.6,76.7,70.0,62.9,34.1
172,60.67,1,Sea Cucumber,41,sinker,345,0.1999,20,41.80,80.0,59.0,68.8,0.0,328,5,66.7,76.7,70.0,62.9,34.1
173,50.86,1,Perch,32,dart,378,0.1999,21,42.35,81.0,59.2,68.8,0.0,328,5,66.7,77.4,70.0,62.9,34.1
174,-6.48,0,Seaweed,4,floater,167,0.1999,0,41.81,80.0,58.9,68.8,0.0,328,5,66.7,77.4,70.0,62.9,33.3
175,45.32,1,Smallmouth Bass,30,mixed,523,0.1998,1,41.87,80.0,59.1,68.8,0.0,328,5,66.7,77.4,70.0,63.9,33.3
176,16.69,1,Green Algae,5,floater,585,0.1998,2,41.46,80.0,59.4,68.8,0.0,328,5,66.7,77.4,70.0,63.9,34.8
177,59.45,1,Sea Cucumber,36,sinker,360,0.1998,3,41.80,80.0,59.6,68.8,0.0,328,5,67.6,77.4,70.0,63.9,34.8
178,28.40,1,Carp,15,mixed,365,0.1998,4,41.61,80.0,59.9,68.8,0.0,328,5,67.6,77.4,70.0,64.9,34.8
179,-5.06,0,White Algae,5,floater,485,0.1998,0,40.84,79.0,59.5,68.8,0.0,328,5,67.6,77.4,70.0,64.9,34.0
180,58.54,1,Chub,37,dart,380,0.1998,1,40.86,79.0,59.8,68.8,0.0,328,5,67.6,78.1,70.0,64.9,34.0
181,56.19,1,Sea Cucumber,40,sinker,378,0.1998,2,41.48,80.0,60.0,68.8,0.0,328,5,68.6,78.1,70.0,64.9,34.0
182,29.89,1,Carp,15,mixed,355,0.1998,3,41.84,81.0,60.2,68.8,0.0,328,5,68.6,78.1,70.0,65.8,34.0
183,59.90,1,Bream,35,smooth,348,0.1998,4,42.48,82.0,60.5,68.8,0.0,328,5,68.6,78.1,71.0,65.8,34.0
184,53.62,1,Sardine,31,dart,340,0.1998,5,42.21,82.0,60.7,68.8,0.0,328,5,68.6,78.8,71.0,65.8,34.0
185,50.95,1,Sardine,30,dart,380,0.1998,6,42.78,83.0,60.9,68.8,0.0,328,5,68.6,79.4,71.0,65.8,34.0
186,13.71,1,White Algae,4,floater,705,0.1998,7,42.52,83.0,61.2,68.8,0.0,328,5,68.6,79.4,71.0,65.8,35.4
187,43.40,1,Sardine,30,dart,348,0.1998,8,42.36,83.0,61.4,68.8,0.0,328,5,68.6,80.0,71.0,65.8,35.4
188,14.13,1,Green Algae,4,floater,573,0.1998,9,41.64,83.0,61.6,68.8,0.0,328,5,68.6,80.0,71.0,65.8,36.7
189,65.47,1,Sea Cucumber,38,sinker,358,0.1998,10,42.35,84.0,61.8,68.8,0.0,328,5,69.4,80.0,71.0,65.8,36.7
190,11.92,1,Green Algae,4,floater,865,0.1998,11,42.53,85.0,62.1,68.8,0.0,328,5,69.4,80.0,71.0,65.8,38.0
191,56.31,1,Bream,31,smooth,363,0.1998,12,42.61,85.0,62.3,68.8,0.0,328,5,69.4,80.0,71.9,65.8,38.0
192,59.25,1,Bream,31,smooth,390,0.1998,13,42.66,85.0,62.5,68.8,0.0,328,5,69.4,80.0,72.7,65.8,38.0
193,14.70,1,Seaweed,4,floater,573,0.1998,14,42.22,85.0,62.7,68.8,0.0,328,5,69.4,80.0,72.7,65.8,39.2
194,39.88,1,Smallmouth Bass,27,mixed,353,0.1998,15,42.20,85.0,62.9,68.8,0.0,328,5,69.4,80.0,72.7,66.7,39.2
195,25.77,1,Carp,14,mixed,370,0.1998,16,41.93,85.0,63.1,68.8,0.0,328,5,69.4,80.0,72.7,67.5,39.2
196,16.70,1,Seaweed,5,floater,585,0.1998,17,42.12,86.0,63.3,68.8,0.0,328,5,69.4,80.0,72.7,67.5,40.4
197,54.38,1,Perch,35,dart,333,0.1998,18,42.08,86.0,63.5,68.8,0.0,328,5,69.4,80.6,72.7,67.5,40.4
198,61.16,1,Sea Cucumber,37,sinker,350,0.1998,19,42.76,87.0,63.7,68.8,0.0,328,5,70.3,80.6,72.7,67.5,40.4
199,38.32,1,Smallmouth Bass,29,mixed,340,0.1998,20,42.03,87.0,63.9,68.8,0.0,328,5,70.3,80.6,72.7,68.3,40.4
200,48.93,1,Red Snapper,37,mixed,340,0.1998,21,42.10,87.0,64.1,68.8,0.0,328,5,70.3,80.6,72.7,69.0,40.4
201,48.91,1,Anchovy,28,dart,350,0.1998,22,42.12,87.0,64.3,68.8,0.0,328,5,70.3,81.1,72.7,69.0,40.4
202,48.53,1,Sunfish,31,mixed,333,0.1998,23,42.68,88.0,64.5,68.8,0.0,328,5,70.3,81.1,72.7,69.8,40.4
203,63.72,1,Bream,37,smooth,335,0.1998,24,42.82,88.0,64.7,68.8,0.0,328,5,70.3,81.1,73.5,69.8,40.4
204,55.32,1,Red Snapper,36,mixed,343,0.1998,25,42.70,88.0,64.9,68.8,0.0,328,5,70.3,81.1,73.5,70.5,40.4
205,61.88,1,Sea Cucumber,36,sinker,358,0.1998,26,42.56,88.0,65.1,68.8,0.0,328,5,71.1,81.1,73.5,70.5,40.4
206,62.12,1,Bream,33,smooth,380,0.1998,27,43.21,89.0,65.3,68.8,0.0,328,5,71.1,81.1,74.3,70.5,40.4
207,56.19,1,Bream,32,smooth,355,0.1998,28,43.28,89.0,65.4,68.8,0.0,328,5,71.1,81.1,75.0,70.5,40.4
208,70.78,1,Sea Cucumber,43,sinker,345,0.1998,29,43.37,89.0,65.4,70.6,0.0,328,5,71.8,81.1,75.0,70.5,40.4
209,59.32,1,Sea Cucumber,36,sinker,373,0.1998,30,44.07,90.0,65.6,70.6,0.0,328,5,72.5,81.1,75.0,70.5,40.4
210,60.13,1,Bream,35,smooth,348,0.1998,31,44.04,90.0,65.8,70.6,0.0,328,5,72.5,81.1,75.7,70.5,40.4
211,56.89,1,Bream,31,smooth,353,0.1998,32,44.66,91.0,66.0,70.6,0.0,328,5,72.5,81.1,76.3,70.5,40.4
212,67.27,1,Sea Cucumber,41,sinker,360,0.1998,33,44.69,91.0,66.0,72.2,0.0,328,5,73.2,81.1,76.3,70.5,40.4
213,14.04,1,Green Algae,4,floater,418,0.1998,34,44.38,91.0,66.2,72.2,0.0,328,5,73.2,81.1,76.3,70.5,41.5
214,51.92,1,Anchovy,29,dart,350,0.1998,35,44.96,92.0,66.3,72.2,0.0,328,5,73.2,81.6,76.3,70.5,41.5
215,14.53,1,Seaweed,4,floater,550,0.1998,36,44.64,92.0,66.5,72.2,0.0,328,5,73.2,81.6,76.3,70.5,42.6
216,60.36,1,Perch,34,dart,350,0.1998,37,44.72,92.0,66.7,72.2,0.0,328,5,73.2,82.1,76.3,70.5,42.6
217,44.09,1,Smallmouth Bass,28,mixed,345,0.1998,38,44.67,92.0,66.8,72.2,0.0,328,5,73.2,82.1,76.3,71.1,42.6
218,58.68,1,Sea Cucumber,42,sinker,353,0.1998,39,44.68,92.0,66.8,73.7,0.0,328,5,73.8,82.1,76.3,71.1,42.6
219,59.78,1,Bream,32,smooth,355,0.1998,40,44.69,92.0,67.0,73.7,0.0,328,5,73.8,82.1,76.9,71.1,42.6
220,14.36,1,Seaweed,4,floater,573,0.1998,41,44.37,92.0,67.2,73.7,0.0,328,5,73.8,82.1,76.9,71.1,43.6
221,40.70,1,Herring,23,dart,368,0.1998,42,44.14,92.0,67.3,73.7,0.0,328,5,73.8,82.5,76.9,71.1,43.6
222,55.70,1,Bream,32,smooth,353,0.1998,43,44.21,92.0,67.5,73.7,0.0,328,5,73.8,82.5,77.5,71.1,43.6
223,60.30,1,Sea Cucumber,39,sinker,348,0.1998,44,44.07,92.0,67.6,73.7,0.0,328,5,74.4,82.5,77.5,71.1,43.6
224,58.46,1,Bream,36,smooth,348,0.1998,45,44.50,92.0,67.8,73.7,0.0,328,5,74.4,82.5,78.0,71.1,43.6
225,66.01,1,Sea Cucumber,43,sinker,393,0.1998,46,44.62,92.0,67.8,75.0,0.0,328,5,75.0,82.5,78.0,71.1,43.6
226,46.62,1,Sunfish,27,mixed,375,0.1997,47,45.12,93.0,68.0,75.0,0.0,328,5,75.0,82.5,78.0,71.7,43.6
227,64.34,1,Sea Cucumber,38,sinker,353,0.1997,48,45.15,93.0,68.1,75.0,0.0,328,5,75.6,82.5,78.0,71.7,43.6
228,67.11,1,Sea Cucumber,42,sinker,348,0.1997,49,45.13,93.0,68.1,76.2,0.0,328,5,76.1,82.5,78.0,71.7,43.6
229,68.22,1,Sea Cucumber,40,sinker,350,0.1997,50,45.25,93.0,68.3,76.2,0.0,328,5,76.6,82.5,78.0,71.7,43.6
230,48.34,1,Sunfish,31,mixed,493,0.1997,51,45.08,93.0,68.4,76.2,0.0,328,5,76.6,82.5,78.0,72.3,43.6
231,62.34,1,Bream,35,smooth,360,0.1997,52,45.76,94.0,68.6,76.2,0.0,328,5,76.6,82.5,78.6,72.3,43.6
232,60.36,1,Sea Cucumber,37,sinker,360,0.1997,53,45.89,94.0,68.7,76.2,0.0,328,5,77.1,82.5,78.6,72.3,43.6
233,62.38,1,Sea Cucumber,40,sinker,353,0.1997,54,46.36,94.0,68.9,76.2,0.0,328,5,77.6,82.5,78.6,72.3,43.6
234,54.01,1,Anchovy,32,dart,370,0.1997,55,46.21,94.0,69.0,76.2,0.0,328,5,77.6,82.9,78.6,72.3,43.6
235,44.13,1,Herring,25,dart,338,0.1997,56,46.70,95.0,69.2,76.2,0.0,328,5,77.6,83.3,78.6,72.3,43.6
236,15.64,1,Green Algae,5,floater,475,0.1997,57,46.26,95.0,69.3,76.2,0.0,328,5,77.6,83.3,78.6,72.3,44.6
237,59.95,1,Bream,34,smooth,340,0.1997,58,46.93,96.0,69.4,76.2,0.0,328,5,77.6,83.3,79.1,72.3,44.6
238,11.43,1,Seaweed,5,floater,955,0.1997,59,46.49,96.0,69.6,76.2,0.0,328,5,77.6,83.3,79.1,72.3,45.6
239,46.31,1,Anchovy,30,dart,360,0.1997,60,46.43,96.0,69.7,76.2,0.0,328,5,77.6,83.7,79.1,72.3,45.6
240,62.34,1,Bream,36,smooth,345,0.1997,61,46.34,96.0,69.9,76.2,0.0,328,5,77.6,83.7,79.5,72.3,45.6
241,16.64,1,White Algae,5,floater,585,0.1997,62,45.94,96.0,70.0,76.2,0.0,328,5,77.6,83.7,79.5,72.3,46.6
242,61.82,1,Red Snapper,40,mixed,415,0.1997,63,46.05,96.0,70.1,76.2,0.0,328,5,77.6,83.7,79.5,72.9,46.6
243,48.80,1,Sunfish,31,mixed,335,0.1997,64,45.86,96.0,70.3,76.2,0.0,328,5,77.6,83.7,79.5,73.5,46.6
244,54.28,1,Red Snapper,38,mixed,385,0.1997,65,45.92,96.0,70.4,76.2,0.0,328,5,77.6,83.7,79.5,74.0,46.6
245,43.68,1,Smallmouth Bass,28,mixed,345,0.1997,66,46.21,96.0,70.5,76.2,0.0,328,5,77.6,83.7,79.5,74.5,46.6
246,46.39,1,Smallmouth Bass,27,mixed,360,0.1997,67,46.71,97.0,70.7,76.2,0.0,328,5,77.6,83.7,79.5,75.0,46.6
247,53.94,1,Chub,32,dart,338,0.1997,68,46.70,97.0,70.8,76.2,0.0,328,5,77.6,84.1,79.5,75.0,46.6
248,56.77,1,Bream,31,smooth,350,0.1997,69,46.58,97.0,70.9,76.2,0.0,328,5,77.6,84.1,80.0,75.0,46.6
249,50.71,1,Perch,33,dart,338,0.1997,70,46.51,97.0,71.1,76.2,0.0,328,5,77.6,84.4,80.0,75.0,46.6
250,62.15,1,Bream,35,smooth,365,0.1997,71,46.49,97.0,71.2,76.2,0.0,328,5,77.6,84.4,80.4,75.0,46.6
251,74.75,1,Sea Cucumber,42,sinker,433,0.1997,72,47.23,97.0,71.2,77.3,0.0,328,5,78.0,84.4,80.4,75.0,46.6
252,13.14,1,Seaweed,5,floater,880,0.1997,73,47.40,98.0,71.3,77.3,0.0,328,5,78.0,84.4,80.4,75.0,47.5
253,60.81,1,Sea Cucumber,40,sinker,338,0.1997,74,47.87,98.0,71.4,77.3,0.0,328,5,78.4,84.4,80.4,75.0,47.5
254,63.65,1,Red Snapper,40,mixed,335,0.1997,75,47.88,98.0,71.6,77.3,0.0,328,5,78.4,84.4,80.4,75.5,47.5
255,63.66,1,Sea Cucumber,37,sinker,388,0.1997,76,48.05,98.0,71.7,77.3,0.0,328,5,78.8,84.4,80.4,75.5,47.5
256,53.81,1,Red Snapper,36,mixed,345,0.1997,77,47.97,98.0,71.8,77.3,0.0,328,5,78.8,84.4,80.4,75.9,47.5
257,12.83,1,Green Algae,4,floater,405,0.1997,78,47.64,98.0,71.9,77.3,0.0,328,5,78.8,84.4,80.4,75.9,48.3
258,14.65,1,White Algae,4,floater,563,0.1997,79,47.21,98.0,72.0,77.3,0.0,328,5,78.8,84.4,80.4,75.9,49.2
259,54.86,1,Perch,34,dart,385,0.1997,80,47.31,98.0,72.2,77.3,0.0,328,5,78.8,84.8,80.4,75.9,49.2
260,52.66,1,Perch,33,dart,345,0.1997,81,47.17,98.0,72.3,77.3,0.0,328,5,78.8,85.1,80.4,75.9,49.2
261,30.95,1,Carp,16,mixed,345,0.1997,82,47.23,98.0,72.4,77.3,0.0,328,5,78.8,85.1,80.4,76.4,49.2
262,52.49,1,Sunfish,32,mixed,340,0.1997,83,47.20,98.0,72.5,77.3,0.0,328,5,78.8,85.1,80.4,76.8,49.2
263,62.48,1,Perch,35,dart,345,0.1997,84,47.67,98.0,72.6,77.3,0.0,328,5,78.8,85.4,80.4,76.8,49.2
264,62.98,1,Bream,36,smooth,340,0.1997,85,47.71,98.0,72.7,77.3,0.0,328,5,78.8,85.4,80.9,76.8,49.2
265,53.29,1,Red Snapper,40,mixed,348,0.1997,86,47.76,98.0,72.8,77.3,0.0,328,5,78.8,85.4,80.9,77.2,49.2
266,51.37,1,Smallmouth Bass,29,mixed,353,0.1997,87,47.63,98.0,73.0,77.3,0.0,328,5,78.8,85.4,80.9,77.6,49.2
267,14.81,1,Green Algae,4,floater,585,0.1997,88,47.13,98.0,73.1,77.3,0.0,328,5,78.8,85.4,80.9,77.6,50.0
268,31.46,1,Carp,15,mixed,358,0.1996,89,46.86,98.0,73.2,77.3,0.0,328,5,78.8,85.4,80.9,78.0,50.0
269,61.43,1,Bream,34,smooth,338,0.1996,90,46.99,98.0,73.3,77.3,0.0,328,5,78.8,85.4,81.2,78.0,50.0
270,54.23,1,Anchovy,30,dart,373,0.1996,91,47.08,98.0,73.4,77.3,0.0,328,5,78.8,85.7,81.2,78.0,50.0
271,51.21,1,Sunfish,29,mixed,335,0.1996,92,46.93,98.0,73.5,77.3,0.0,328,5,78.8,85.7,81.2,78.3,50.0
272,61.31,1,Bream,34,smooth,343,0.1996,93,46.94,98.0,73.6,77.3,0.0,328,5,78.8,85.7,81.6,78.3,50.0
273,62.14,1,Bream,37,smooth,343,0.1996,94,47.05,98.0,73.7,77.3,0.0,328,5,78.8,85.7,82.0,78.3,50.0
274,48.93,1,Chub,36,dart,335,0.1996,95,47.61,99.0,73.8,77.3,0.0,328,5,78.8,86.0,82.0,78.3,50.0
275,14.58,1,Green Algae,4,floater,568,0.1996,96,47.30,99.0,73.9,77.3,0.0,328,5,78.8,86.0,82.0,78.3,50.8
276,70.83,1,Sea Cucumber,43,sinker,343,0.1996,97,47.84,99.0,73.9,78.3,0.0,328,5,79.2,86.0,82.0,78.3,50.8
277,57.77,1,Sea Cucumber,37,sinker,345,0.1996,98,47.82,99.0,74.0,78.3,0.0,328,5,79.6,86.0,82.0,78.3,50.8
278,16.38,1,White Algae,5,floater,580,0.1996,99,47.70,99.0,74.1,78.3,0.0,328,5,79.6,86.0,82.0,78.3,51.6
279,39.99,1,Smallmouth Bass,27,mixed,345,0.1996,100,48.15,100.0,74.2,78.3,0.0,328,5,79.6,86.0,82.0,78.7,51.6
280,14.57,1,White Algae,4,floater,558,0.1996,101,47.71,100.0,74.3,78.3,0.0,328,5,79.6,86.0,82.0,78.7,52.3
281,65.54,1,Bream,37,smooth,340,0.1996,102,47.81,100.0,74.4,78.3,0.0,328,5,79.6,86.0,82.4,78.7,52.3
282,59.94,1,Bream,34,smooth,345,0.1996,103,48.11,100.0,74.5,78.3,0.0,328,5,79.6,86.0,82.7,78.7,52.3
283,65.26,1,Bream,37,smooth,343,0.1996,104,48.16,100.0,74.6,78.3,0.0,328,5,79.6,86.0,83.0,78.7,52.3
284,16.65,1,Seaweed,5,floater,580,0.1996,105,47.79,100.0,74.7,78.3,0.0,328,5,79.6,86.0,83.0,78.7,53.0
285,56.68,1,Bream,34,smooth,340,0.1996,106,47.85,100.0,74.8,78.3,0.0,328,5,79.6,86.0,83.3,78.7,53.0
286,16.67,1,Seaweed,5,floater,585,0.1996,107,47.88,100.0,74.9,78.3,0.0,328,5,79.6,86.0,83.3,78.7,53.7
287,72.92,1,Sea Cucumber,42,sinker,435,0.1996,108,48.17,100.0,74.9,79.2,0.0,328,5,80.0,86.0,83.3,78.7,53.7
288,63.54,1,Sea Cucumber,41,sinker,335,0.1996,109,48.67,100.0,74.9,80.0,0.0,328,5,80.4,86.0,83.3,78.7,53.7
289,47.59,1,Anchovy,32,dart,333,0.1996,110,48.49,100.0,75.0,80.0,0.0,328,5,80.4,86.3,83.3,78.7,53.7
290,56.84,1,Chub,36,dart,343,0.1996,111,48.94,100.0,75.1,80.0,0.0,328,5,80.4,86.5,83.3,78.7,53.7
291,16.45,1,White Algae,5,floater,555,0.1996,112,48.54,100.0,75.2,80.0,0.0,328,5,80.4,86.5,83.3,78.7,54.4
292,14.18,1,White Algae,4,floater,400,0.1996,113,48.09,100.0,75.3,80.0,0.0,328,5,80.4,86.5,83.3,78.7,55.1
293,41.29,1,Herring,25,dart,335,0.1996,114,48.35,100.0,75.4,80.0,0.0,328,5,80.4,86.8,83.3,78.7,55.1
294,49.36,1,Sardine,29,dart,403,0.1996,115,48.45,100.0,75.5,80.0,0.0,328,5,80.4,87.0,83.3,78.7,55.1
295,63.92,1,Sea Cucumber,38,sinker,335,0.1996,116,48.83,100.0,75.6,80.0,0.0,328,5,80.7,87.0,83.3,78.7,55.1
296,73.28,1,Sea Cucumber,42,sinker,343,0.1996,117,49.40,100.0,75.6,80.8,0.0,328,5,81.0,87.0,83.3,78.7,55.1
297,51.53,1,Sea Cucumber,37,sinker,353,0.1996,118,49.37,100.0,75.6,80.8,0.0,328,5,81.4,87.0,83.3,78.7,55.1
298,14.55,1,Seaweed,4,floater,543,0.1996,119,48.90,100.0,75.7,80.8,0.0,328,5,81.4,87.0,83.3,78.7,55.7
299,58.05,1,Bream,37,smooth,330,0.1996,120,49.10,100.0,75.8,80.8,0.0,328,5,81.4,87.0,83.6,78.7,55.7
300,48.31,1,Smallmouth Bass,28,mixed,325,0.1996,121,49.09,100.0,75.9,80.8,0.0,325,5,81.4,87.0,83.6,79.0,55.7
301,48.51,1,Sardine,29,dart,365,0.1996,122,49.09,100.0,76.0,80.8,0.0,325,5,81.4,87.3,83.6,79.0,55.7
302,11.58,1,White Algae,4,floater,675,0.1996,123,48.72,100.0,76.1,80.8,0.0,325,5,81.4,87.3,83.6,79.0,56.3
303,12.83,1,White Algae,4,floater,468,0.1995,124,48.21,100.0,76.2,80.8,0.0,325,5,81.4,87.3,83.6,79.0,56.9
304,47.27,1,Sunfish,30,mixed,353,0.1995,125,48.13,100.0,76.3,80.8,0.0,325,5,81.4,87.3,83.6,79.4,56.9
305,53.80,1,Bream,33,smooth,330,0.1995,126,48.05,100.0,76.3,80.8,0.0,325,5,81.4,87.3,83.9,79.4,56.9
306,104.95,1,Tuna,67,smooth,338,0.1995,127,48.48,100.0,76.3,81.5,0.0,325,5,81.4,87.3,84.2,79.4,56.9
307,79.06,1,Goby,52,dart,320,0.1995,128,48.71,100.0,76.3,82.1,0.0,320,5,81.4,87.5,84.2,79.4,56.9
308,26.22,1,Carp,13,mixed,348,0.1995,129,48.26,100.0,76.4,82.1,0.0,320,5,81.4,87.5,84.2,79.7,56.9
309,53.52,1,Bream,36,smooth,345,0.1995,130,48.20,100.0,76.5,82.1,0.0,320,5,81.4,87.5,84.5,79.7,56.9
310,86.89,1,Blue Discus,61,dart,405,0.1995,131,48.47,100.0,76.5,82.8,0.0,320,5,81.4,87.7,84.5,79.7,56.9
311,15.89,1,Green Algae,5,floater,485,0.1995,132,48.06,100.0,76.6,82.8,0.0,320,5,81.4,87.7,84.5,79.7,57.5
312,41.85,1,Sardine,28,dart,330,0.1995,133,47.81,100.0,76.7,82.8,0.0,320,5,81.4,87.9,84.5,79.7,57.5
313,54.17,1,Perch,35,dart,370,0.1995,134,48.21,100.0,76.8,82.8,0.0,320,5,81.4,88.1,84.5,79.7,57.5
314,46.00,1,Sunfish,28,mixed,440,0.1995,135,48.15,100.0,76.8,82.8,0.0,320,5,81.4,88.1,84.5,80.0,57.5
315,48.23,1,Bream,35,smooth,330,0.1995,136,48.48,100.0,76.9,82.8,0.0,320,5,81.4,88.1,84.7,80.0,57.5
316,14.75,1,White Algae,4,floater,365,0.1995,137,48.03,100.0,77.0,82.8,0.0,320,5,81.4,88.1,84.7,80.0,58.1
317,42.05,1,Smallmouth Bass,28,mixed,353,0.1995,138,48.01,100.0,77.1,82.8,0.0,320,5,81.4,88.1,84.7,80.3,58.1
318,52.20,1,Bream,31,smooth,330,0.1995,139,47.94,100.0,77.2,82.8,0.0,320,5,81.4,88.1,85.0,80.3,58.1
319,99.75,1,Stonefish,64,sinker,528,0.1995,140,48.34,100.0,77.2,83.3,0.0,320,5,81.7,88.1,85.0,80.3,58.1
320,58.53,1,Chub,35,dart,328,0.1995,141,48.79,100.0,77.2,83.3,0.0,320,5,81.7,88.3,85.0,80.3,58.1
321,47.97,1,Sea Cucumber,38,sinker,348,0.1995,142,48.86,100.0,77.3,83.3,0.0,320,5,82.0,88.3,85.0,80.3,58.1
322,14.24,1,Green Algae,4,floater,363,0.1995,143,48.44,100.0,77.4,83.3,0.0,320,5,82.0,88.3,85.0,80.3,58.7
323,70.40,1,Red Snapper,37,mixed,585,0.1995,144,48.54,100.0,77.5,83.3,0.0,320,5,82.0,88.3,85.0,80.6,58.7
324,15.66,1,White Algae,5,floater,443,0.1995,145,48.12,100.0,77.6,83.3,0.0,320,5,82.0,88.3,85.0,80.6,59.2
325,28.12,1,Carp,14,mixed,325,0.1995,146,47.74,100.0,77.6,83.3,0.0,320,5,82.0,88.3,85.0,80.9,59.2
326,15.60,1,Seaweed,5,floater,370,0.1995,147,47.43,100.0,77.7,83.3,0.0,320,5,82.0,88.3,85.0,80.9,59.7
327,14.49,1,Seaweed,4,floater,538,0.1995,148,46.93,100.0,77.8,83.3,0.0,320,5,82.0,88.3,85.0,80.9,60.3
328,13.30,1,White Algae,4,floater,580,0.1995,149,46.39,100.0,77.9,83.3,0.0,320,5,82.0,88.3,85.0,80.9,60.8
329,53.71,1,Bream,33,smooth,328,0.1995,150,46.25,100.0,77.9,83.3,0.0,320,5,82.0,88.3,85.2,80.9,60.8
330,55.63,1,Bream,33,smooth,330,0.1995,151,46.32,100.0,78.0,83.3,0.0,320,5,82.0,88.3,85.5,80.9,60.8
331,52.41,1,Sardine,31,dart,323,0.1995,152,46.22,100.0,78.1,83.3,0.0,320,5,82.0,88.5,85.5,80.9,60.8
332,78.94,1,Salmon,50,mixed,483,0.1995,153,46.40,100.0,78.1,83.9,0.0,320,5,82.0,88.5,85.5,81.2,60.8
333,91.29,1,Stonefish,63,sinker,343,0.1995,154,46.69,100.0,78.1,84.4,0.0,320,5,82.3,88.5,85.5,81.2,60.8
334,16.41,1,Seaweed,5,floater,363,0.1995,155,46.32,100.0,78.1,84.4,0.0,320,5,82.3,88.5,85.5,81.2,61.3
335,58.46,1,Bream,34,smooth,325,0.1994,156,46.46,100.0,78.2,84.4,0.0,320,5,82.3,88.5,85.7,81.2,61.3
336,37.18,1,Herring,23,dart,333,0.1994,157,46.68,100.0,78.3,84.4,0.0,320,5,82.3,88.7,85.7,81.2,61.3
337,56.17,1,Bream,34,smooth,328,0.1994,158,46.64,100.0,78.4,84.4,0.0,320,5,82.3,88.7,85.9,81.2,61.3
338,45.91,1,Anchovy,27,dart,320,0.1994,159,46.98,100.0,78.4,84.4,0.0,320,5,82.3,88.9,85.9,81.2,61.3
339,80.21,1,Halibut,53,sinker,388,0.1994,160,47.32,100.0,78.4,84.8,0.0,320,5,82.5,88.9,85.9,81.2,61.3
340,54.37,1,Chub,32,dart,325,0.1994,161,47.24,100.0,78.5,84.8,0.0,320,5,82.5,89.1,85.9,81.2,61.3
341,92.09,1,Spook Fish,63,dart,360,0.1994,162,48.00,100.0,78.5,85.3,0.0,320,5,82.5,89.2,85.9,81.2,61.3
342,59.45,1,Sea Cucumber,36,sinker,325,0.1994,163,47.97,100.0,78.6,85.3,0.0,320,5,82.8,89.2,85.9,81.2,61.3
343,56.02,1,Bream,38,smooth,325,0.1994,164,48.05,100.0,78.6,85.3,0.0,320,5,82.8,89.2,86.2,81.2,61.3
344,60.84,1,Sea Cucumber,42,sinker,325,0.1994,165,48.11,100.0,78.6,85.7,0.0,320,5,83.1,89.2,86.2,81.2,61.3
345,54.48,1,Sea Cucumber,38,sinker,365,0.1994,166,48.22,100.0,78.7,85.7,0.0,320,5,83.3,89.2,86.2,81.2,61.3
346,69.56,1,Rainbow Trout,46,mixed,315,0.1994,167,48.45,100.0,78.7,86.1,0.0,315,5,83.3,89.2,86.2,81.4,61.3
347,56.77,1,Sea Cucumber,38,sinker,333,0.1994,168,48.48,100.0,78.8,86.1,0.0,315,5,83.6,89.2,86.2,81.4,61.3
348,55.72,1,Sea Cucumber,37,sinker,320,0.1994,169,48.47,100.0,78.8,86.1,0.0,315,5,83.8,89.2,86.2,81.4,61.3
349,57.95,1,Sea Cucumber,36,sinker,328,0.1994,170,48.54,100.0,78.9,86.1,0.0,315,5,84.1,89.2,86.2,81.4,61.3
350,60.12,1,Red Snapper,43,mixed,345,0.1994,171,48.52,100.0,78.9,86.5,0.0,315,5,84.1,89.2,86.2,81.7,61.3
351,61.83,1,Sea Cucumber,39,sinker,333,0.1994,172,48.39,100.0,79.0,86.5,0.0,315,5,84.3,89.2,86.2,81.7,61.3
352,47.72,1,Sunfish,31,mixed,403,0.1994,173,48.74,100.0,79.0,86.5,0.0,315,5,84.3,89.2,86.2,81.9,61.3
353,61.98,1,Bream,37,smooth,323,0.1994,174,48.75,100.0,79.1,86.5,0.0,315,5,84.3,89.2,86.4,81.9,61.3
354,56.04,1,Bream,32,smooth,323,0.1994,175,48.67,100.0,79.2,86.5,0.0,315,5,84.3,89.2,86.6,81.9,61.3
355,70.29,1,Halibut,45,sinker,330,0.1994,176,48.74,100.0,79.2,86.8,0.0,315,5,84.5,89.2,86.6,81.9,61.3
356,68.70,1,Largemouth Bass,52,mixed,343,0.1994,177,48.89,100.0,79.2,87.2,0.0,315,5,84.5,89.2,86.6,82.2,61.3
357,58.24,1,Shad,44,smooth,320,0.1994,178,49.34,100.0,79.2,87.5,0.0,315,5,84.5,89.2,86.8,82.2,61.3
358,81.16,1,Goby,50,dart,513,0.1994,179,50.01,100.0,79.2,87.8,0.0,315,5,84.5,89.4,86.8,82.2,61.3
359,64.17,1,Flounder,49,sinker,325,0.1994,180,50.10,100.0,79.2,88.1,0.0,315,5,84.7,89.4,86.8,82.2,61.3
360,110.63,1,Pike,63,dart,858,0.1994,181,50.68,100.0,79.2,88.4,0.0,315,5,84.7,89.6,86.8,82.2,61.3
361,62.52,1,Bream,36,smooth,330,0.1994,182,51.00,100.0,79.2,88.4,0.0,315,5,84.7,89.6,87.0,82.2,61.3
362,60.80,1,Bream,36,smooth,338,0.1994,183,51.08,100.0,79.3,88.4,0.0,315,5,84.7,89.6,87.1,82.2,61.3
363,58.82,1,Sea Cucumber,36,sinker,320,0.1994,184,51.04,100.0,79.4,88.4,0.0,315,5,84.9,89.6,87.1,82.2,61.3
364,61.28,1,Bream,37,smooth,325,0.1994,185,51.03,100.0,79.4,88.4,0.0,315,5,84.9,89.6,87.3,82.2,61.3
365,44.25,1,Sardine,27,dart,360,0.1993,186,50.94,100.0,79.5,88.4,0.0,315,5,84.9,89.7,87.3,82.2,61.3
366,43.62,1,Sardine,31,dart,380,0.1993,187,50.86,100.0,79.6,88.4,0.0,315,5,84.9,89.9,87.3,82.2,61.3
367,14.23,1,Seaweed,4,floater,440,0.1993,188,50.85,100.0,79.6,88.4,0.0,315,5,84.9,89.9,87.3,82.2,61.7
368,87.10,1,Eel,65,smooth,350,0.1993,189,51.41,100.0,79.6,88.6,0.0,315,5,84.9,89.9,87.5,82.2,61.7
369,30.05,1,Carp,15,mixed,365,0.1993,190,51.09,100.0,79.7,88.6,0.0,315,5,84.9,89.9,87.5,82.4,61.7
370,67.11,1,Sea Cucumber,41,sinker,335,0.1993,191,51.22,100.0,79.7,88.9,0.0,315,5,85.1,89.9,87.5,82.4,61.7
371,74.64,1,Flounder,49,sinker,363,0.1993,192,51.46,100.0,79.7,89.1,0.0,315,5,85.3,89.9,87.5,82.4,61.7
372,57.31,1,Bream,34,smooth,320,0.1993,193,51.42,100.0,79.8,89.1,0.0,315,5,85.3,89.9,87.7,82.4,61.7
373,66.18,1,Largemouth Bass,51,mixed,358,0.1993,194,51.46,100.0,79.8,89.4,0.0,315,5,85.3,89.9,87.7,82.7,61.7
374,47.48,1,Bream,31,smooth,328,0.1993,195,51.44,100.0,79.8,89.4,0.0,315,5,85.3,89.9,87.8,82.7,61.7
375,37.43,1,Herring,23,dart,318,0.1993,196,51.67,100.0,79.9,89.4,0.0,315,5,85.3,90.0,87.8,82.7,61.7
376,54.58,1,Chub,32,dart,455,0.1993,197,51.51,100.0,79.9,89.4,0.0,315,5,85.3,90.1,87.8,82.7,61.7
377,47.43,1,Anchovy,27,dart,370,0.1993,198,51.41,100.0,80.0,89.4,0.0,315,5,85.3,90.3,87.8,82.7,61.7
378,52.97,1,Bream,34,smooth,323,0.1993,199,51.77,100.0,80.1,89.4,0.0,315,5,85.3,90.3,88.0,82.7,61.7
379,63.28,1,Sea Cucumber,42,sinker,323,0.1993,200,52.00,100.0,80.1,89.6,0.0,315,5,85.5,90.3,88.0,82.7,61.7
380,50.43,1,Anchovy,30,dart,323,0.1993,201,52.36,100.0,80.1,89.6,0.0,315,5,85.5,90.4,88.0,82.7,61.7
381,68.51,1,Lionfish,45,smooth,323,0.1993,202,52.39,100.0,80.1,89.8,0.0,315,5,85.5,90.4,88.2,82.7,61.7
382,46.03,1,Smallmouth Bass,26,mixed,395,0.1993,203,52.25,100.0,80.2,89.8,0.0,315,5,85.5,90.4,88.2,82.9,61.7
383,62.49,1,Sea Cucumber,41,sinker,320,0.1993,204,52.23,100.0,80.2,90.0,0.0,315,5,85.7,90.4,88.2,82.9,61.7
384,52.99,1,Sardine,31,dart,370,0.1993,205,52.59,100.0,80.2,90.0,0.0,315,5,85.7,90.5,88.2,82.9,61.7
385,108.77,1,Slimejack,57,dart,673,0.1993,206,53.11,100.0,80.2,90.2,0.0,315,5,85.7,90.7,88.2,82.9,61.7
386,42.86,1,Herring,27,dart,320,0.1993,207,53.37,100.0,80.3,90.2,0.0,315,5,85.7,90.8,88.2,82.9,61.7
387,56.46,1,Sea Cucumber,36,sinker,333,0.1993,208,53.21,100.0,80.4,90.2,0.0,315,5,85.9,90.8,88.2,82.9,61.7
388,47.28,1,Bream,32,smooth,335,0.1993,209,53.05,100.0,80.4,90.2,0.0,315,5,85.9,90.8,88.3,82.9,61.7
389,51.66,1,Red Snapper,39,mixed,328,0.1993,210,53.09,100.0,80.5,90.2,0.0,315,5,85.9,90.8,88.3,83.1,61.7
390,16.54,1,Seaweed,5,floater,575,0.1993,211,52.68,100.0,80.5,90.2,0.0,315,5,85.9,90.8,88.3,83.1,62.2
391,11.42,1,White Algae,4,floater,725,0.1993,212,52.63,100.0,80.6,90.2,0.0,315,5,85.9,90.8,88.3,83.1,62.7
392,49.45,1,Bream,35,smooth,318,0.1992,213,52.99,100.0,80.6,90.2,0.0,315,5,85.9,90.8,88.5,83.1,62.7
393,45.89,1,Sea Cucumber,41,sinker,335,0.1992,214,53.03,100.0,80.6,90.4,0.0,315,5,86.1,90.8,88.5,83.1,62.7
394,53.51,1,Sea Cucumber,38,sinker,335,0.1992,215,53.07,100.0,80.7,90.4,0.0,315,5,86.2,90.8,88.5,83.1,62.7
395,67.47,1,Shad,46,smooth,328,0.1992,216,53.11,100.0,80.7,90.6,0.0,315,5,86.2,90.8,88.6,83.1,62.7
396,63.44,1,Sea Cucumber,37,sinker,490,0.1992,217,53.01,100.0,80.8,90.6,0.0,315,5,86.4,90.8,88.6,83.1,62.7
397,54.28,1,Sea Cucumber,40,sinker,350,0.1992,218,53.04,100.0,80.8,90.6,0.0,315,5,86.6,90.8,88.6,83.1,62.7
398,55.81,1,Bream,38,smooth,340,0.1992,219,53.45,100.0,80.9,90.6,0.0,315,5,86.6,90.8,88.8,83.1,62.7
399,49.33,1,Sea Cucumber,36,sinker,328,0.1992,220,53.36,100.0,80.9,90.6,0.0,315,5,86.7,90.8,88.8,83.1,62.7
400,61.89,1,Red Snapper,39,mixed,435,0.1992,221,53.50,100.0,81.0,90.6,0.0,315,5,86.7,90.8,88.8,83.3,62.7
401,50.13,1,Anchovy,27,dart,355,0.1992,222,53.51,100.0,81.0,90.6,0.0,315,5,86.7,90.9,88.8,83.3,62.7
402,13.96,1,White Algae,4,floater,728,0.1992,223,53.54,100.0,81.1,90.6,0.0,315,5,86.7,90.9,88.8,83.3,63.1
403,86.54,1,Tiger Trout,56,dart,318,0.1992,224,54.28,100.0,81.1,90.7,0.0,315,5,86.7,91.0,88.8,83.3,63.1
404,67.62,1,Shad,43,smooth,315,0.1992,225,54.48,100.0,81.1,90.9,0.0,315,5,86.7,91.0,88.9,83.3,63.1
405,12.70,1,White Algae,4,floater,470,0.1992,226,54.07,100.0,81.1,90.9,0.0,315,5,86.7,91.0,88.9,83.3,63.5
406,81.98,1,Midnight Carp,51,mixed,320,0.1992,227,53.84,100.0,81.1,91.1,0.0,315,5,86.7,91.0,88.9,83.5,63.5
407,60.77,1,Sea Cucumber,42,sinker,325,0.1992,228,53.66,100.0,81.1,91.2,0.0,315,5,86.9,91.0,88.9,83.5,63.5
408,-26.80,0,Pufferfish,76,floater,270,0.1992,0,53.13,99.0,81.1,91.2,0.0,315,5,86.9,91.0,88.9,83.5,62.8
409,59.77,1,Red Snapper,38,mixed,320,0.1992,1,53.19,99.0,81.2,91.2,0.0,315,5,86.9,91.0,88.9,83.8,62.8
410,55.06,1,Sea Cucumber,42,sinker,325,0.1992,2,52.87,99.0,81.2,91.4,0.0,315,5,87.1,91.0,88.9,83.8,62.8
411,89.96,1,Sandfish,67,mixed,348,0.1992,3,53.61,99.0,81.2,91.5,0.0,315,5,87.1,91.0,88.9,84.0,62.8
412,58.51,1,Sea Cucumber,38,sinker,325,0.1992,4,53.78,99.0,81.2,91.5,0.0,315,5,87.2,91.0,88.9,84.0,62.8
413,73.12,1,Largemouth Bass,54,mixed,328,0.1992,5,53.97,99.0,81.2,91.7,0.0,315,5,87.2,91.0,88.9,84.1,62.8
414,59.77,1,Lionfish,47,smooth,335,0.1992,6,54.10,99.0,81.2,91.8,0.0,315,5,87.2,91.0,89.0,84.1,62.8
415,49.82,1,Smallmouth Bass,30,mixed,375,0.1992,7,54.12,99.0,81.3,91.8,0.0,315,5,87.2,91.0,89.0,84.3,62.8
416,11.85,1,Seaweed,4,floater,653,0.1992,8,54.09,99.0,81.4,91.8,0.0,315,5,87.2,91.0,89.0,84.3,63.2
417,75.96,1,Midnight Carp,55,mixed,318,0.1991,9,54.43,99.0,81.4,91.9,0.0,315,5,87.2,91.0,89.0,84.5,63.2
418,67.25,1,Salmon,50,mixed,345,0.1991,10,54.58,99.0,81.4,92.1,0.0,315,5,87.2,91.0,89.0,84.7,63.2
419,125.41,1,Ice Pip,79,dart,620,0.1991,11,54.84,99.0,81.4,92.1,50.0,315,5,87.2,91.1,89.0,84.7,63.2
420,82.77,1,Albacore,58,mixed,315,0.1991,12,55.08,99.0,81.4,92.2,50.0,315,5,87.2,91.1,89.0,84.9,63.2
421,97.44,1,Blobfish,70,floater,553,0.1991,13,55.57,99.0,81.4,92.3,50.0,315,5,87.2,91.1,89.0,84.9,63.6
422,78.51,1,Goby,54,dart,343,0.1991,14,56.22,99.0,81.4,92.4,50.0,315,5,87.2,91.2,89.0,84.9,63.6
423,48.34,1,Chub,31,dart,315,0.1991,15,56.00,99.0,81.4,92.4,50.0,315,5,87.2,91.4,89.0,84.9,63.6
424,82.62,1,Spook Fish,58,dart,365,0.1991,16,56.67,99.0,81.4,92.5,50.0,315,5,87.2,91.5,89.0,84.9,63.6
425,47.77,1,Anchovy,27,dart,320,0.1991,17,56.86,99.0,81.5,92.5,50.0,315,5,87.2,91.6,89.0,84.9,63.6
426,59.35,1,Bream,37,smooth,335,0.1991,18,57.30,99.0,81.5,92.5,50.0,315,5,87.2,91.6,89.2,84.9,63.6
427,60.39,1,Sea Cucumber,37,sinker,335,0.1991,19,57.76,99.0,81.6,92.5,50.0,315,5,87.4,91.6,89.2,84.9,63.6
428,30.40,1,Carp,15,mixed,388,0.1991,20,57.93,99.0,81.6,92.5,50.0,315,5,87.4,91.6,89.2,85.1,63.6
429,15.99,1,White Algae,5,floater,463,0.1991,21,57.55,99.0,81.7,92.5,50.0,315,5,87.4,91.6,89.2,85.1,64.0
430,106.96,1,Ms. Angler,77,smooth,325,0.1991,22,58.07,99.0,81.7,92.5,66.7,315,5,87.4,91.6,89.3,85.1,64.0
431,44.24,1,Herring,25,dart,340,0.1991,23,57.98,99.0,81.7,92.5,66.7,315,5,87.4,91.7,89.3,85.1,64.0
432,46.27,1,Smallmouth Bass,28,mixed,420,0.1991,24,57.66,99.0,81.8,92.5,66.7,315,5,87.4,91.7,89.3,85.2,64.0
433,44.11,1,Anchovy,27,dart,343,0.1991,25,57.19,99.0,81.8,92.5,66.7,315,5,87.4,91.8,89.3,85.2,64.0
434,67.62,1,Goby,50,dart,325,0.1991,26,57.70,99.0,81.8,92.6,66.7,315,5,87.4,91.9,89.3,85.2,64.0
435,154.53,1,Ms. Angler,92,smooth,695,0.1991,27,58.66,99.0,81.8,92.6,75.0,315,5,87.4,91.9,89.4,85.2,64.0
436,108.01,1,Tuna,76,smooth,358,0.1991,28,59.37,99.0,81.8,92.6,80.0,315,5,87.4,91.9,89.5,85.2,64.0
437,60.80,1,Sea Cucumber,41,sinker,343,0.1991,29,59.41,99.0,81.8,92.8,80.0,315,5,87.5,91.9,89.5,85.2,64.0
438,80.71,1,Stonefish,61,sinker,355,0.1991,30,59.76,99.0,81.8,92.9,80.0,315,5,87.6,91.9,89.5,85.2,64.0
439,65.83,1,Halibut,47,sinker,330,0.1991,31,59.62,99.0,81.8,93.0,80.0,315,5,87.8,91.9,89.5,85.2,64.0
440,80.96,1,Slimejack,50,dart,418,0.1991,32,59.88,99.0,81.8,93.1,80.0,315,5,87.8,92.0,89.5,85.2,64.0
441,28.13,1,Carp,13,mixed,388,0.1990,33,59.24,99.0,81.9,93.1,80.0,315,5,87.8,92.0,89.5,85.4,64.0
442,14.34,1,White Algae,4,floater,383,0.1990,34,58.79,99.0,81.9,93.1,80.0,315,5,87.8,92.0,89.5,85.4,64.4
443,43.01,1,Herring,24,dart,380,0.1990,35,58.66,99.0,82.0,93.1,80.0,315,5,87.8,92.0,89.5,85.4,64.4
444,70.72,1,Halibut,49,sinker,343,0.1990,36,58.76,99.0,82.0,93.2,80.0,315,5,87.9,92.0,89.5,85.4,64.4
445,-32.78,0,Scorpion Carp,93,dart,307,0.1990,0,57.89,98.0,82.0,93.2,66.7,315,5,87.9,91.0,89.5,85.4,64.4
446,96.15,1,Tuna,64,smooth,368,0.1990,1,58.15,98.0,82.0,93.2,66.7,315,5,87.9,91.0,89.7,85.4,64.4
447,110.41,1,Radioactive Carp,84,dart,380,0.1990,2,58.69,98.0,82.0,93.2,71.4,315,5,87.9,91.1,89.7,85.4,64.4
448,125.92,1,Lava Eel,90,mixed,378,0.1990,3,59.39,98.0,82.0,93.2,75.0,315,5,87.9,91.1,89.7,85.6,64.4
449,56.49,1,Red Snapper,37,mixed,365,0.1990,4,59.38,98.0,82.0,93.2,75.0,315,5,87.9,91.1,89.7,85.7,64.4
450,60.55,1,Red Snapper,37,mixed,348,0.1990,5,59.38,98.0,82.1,93.2,75.0,315,5,87.9,91.1,89.7,85.9,64.4
451,71.74,1,Flounder,46,sinker,335,0.1990,6,59.48,98.0,82.1,93.3,75.0,315,5,88.0,91.1,89.7,85.9,64.4
452,15.44,1,Seaweed,5,floater,388,0.1990,7,59.16,98.0,82.1,93.3,75.0,315,5,88.0,91.1,89.7,85.9,64.8
453,84.89,1,Midnight Squid,59,sinker,385,0.1990,8,59.39,98.0,82.1,93.4,75.0,315,5,88.2,91.1,89.7,85.9,64.8
454,80.81,1,Halibut,49,sinker,328,0.1990,9,59.64,98.0,82.1,93.5,75.0,315,5,88.3,91.1,89.7,85.9,64.8
455,130.84,1,Lava Eel,93,mixed,303,0.1990,10,60.24,98.0,82.1,93.5,77.8,303,5,88.3,91.1,89.7,86.0,64.8
456,84.01,1,Midnight Squid,57,sinker,323,0.1990,11,60.39,98.0,82.1,93.6,77.8,303,5,88.4,91.1,89.7,86.0,64.8
457,46.61,1,Sunfish,32,mixed,323,0.1990,12,60.28,98.0,82.2,93.6,77.8,303,5,88.4,91.1,89.7,86.2,64.8
458,15.49,1,Green Algae,5,floater,390,0.1990,13,59.62,98.0,82.2,93.6,77.8,303,5,88.4,91.1,89.7,86.2,65.2
459,53.64,1,Bream,35,smooth,323,0.1990,14,59.52,98.0,82.3,93.6,77.8,303,5,88.4,91.1,89.8,86.2,65.2
460,79.60,1,Tiger Trout,60,dart,330,0.1990,15,59.21,98.0,82.3,93.7,77.8,303,5,88.4,91.2,89.8,86.2,65.2
461,10.77,1,Green Algae,4,floater,1003,0.1990,16,58.69,98.0,82.3,93.7,77.8,303,5,88.4,91.2,89.8,86.2,65.6
462,67.03,1,Walleye,42,smooth,340,0.1990,17,58.75,98.0,82.3,93.8,77.8,303,5,88.4,91.2,89.9,86.2,65.6
463,71.12,1,Sea Cucumber,43,sinker,328,0.1989,18,58.87,98.0,82.3,93.8,77.8,303,5,88.5,91.2,89.9,86.2,65.6
464,100.88,1,Spook Fish,61,dart,640,0.1989,19,59.27,98.0,82.3,93.9,77.8,303,5,88.5,91.3,89.9,86.2,65.6
465,134.78,1,Glacierfish,91,mixed,475,0.1989,20,60.18,98.0,82.3,93.9,80.0,303,5,88.5,91.3,89.9,86.3,65.6
466,53.20,1,Perch,36,dart,330,0.1989,21,60.27,98.0,82.4,93.9,80.0,303,5,88.5,91.4,89.9,86.3,65.6
467,51.59,1,Bream,33,smooth,330,0.1989,22,60.64,98.0,82.4,93.9,80.0,303,5,88.5,91.4,90.0,86.3,65.6
468,93.87,1,Blobfish,72,floater,400,0.1989,23,60.71,98.0,82.4,93.9,81.8,303,5,88.5,91.4,90.0,86.3,66.0
469,69.29,1,Walleye,44,smooth,330,0.1989,24,61.10,98.0,82.4,94.0,81.8,303,5,88.5,91.4,90.1,86.3,66.0
470,174.80,1,Glacierfish,101,mixed,675,0.1989,25,62.18,98.0,82.4,94.0,81.8,303,5,88.5,91.4,90.1,86.5,66.0
471,47.32,1,Smallmouth Bass,28,mixed,325,0.1989,26,61.91,98.0,82.4,94.0,81.8,303,5,88.5,91.4,90.1,86.6,66.0
472,46.80,1,Sardine,28,dart,328,0.1989,27,61.80,98.0,82.5,94.0,81.8,303,5,88.5,91.5,90.1,86.6,66.0
473,107.28,1,Eel,69,smooth,390,0.1989,28,62.21,98.0,82.5,94.0,81.8,303,5,88.5,91.5,90.2,86.6,66.0
474,14.53,1,Green Algae,4,floater,368,0.1989,29,61.88,98.0,82.5,94.0,81.8,303,5,88.5,91.5,90.2,86.6,66.3
475,53.49,1,Bream,34,smooth,328,0.1989,30,62.05,98.0,82.6,94.0,81.8,303,5,88.5,91.5,90.3,86.6,66.3
476,62.20,1,Sea Cucumber,37,sinker,328,0.1989,31,62.12,98.0,82.6,94.0,81.8,303,5,88.7,91.5,90.3,86.6,66.3
477,97.07,1,Squid,72,sinker,775,0.1989,32,62.62,98.0,82.6,94.0,83.3,303,5,88.8,91.5,90.3,86.6,66.3
478,95.34,1,Stonefish,65,sinker,363,0.1989,33,63.04,98.0,82.6,94.1,83.3,303,5,88.9,91.5,90.3,86.6,66.3
479,66.88,1,Spook Fish,55,dart,348,0.1989,34,63.08,98.0,82.6,94.2,83.3,303,5,88.9,91.6,90.3,86.6,66.3
480,87.63,1,Stonefish,61,sinker,335,0.1989,35,63.45,98.0,82.6,94.3,83.3,303,5,89.0,91.6,90.3,86.6,66.3
481,81.29,1,Blue Discus,59,dart,315,0.1989,36,63.58,98.0,82.6,94.3,83.3,303,5,89.0,91.7,90.3,86.6,66.3
482,73.59,1,Bullhead,43,smooth,328,0.1989,37,63.85,98.0,82.6,94.4,83.3,303,5,89.0,91.7,90.4,86.6,66.3
483,96.78,1,Eel,69,smooth,318,0.1989,38,64.20,98.0,82.6,94.4,83.3,303,5,89.0,91.7,90.5,86.6,66.3
484,106.39,1,Radioactive Carp,72,dart,358,0.1989,39,64.73,98.0,82.6,94.4,84.6,303,5,89.0,91.8,90.5,86.6,66.3
485,44.01,1,Herring,24,dart,323,0.1988,40,64.08,98.0,82.7,94.4,84.6,303,5,89.0,91.8,90.5,86.6,66.3
486,83.98,1,Midnight Squid,60,sinker,403,0.1988,41,64.49,98.0,82.7,94.5,84.6,303,5,89.1,91.8,90.5,86.6,66.3
487,10.08,1,Seaweed,4,floater,883,0.1988,42,64.03,98.0,82.7,94.5,84.6,303,5,89.1,91.8,90.5,86.6,66.7
488,88.82,1,Red Mullet,56,smooth,328,0.1988,43,64.45,98.0,82.7,94.6,84.6,303,5,89.1,91.8,90.6,86.6,66.7
489,12.87,1,Seaweed,5,floater,1593,0.1988,44,64.06,98.0,82.8,94.6,84.6,303,5,89.1,91.8,90.6,86.6,67.0
490,52.72,1,Bream,33,smooth,318,0.1988,45,64.42,98.0,82.8,94.6,84.6,303,5,89.1,91.8,90.7,86.6,67.0
491,55.17,1,Bream,34,smooth,328,0.1988,46,64.86,98.0,82.9,94.6,84.6,303,5,89.1,91.8,90.8,86.6,67.0
492,101.29,1,Stonefish,67,sinker,393,0.1988,47,65.37,98.0,82.9,94.6,84.6,303,5,89.2,91.8,90.8,86.6,67.0
493,128.42,1,Super Cucumber,84,sinker,568,0.1988,48,66.20,98.0,82.9,94.6,85.7,303,5,89.3,91.8,90.8,86.6,67.0
494,57.05,1,Sea Cucumber,37,sinker,330,0.1988,49,66.24,98.0,82.9,94.6,85.7,303,5,89.4,91.8,90.8,86.6,67.0
495,53.05,1,Sardine,31,dart,325,0.1988,50,66.09,98.0,82.9,94.6,85.7,303,5,89.4,91.9,90.8,86.6,67.0
496,15.04,1,Green Algae,5,floater,723,0.1988,51,65.61,98.0,83.0,94.6,85.7,303,5,89.4,91.9,90.8,86.6,67.3
497,43.95,1,Herring,22,dart,438,0.1988,52,65.50,98.0,83.0,94.6,85.7,303,5,89.4,92.0,90.8,86.6,67.3
498,109.78,1,Ms. Angler,87,smooth,505,0.1988,53,66.04,98.0,83.0,94.6,86.7,303,5,89.4,92.0,90.9,86.6,67.3
499,14.21,1,Seaweed,4,floater,375,0.1988,54,65.69,98.0,83.1,94.6,86.7,303,5,89.4,92.0,90.9,86.6,67.7
500,82.32,1,Stonefish,59,sinker,373,0.1988,55,65.90,98.0,83.1,94.7,86.7,303,5,89.5,92.0,90.9,86.6,67.7
501,61.17,1,Sea Cucumber,42,sinker,330,0.1988,56,66.01,98.0,83.1,94.7,86.7,303,5,89.6,92.0,90.9,86.6,67.7
502,58.98,1,Perch,36,dart,405,0.1988,57,66.46,98.0,83.1,94.7,86.7,303,5,89.6,92.1,90.9,86.6,67.7
503,85.22,1,Lionfish,54,smooth,328,0.1988,58,66.44,98.0,83.1,94.8,86.7,303,5,89.6,92.1,91.0,86.6,67.7
504,-2.45,0,Green Algae,5,floater,844,0.1988,0,65.74,97.0,82.9,94.8,86.7,303,5,89.6,92.1,91.0,86.6,67.0
505,13.91,1,Seaweed,4,floater,768,0.1988,1,65.76,97.0,83.0,94.8,86.7,303,5,89.6,92.1,91.0,86.6,67.3
506,84.45,1,Goby,60,dart,400,0.1987,2,65.78,97.0,83.0,94.8,86.7,303,5,89.6,92.2,91.0,86.6,67.3
507,104.25,1,Stingray,84,sinker,465,0.1987,3,66.22,97.0,83.0,94.8,87.5,303,5,89.7,92.2,91.0,86.6,67.3
508,48.44,1,Bream,31,smooth,328,0.1987,4,66.97,98.0,83.0,94.8,87.5,303,5,89.7,92.2,91.1,86.6,67.3
509,70.61,1,Rainbow Trout,42,mixed,408,0.1987,5,67.08,98.0,83.0,94.9,87.5,303,5,89.7,92.2,91.1,86.7,67.3
510,90.19,1,Stonefish,61,sinker,400,0.1987,6,67.43,98.0,83.0,94.9,87.5,303,5,89.8,92.2,91.1,86.7,67.3
511,63.76,1,Sea Cucumber,40,sinker,343,0.1987,7,67.17,98.0,83.0,94.9,87.5,303,5,89.9,92.2,91.1,86.7,67.3
512,125.96,1,Pufferfish,84,floater,408,0.1987,8,67.84,98.0,83.0,94.9,88.2,303,5,89.9,92.2,91.1,86.7,67.6
513,42.57,1,Anchovy,29,dart,320,0.1987,9,67.53,98.0,83.1,94.9,88.2,303,5,89.9,92.2,91.1,86.7,67.6
514,116.87,1,Ms. Angler,81,smooth,453,0.1987,10,68.11,98.0,83.1,94.9,88.9,303,5,89.9,92.2,91.2,86.7,67.6
515,107.07,1,Angler,81,smooth,315,0.1987,11,68.68,98.0,83.1,94.9,89.5,303,5,89.9,92.2,91.3,86.7,67.6
516,58.20,1,Sea Cucumber,39,sinker,328,0.1987,12,69.14,98.0,83.1,94.9,89.5,303,5,90.0,92.2,91.3,86.7,67.6
517,51.64,1,Bream,34,smooth,335,0.1987,13,68.90,98.0,83.2,94.9,89.5,303,5,90.0,92.2,91.3,86.7,67.6
518,57.44,1,Chub,37,dart,340,0.1987,14,68.80,98.0,83.2,94.9,89.5,303,5,90.0,92.3,91.3,86.7,67.6
519,-6.59,0,White Algae,5,floater,255,0.1987,0,67.48,97.0,83.0,94.9,89.5,303,5,90.0,92.3,91.3,86.7,67.0
520,101.71,1,Squid,72,sinker,478,0.1987,1,67.67,97.0,83.0,94.9,90.0,303,5,90.1,92.3,91.3,86.7,67.0
521,41.66,1,Sunfish,28,mixed,325,0.1987,2,67.11,97.0,83.0,94.9,90.0,303,5,90.1,92.3,91.3,86.9,67.0
522,91.66,1,Eel,68,smooth,320,0.1987,3,67.24,97.0,83.0,95.0,90.0,303,5,90.1,92.3,91.4,86.9,67.0
523,-3.27,0,White Algae,5,floater,770,0.1987,0,66.73,96.0,82.8,95.0,90.0,303,5,90.1,92.3,91.4,86.9,66.3
524,65.94,1,Tilapia,49,mixed,443,0.1987,1,66.56,96.0,82.8,95.0,90.0,303,5,90.1,92.3,91.4,87.0,66.3
525,78.63,1,Blue Discus,56,dart,300,0.1986,2,66.87,96.0,82.8,95.1,90.0,300,5,90.1,92.4,91.4,87.0,66.3
526,108.71,1,Dorado,78,mixed,323,0.1986,3,67.36,96.0,82.8,95.1,90.5,300,5,90.1,92.4,91.4,87.1,66.3
527,78.81,1,Spook Fish,61,dart,320,0.1986,4,67.55,96.0,82.8,95.1,90.5,300,5,90.1,92.5,91.4,87.1,66.3
528,-4.60,0,White Algae,5,floater,460,0.1986,0,67.20,95.0,82.6,95.1,90.5,300,5,90.1,92.5,91.4,87.1,65.7
529,-1.55,0,Seaweed,5,floater,955,0.1986,0,67.02,94.0,82.4,95.1,90.5,300,5,90.1,92.5,91.4,87.1,65.1
530,87.44,1,Blobfish,67,floater,320,0.1986,1,66.83,94.0,82.4,95.2,90.5,300,5,90.1,92.5,91.4,87.1,65.4
531,57.53,1,Bream,35,smooth,353,0.1986,2,66.96,94.0,82.5,95.2,90.5,300,5,90.1,92.5,91.5,87.1,65.4
532,59.85,1,Perch,37,dart,325,0.1986,3,67.09,94.0,82.5,95.2,90.5,300,5,90.1,92.5,91.5,87.1,65.4
533,39.92,1,Smallmouth Bass,27,mixed,353,0.1986,4,67.05,94.0,82.6,95.2,90.5,300,5,90.1,92.5,91.5,87.3,65.4
534,68.74,1,Bullhead,46,smooth,325,0.1986,5,67.06,94.0,82.6,95.2,90.5,300,5,90.1,92.5,91.6,87.3,65.4
535,111.24,1,Angler,89,smooth,378,0.1986,6,66.63,94.0,82.6,95.2,90.9,300,5,90.1,92.5,91.7,87.3,65.4
536,12.92,1,White Algae,4,floater,663,0.1986,7,65.68,94.0,82.6,95.2,90.9,300,5,90.1,92.5,91.7,87.3,65.7
537,0.75,0,White Algae,5,floater,1622,0.1986,0,65.08,94.0,82.4,95.2,90.9,300,5,90.1,92.5,91.7,87.3,65.1
538,110.15,1,Scorpion Carp,85,dart,298,0.1986,1,65.37,94.0,82.4,95.2,91.3,298,5,90.1,92.6,91.7,87.3,65.1
539,49.30,1,Bream,33,smooth,325,0.1986,2,65.21,94.0,82.4,95.2,91.3,298,5,90.1,92.6,91.7,87.3,65.1
540,70.75,1,Rainbow Trout,45,mixed,350,0.1986,3,65.11,94.0,82.4,95.3,91.3,298,5,90.1,92.6,91.7,87.4,65.1
541,74.03,1,Ghostfish,51,mixed,315,0.1986,4,65.57,94.0,82.4,95.3,91.3,298,5,90.1,92.6,91.7,87.5,65.1
542,81.93,1,Ghostfish,53,mixed,415,0.1986,5,66.24,94.0,82.4,95.4,91.3,298,5,90.1,92.6,91.7,87.6,65.1
543,50.64,1,Bream,31,smooth,323,0.1986,6,66.32,94.0,82.5,95.4,91.3,298,5,90.1,92.6,91.8,87.6,65.1
544,43.54,1,Smallmouth Bass,27,mixed,463,0.1986,7,66.05,94.0,82.5,95.4,91.3,298,5,90.1,92.6,91.8,87.7,65.1
545,104.96,1,Squid,80,sinker,293,0.1985,8,67.42,95.0,82.5,95.4,91.7,293,5,90.2,92.6,91.8,87.7,65.1
546,78.69,1,Midnight Carp,60,mixed,325,0.1985,9,67.25,95.0,82.5,95.4,91.7,293,5,90.2,92.6,91.8,87.9,65.1
547,13.29,1,Green Algae,4,floater,1093,0.1985,10,66.28,95.0,82.6,95.4,91.7,293,5,90.2,92.6,91.8,87.9,65.5
548,51.14,1,Sea Cucumber,36,sinker,335,0.1985,11,65.53,95.0,82.6,95.4,91.7,293,5,90.3,92.6,91.8,87.9,65.5
549,120.30,1,Stonefish,66,sinker,985,0.1985,12,66.17,95.0,82.6,95.5,91.7,293,5,90.4,92.6,91.8,87.9,65.5
550,174.30,1,Blobfish,81,floater,1390,0.1985,13,67.31,95.0,82.6,95.5,92.0,293,5,90.4,92.6,91.8,87.9,65.8
551,163.28,1,Octopus,103,sinker,625,0.1985,14,68.22,95.0,82.6,95.5,92.0,293,5,90.4,92.6,91.8,87.9,65.8
552,57.92,1,Perch,35,dart,360,0.1985,15,68.65,95.0,82.7,95.5,92.0,293,5,90.4,92.7,91.8,87.9,65.8
553,54.03,1,Bream,33,smooth,328,0.1985,16,68.34,95.0,82.7,95.5,92.0,293,5,90.4,92.7,91.9,87.9,65.8
554,139.03,1,Ms. Angler,90,smooth,540,0.1985,17,68.92,95.0,82.7,95.5,92.3,293,5,90.4,92.7,92.0,87.9,65.8
555,69.34,1,Stonefish,59,sinker,328,0.1985,18,68.30,95.0,82.7,95.5,92.3,293,5,90.5,92.7,92.0,87.9,65.8
556,82.34,1,Albacore,56,mixed,495,0.1985,19,68.29,95.0,82.7,95.5,92.3,293,5,90.5,92.7,92.0,88.0,65.8
557,58.14,1,Sea Cucumber,36,sinker,330,0.1985,20,68.40,95.0,82.7,95.5,92.3,293,5,90.6,92.7,92.0,88.0,65.8
558,107.20,1,Pufferfish,73,floater,530,0.1985,21,69.32,95.0,82.7,95.5,92.6,293,5,90.6,92.7,92.0,88.0,66.1
559,91.81,1,Stonefish,64,sinker,413,0.1985,22,69.70,95.0,82.7,95.6,92.6,293,5,90.7,92.7,92.0,88.0,66.1
560,76.45,1,Slimejack,53,dart,323,0.1985,23,69.67,95.0,82.7,95.6,92.6,293,5,90.7,92.7,92.0,88.0,66.1
561,36.39,1,Smallmouth Bass,25,mixed,433,0.1985,24,69.93,95.0,82.8,95.6,92.6,293,5,90.7,92.7,92.0,88.1,66.1
562,51.24,1,Bream,34,smooth,320,0.1985,25,69.77,95.0,82.8,95.6,92.6,293,5,90.7,92.7,92.0,88.1,66.1
563,54.44,1,Chub,37,dart,353,0.1984,26,69.60,95.0,82.9,95.6,92.6,293,5,90.7,92.8,92.0,88.1,66.1
564,85.49,1,Tiger Trout,59,dart,385,0.1984,27,69.45,95.0,82.9,95.7,92.6,293,5,90.7,92.9,92.0,88.1,66.1
565,54.93,1,Red Snapper,37,mixed,403,0.1984,28,68.65,95.0,82.9,95.7,92.6,293,5,90.7,92.9,92.0,88.2,66.1
566,90.24,1,Slimejack,58,dart,465,0.1984,29,69.02,95.0,82.9,95.7,92.6,293,5,90.7,92.9,92.0,88.2,66.1
567,-9.96,0,Carp,16,mixed,204,0.1984,0,68.40,94.0,82.7,95.7,92.6,293,5,90.7,92.9,92.0,87.4,66.1
568,49.82,1,Sardine,32,dart,408,0.1984,1,67.96,94.0,82.7,95.7,92.6,293,5,90.7,93.0,92.0,87.4,66.1
569,87.07,1,Blue Discus,62,dart,400,0.1984,2,68.14,94.0,82.7,95.7,92.6,293,5,90.7,93.0,92.0,87.4,66.1
570,7.15,0,Green Algae,4,floater,2000,0.1984,0,66.46,94.0,82.5,95.7,92.6,293,5,90.7,93.0,92.0,87.4,65.5
571,61.77,1,Bream,38,smooth,315,0.1984,1,66.61,94.0,82.6,95.7,92.6,293,5,90.7,93.0,92.1,87.4,65.5
572,44.08,1,Sardine,30,dart,335,0.1984,2,66.58,94.0,82.6,95.7,92.6,293,5,90.7,93.1,92.1,87.4,65.5
573,74.45,1,Halibut,48,sinker,395,0.1984,3,66.25,94.0,82.6,95.8,92.6,293,5,90.8,93.1,92.1,87.4,65.5
574,66.67,1,Halibut,45,sinker,325,0.1984,4,66.78,94.0,82.6,95.8,92.6,293,5,90.8,93.1,92.1,87.4,65.5
575,41.06,1,Herring,25,dart,425,0.1984,5,66.65,94.0,82.7,95.8,92.6,293,5,90.8,93.2,92.1,87.4,65.5
576,51.94,1,Bream,35,smooth,318,0.1984,6,66.55,94.0,82.7,95.8,92.6,293,5,90.8,93.2,92.2,87.4,65.5
577,-2.03,0,White Algae,5,floater,980,0.1984,0,65.56,93.0,82.5,95.8,92.6,293,5,90.8,93.2,92.2,87.4,64.9
578,63.38,1,Midnight Squid,49,sinker,313,0.1984,1,65.24,93.0,82.5,95.8,92.6,293,5,90.9,93.2,92.2,87.4,64.9
579,100.56,1,Dorado,71,mixed,453,0.1984,2,65.57,93.0,82.5,95.8,92.9,293,5,90.9,93.2,92.2,87.5,64.9
580,125.25,1,Glacierfish Jr.,96,mixed,400,0.1984,3,65.95,93.0,82.5,95.8,93.1,293,5,90.9,93.2,92.2,87.6,64.9
581,64.13,1,Red Snapper,37,mixed,323,0.1983,4,65.78,93.0,82.6,95.8,93.1,293,5,90.9,93.2,92.2,87.7,64.9
582,69.50,1,Tilapia,51,mixed,335,0.1983,5,65.74,93.0,82.6,95.9,93.1,293,5,90.9,93.2,92.2,87.8,64.9
583,88.24,1,Red Mullet,59,smooth,323,0.1983,6,65.65,93.0,82.6,95.9,93.1,293,5,90.9,93.2,92.2,87.8,64.9
584,79.67,1,Halibut,50,sinker,378,0.1983,7,65.39,93.0,82.6,95.9,93.1,293,5,91.0,93.2,92.2,87.8,64.9
585,75.90,1,Midnight Carp,60,mixed,395,0.1983,8,65.70,93.0,82.6,96.0,93.1,293,5,91.0,93.2,92.2,87.9,64.9
586,77.86,1,Midnight Carp,58,mixed,508,0.1983,9,65.64,93.0,82.6,96.0,93.1,293,5,91.0,93.2,92.2,88.0,64.9
587,84.82,1,Lionfish,50,smooth,323,0.1983,10,66.39,93.0,82.6,96.0,93.1,293,5,91.0,93.2,92.3,88.0,64.9
588,72.92,1,Flounder,51,sinker,388,0.1983,11,66.23,93.0,82.6,96.1,93.1,293,5,91.1,93.2,92.3,88.0,64.9
589,79.88,1,Largemouth Bass,53,mixed,345,0.1983,12,66.90,93.0,82.6,96.1,93.1,293,5,91.1,93.2,92.3,88.1,64.9
590,97.24,1,Squid,69,sinker,450,0.1983,13,67.35,93.0,82.6,96.1,93.1,293,5,91.1,93.2,92.3,88.1,64.9
591,104.98,1,Squid,82,sinker,548,0.1983,14,67.84,93.0,82.6,96.1,93.3,293,5,91.2,93.2,92.3,88.1,64.9
592,41.60,1,Sardine,28,dart,353,0.1983,15,67.25,93.0,82.6,96.1,93.3,293,5,91.2,93.2,92.3,88.1,64.9
593,60.62,1,Rainbow Trout,44,mixed,325,0.1983,16,66.57,93.0,82.6,96.2,93.3,293,5,91.2,93.2,92.3,88.2,64.9
594,211.72,1,Son of Crimsonfish,97,mixed,1255,0.1983,17,68.12,93.0,82.6,96.2,93.5,293,5,91.2,93.2,92.3,88.3,64.9
595,120.40,1,Void Salmon,73,mixed,938,0.1983,18,68.79,93.0,82.6,96.2,93.8,293,5,91.2,93.2,92.3,88.4,64.9
596,57.74,1,Red Snapper,37,mixed,353,0.1983,19,69.22,93.0,82.6,96.2,93.8,293,5,91.2,93.2,92.3,88.5,64.9
597,82.27,1,Albacore,57,mixed,380,0.1983,20,69.60,93.0,82.6,96.2,93.8,293,5,91.2,93.2,92.3,88.6,64.9
598,47.52,1,Smallmouth Bass,28,mixed,325,0.1982,21,68.98,93.0,82.7,96.2,93.8,293,5,91.2,93.2,92.3,88.7,64.9
599,74.94,1,Midnight Squid,49,sinker,483,0.1982,22,69.59,93.0,82.7,96.2,93.8,293,5,91.3,93.2,92.3,88.7,64.9
600,149.23,1,Glacierfish,100,mixed,498,0.1982,23,70.25,93.0,82.7,96.2,93.9,293,5,91.3,93.2,92.3,88.8,64.9
601,56.61,1,Sea Cucumber,43,sinker,318,0.1982,24,70.21,93.0,82.7,96.2,93.9,293,5,91.3,93.2,92.3,88.8,64.9
602,46.02,1,Sardine,28,dart,330,0.1982,25,70.08,93.0,82.7,96.2,93.9,293,5,91.3,93.3,92.3,88.8,64.9
603,23.96,1,Carp,13,mixed,340,0.1982,26,69.47,93.0,82.8,96.2,93.9,293,5,91.3,93.3,92.3,88.9,64.9
604,59.94,1,Bream,34,smooth,328,0.1982,27,70.09,94.0,82.8,96.2,93.9,293,5,91.3,93.3,92.4,88.9,64.9
605,89.59,1,Spook Fish,59,dart,388,0.1982,28,70.85,94.0,82.8,96.3,93.9,293,5,91.3,93.3,92.4,88.9,64.9
606,73.62,1,Flounder,49,sinker,335,0.1982,29,70.74,94.0,82.8,96.3,93.9,293,5,91.4,93.3,92.4,88.9,64.9
607,48.48,1,Anchovy,29,dart,323,0.1982,30,70.18,94.0,82.8,96.3,93.9,293,5,91.4,93.4,92.4,88.9,64.9
608,95.66,1,Stonefish,66,sinker,333,0.1982,31,70.65,94.0,82.8,96.3,93.9,293,5,91.5,93.4,92.4,88.9,64.9
609,84.01,1,Tiger Trout,62,dart,368,0.1982,32,70.79,94.0,82.8,96.4,93.9,293,5,91.5,93.4,92.4,88.9,64.9
610,58.22,1,Sea Cucumber,37,sinker,465,0.1982,33,70.47,94.0,82.9,96.4,93.9,293,5,91.5,93.4,92.4,88.9,64.9
611,25.71,1,Carp,14,mixed,785,0.1982,34,70.09,94.0,82.9,96.4,93.9,293,5,91.5,93.4,92.4,89.0,64.9
612,79.04,1,Goby,55,dart,365,0.1982,35,69.62,94.0,82.9,96.4,93.9,293,5,91.5,93.5,92.4,89.0,64.9
613,128.24,1,Angler,89,smooth,355,0.1982,36,70.47,94.0,82.9,96.4,94.1,293,5,91.5,93.5,92.4,89.0,64.9
614,151.17,1,Octopus,97,sinker,508,0.1982,37,70.82,94.0,82.9,96.4,94.3,293,5,91.6,93.5,92.4,89.0,64.9
615,70.63,1,Rainbow Trout,44,mixed,330,0.1981,38,70.45,94.0,82.9,96.4,94.3,293,5,91.6,93.5,92.4,89.1,64.9
616,52.22,1,Chub,35,dart,573,0.1981,39,70.39,94.0,83.0,96.4,94.3,293,5,91.6,93.5,92.4,89.1,64.9
617,58.55,1,Sea Cucumber,41,sinker,375,0.1981,40,70.46,94.0,83.0,96.4,94.3,293,5,91.7,93.5,92.4,89.1,64.9
618,81.19,1,Halibut,54,sinker,330,0.1981,41,70.70,94.0,83.0,96.5,94.3,293,5,91.7,93.5,92.4,89.1,64.9
619,81.83,1,Slimejack,53,dart,425,0.1981,42,71.58,95.0,83.0,96.5,94.3,293,5,91.7,93.6,92.4,89.1,64.9
620,-0.18,0,Green Algae,4,floater,1440,0.1981,0,70.57,94.0,82.8,96.5,94.3,293,5,91.7,93.6,92.4,89.1,64.3
621,98.49,1,Stonefish,69,sinker,385,0.1981,1,71.13,94.0,82.8,96.5,94.3,293,5,91.8,93.6,92.4,89.1,64.3
622,84.51,1,Spook Fish,61,dart,400,0.1981,2,71.06,94.0,82.8,96.5,94.3,293,5,91.8,93.7,92.4,89.1,64.3
623,61.13,1,Flounder,45,sinker,325,0.1981,3,71.71,95.0,82.8,96.6,94.3,293,5,91.9,93.7,92.4,89.1,64.3
624,81.76,1,Slimejack,54,dart,320,0.1981,4,71.86,95.0,82.8,96.6,94.3,293,5,91.9,93.7,92.4,89.1,64.3
625,49.48,1,Sardine,29,dart,328,0.1981,5,71.57,95.0,82.8,96.6,94.3,293,5,91.9,93.8,92.4,89.1,64.3
626,53.34,1,Sea Cucumber,41,sinker,323,0.1981,6,71.02,95.0,82.8,96.6,94.3,293,5,91.9,93.8,92.4,89.1,64.3
627,59.32,1,Bream,34,smooth,328,0.1981,7,70.82,95.0,82.8,96.6,94.3,293,5,91.9,93.8,92.5,89.1,64.3
628,64.73,1,Bream,38,smooth,333,0.1981,8,71.52,96.0,82.9,96.6,94.3,293,5,91.9,93.8,92.6,89.1,64.3
629,118.61,1,Blobfish,67,floater,783,0.1981,9,72.72,97.0,82.9,96.6,94.3,293,5,91.9,93.8,92.6,89.1,64.7
630,-2.54,0,Seaweed,4,floater,970,0.1981,0,71.82,96.0,82.7,96.6,94.3,293,5,91.9,93.8,92.6,89.1,64.1
631,99.20,1,Stonefish,65,sinker,378,0.1981,1,72.24,96.0,82.7,96.6,94.3,293,5,92.0,93.8,92.6,89.1,64.1
632,106.26,1,Ms. Angler,78,smooth,370,0.1980,2,72.70,96.0,82.7,96.6,94.4,293,5,92.0,93.8,92.6,89.1,64.1
633,95.12,1,Eel,67,smooth,315,0.1980,3,73.25,96.0,82.7,96.7,94.4,293,5,92.0,93.8,92.7,89.1,64.1
634,40.02,1,Smallmouth Bass,25,mixed,348,0.1980,4,72.97,96.0,82.7,96.7,94.4,293,5,92.0,93.8,92.7,89.1,64.1
635,57.74,1,Bream,34,smooth,320,0.1980,5,72.43,96.0,82.8,96.7,94.4,293,5,92.0,93.8,92.7,89.1,64.1
636,138.44,1,Stingray,87,sinker,660,0.1980,6,73.69,96.0,82.8,96.7,94.6,293,5,92.0,93.8,92.7,89.1,64.1
637,88.03,1,Flounder,53,sinker,395,0.1980,7,74.56,96.0,82.8,96.7,94.6,293,5,92.1,93.8,92.7,89.1,64.1
638,81.08,1,Halibut,53,sinker,375,0.1980,8,74.27,96.0,82.8,96.7,94.6,293,5,92.1,93.8,92.7,89.1,64.1
639,108.07,1,Tuna,70,smooth,320,0.1980,9,74.86,96.0,82.8,96.7,94.6,293,5,92.1,93.8,92.8,89.1,64.1
640,137.28,1,Stingray,84,sinker,480,0.1980,10,75.52,96.0,82.8,96.7,94.7,293,5,92.2,93.8,92.8,89.1,64.1
641,94.50,1,Stonefish,66,sinker,315,0.1980,11,75.73,96.0,82.8,96.8,94.7,293,5,92.3,93.8,92.8,89.1,64.1
642,62.55,1,Sea Cucumber,43,sinker,353,0.1980,12,75.53,96.0,82.8,96.8,94.7,293,5,92.3,93.8,92.8,89.1,64.1
643,47.35,1,Sunfish,30,mixed,368,0.1980,13,75.50,96.0,82.8,96.8,94.7,293,5,92.3,93.8,92.8,89.2,64.1
644,59.88,1,Bream,34,smooth,328,0.1980,14,75.66,96.0,82.9,96.8,94.7,293,5,92.3,93.8,92.9,89.2,64.1
645,47.50,1,Anchovy,28,dart,348,0.1980,15,75.09,96.0,82.9,96.8,94.7,293,5,92.3,93.8,92.9,89.2,64.1
646,42.13,1,Herring,26,dart,370,0.1980,16,74.72,96.0,82.9,96.8,94.7,293,5,92.3,93.8,92.9,89.2,64.1
647,0.35,0,Seaweed,5,floater,1294,0.1980,0,74.59,96.0,82.7,96.8,94.7,293,5,92.3,93.8,92.9,89.2,63.6
648,90.84,1,Goby,56,dart,320,0.1979,1,74.99,96.0,82.7,96.8,94.7,293,5,92.3,93.9,92.9,89.2,63.6
649,113.60,1,Eel,71,smooth,325,0.1979,2,74.92,96.0,82.7,96.8,94.9,293,5,92.3,93.9,92.9,89.2,63.6
650,42.08,1,Sunfish,32,mixed,375,0.1979,3,73.60,96.0,82.8,96.8,94.9,293,5,92.3,93.9,92.9,89.3,63.6
651,54.96,1,Sea Cucumber,38,sinker,320,0.1979,4,72.52,96.0,82.8,96.8,94.9,293,5,92.4,93.9,92.9,89.3,63.6
652,-5.25,0,Green Algae,4,floater,385,0.1979,0,71.89,95.0,82.6,96.8,94.9,293,5,92.4,93.9,92.9,89.3,63.0
653,71.12,1,Rainbow Trout,45,mixed,330,0.1979,1,72.06,95.0,82.6,96.8,94.9,293,5,92.4,93.9,92.9,89.4,63.0
654,67.65,1,Flounder,47,sinker,328,0.1979,2,71.34,95.0,82.6,96.8,94.9,293,5,92.4,93.9,92.9,89.4,63.0
655,-1.96,0,Seaweed,4,floater,1194,0.1979,0,70.63,94.0,82.5,96.8,94.9,293,5,92.4,93.9,92.9,89.4,62.5
656,93.00,1,Stonefish,69,sinker,393,0.1979,1,70.74,94.0,82.5,96.9,94.9,293,5,92.5,93.9,92.9,89.4,62.5
657,51.15,1,Chub,33,dart,320,0.1979,2,70.67,94.0,82.5,96.9,94.9,293,5,92.5,93.9,92.9,89.4,62.5
658,57.27,1,Chub,36,dart,400,0.1979,3,70.17,94.0,82.5,96.9,94.9,293,5,92.5,94.0,92.9,89.4,62.5
659,52.65,1,Bream,31,smooth,320,0.1979,4,69.78,94.0,82.6,96.9,94.9,293,5,92.5,94.0,93.0,89.4,62.5
660,127.16,1,Squid,80,sinker,535,0.1979,5,70.28,94.0,82.6,96.9,95.0,293,5,92.5,94.0,93.0,89.4,62.5
661,52.55,1,Chub,33,dart,320,0.1979,6,70.44,94.0,82.6,96.9,95.0,293,5,92.5,94.0,93.0,89.4,62.5
662,46.95,1,Smallmouth Bass,27,mixed,318,0.1979,7,70.40,94.0,82.6,96.9,95.0,293,5,92.5,94.0,93.0,89.5,62.5
663,-4.47,0,White Algae,5,floater,517,0.1978,0,69.81,93.0,82.5,96.9,95.0,293,5,92.5,94.0,93.0,89.5,62.0
664,-3.20,0,White Algae,5,floater,714,0.1978,0,68.92,92.0,82.3,96.9,95.0,293,5,92.5,94.0,93.0,89.5,61.5
665,116.47,1,Ms. Angler,87,smooth,505,0.1978,1,69.54,92.0,82.3,96.9,95.1,293,5,92.5,94.0,93.0,89.5,61.5
666,75.74,1,Largemouth Bass,50,mixed,345,0.1978,2,69.40,92.0,82.3,96.9,95.1,293,5,92.5,94.0,93.0,89.6,61.5
667,91.12,1,Albacore,63,mixed,335,0.1978,3,70.41,93.0,82.3,96.9,95.1,293,5,92.5,94.0,93.0,89.6,61.5
668,58.77,1,Sea Cucumber,43,sinker,318,0.1978,4,70.50,93.0,82.3,96.9,95.1,293,5,92.6,94.0,93.0,89.6,61.5
669,54.14,1,Bream,31,smooth,320,0.1978,5,70.17,93.0,82.3,96.9,95.1,293,5,92.6,94.0,93.1,89.6,61.5
670,-6.38,0,White Algae,4,floater,167,0.1978,0,70.03,92.0,82.2,96.9,95.1,293,5,92.6,94.0,93.1,89.6,61.0
671,39.78,1,Sunfish,28,mixed,338,0.1978,1,69.81,92.0,82.2,96.9,95.1,293,5,92.6,94.0,93.1,89.7,61.0
672,36.17,0,Pufferfish,80,floater,972,0.1978,0,69.73,92.0,82.2,96.9,92.9,293,5,92.6,94.0,93.1,89.7,60.5
673,57.37,1,Chub,38,dart,320,0.1978,1,69.56,92.0,82.2,96.9,92.9,293,5,92.6,94.1,93.1,89.7,60.5
674,59.53,1,Bream,35,smooth,323,0.1978,2,69.49,92.0,82.3,96.9,92.9,293,5,92.6,94.1,93.1,89.7,60.5
675,62.35,1,Sea Cucumber,41,sinker,318,0.1978,3,69.70,92.0,82.3,96.9,92.9,293,5,92.6,94.1,93.1,89.7,60.5
676,43.16,1,Smallmouth Bass,29,mixed,323,0.1978,4,69.62,92.0,82.3,96.9,92.9,293,5,92.6,94.1,93.1,89.8,60.5
677,-6.75,0,White Algae,5,floater,167,0.1978,0,69.57,92.0,82.1,96.9,92.9,293,5,92.6,94.1,93.1,89.8,60.0
678,55.28,1,Red Snapper,41,mixed,323,0.1978,1,69.49,92.0,82.1,97.0,92.9,293,5,92.6,94.1,93.1,89.9,60.0
679,-5.27,0,White Algae,5,floater,359,0.1977,0,68.43,91.0,82.0,97.0,92.9,293,5,92.6,94.1,93.1,89.9,59.5
680,79.67,1,Largemouth Bass,53,mixed,313,0.1977,1,67.97,91.0,82.0,97.0,92.9,293,5,92.6,94.1,93.1,89.9,59.5
681,55.02,1,Sea Cucumber,39,sinker,338,0.1977,2,67.88,91.0,82.0,97.0,92.9,293,5,92.7,94.1,93.1,89.9,59.5
682,39.21,1,Herring,23,dart,340,0.1977,3,67.58,91.0,82.0,97.0,92.9,293,5,92.7,94.1,93.1,89.9,59.5
683,61.81,1,Flounder,49,sinker,320,0.1977,4,67.31,91.0,82.0,97.0,92.9,293,5,92.7,94.1,93.1,89.9,59.5
684,70.91,1,Tilapia,45,mixed,318,0.1977,5,67.23,91.0,82.0,97.0,92.9,293,5,92.7,94.1,93.1,90.0,59.5
685,58.41,1,Bream,34,smooth,330,0.1977,6,67.05,91.0,82.1,97.0,92.9,293,5,92.7,94.1,93.2,90.0,59.5
686,77.21,1,Largemouth Bass,48,mixed,410,0.1977,7,67.05,91.0,82.1,97.0,92.9,293,5,92.7,94.1,93.2,90.1,59.5
687,60.32,1,Perch,37,dart,325,0.1977,8,66.80,91.0,82.1,97.0,92.9,293,5,92.7,94.2,93.2,90.1,59.5
688,182.55,1,Angler,87,smooth,760,0.1977,9,67.90,91.0,82.1,97.0,93.0,293,5,92.7,94.2,93.2,90.1,59.5
689,63.65,1,Bullhead,44,smooth,320,0.1977,10,67.73,91.0,82.1,97.0,93.0,293,5,92.7,94.2,93.3,90.1,59.5
690,96.15,1,Eel,66,smooth,350,0.1977,11,67.72,91.0,82.1,97.1,93.0,293,5,92.7,94.2,93.3,90.1,59.5
691,26.44,1,Carp,15,mixed,648,0.1977,12,66.94,91.0,82.1,97.1,93.0,293,5,92.7,94.2,93.3,90.1,59.5
692,72.57,1,Halibut,50,sinker,400,0.1977,13,67.25,91.0,82.1,97.1,93.0,293,5,92.8,94.2,93.3,90.1,59.5
693,59.17,1,Perch,35,dart,328,0.1977,14,67.23,91.0,82.2,97.1,93.0,293,5,92.8,94.2,93.3,90.1,59.5
694,46.23,1,Anchovy,27,dart,465,0.1976,15,65.58,91.0,82.2,97.1,93.0,293,5,92.8,94.2,93.3,90.1,59.5
695,161.56,1,Sturgeon,85,mixed,578,0.1976,16,65.99,91.0,82.2,97.1,93.2,293,5,92.8,94.2,93.3,90.2,59.5
696,59.12,1,Bream,37,smooth,348,0.1976,17,66.00,91.0,82.3,97.1,93.2,293,5,92.8,94.2,93.4,90.2,59.5
697,54.23,1,Bream,36,smooth,328,0.1976,18,65.72,91.0,82.3,97.1,93.2,293,5,92.8,94.2,93.4,90.2,59.5
698,169.36,1,Son of Crimsonfish,96,mixed,865,0.1976,19,66.94,91.0,82.3,97.1,93.3,293,5,92.8,94.2,93.4,90.3,59.5
699,56.04,1,Bream,34,smooth,330,0.1976,20,66.75,91.0,82.3,97.1,93.3,293,5,92.8,94.2,93.5,90.3,59.5
700,29.38,1,Carp,15,mixed,330,0.1976,21,65.55,91.0,82.4,97.1,93.3,293,5,92.8,94.2,93.5,90.3,59.5
701,100.24,1,Pike,65,dart,625,0.1976,22,65.99,91.0,82.4,97.1,93.3,293,5,92.8,94.3,93.5,90.3,59.5
702,93.43,1,Tiger Trout,58,dart,470,0.1976,23,66.46,91.0,82.4,97.1,93.3,293,5,92.8,94.3,93.5,90.3,59.5
703,126.75,1,Super Cucumber,83,sinker,493,0.1976,24,67.49,91.0,82.4,97.1,93.5,293,5,92.8,94.3,93.5,90.3,59.5
704,102.96,1,Albacore,61,mixed,388,0.1976,25,67.92,91.0,82.4,97.1,93.5,293,5,92.8,94.3,93.5,90.4,59.5
705,-12.11,0,Mutant Carp,80,dart,399,0.1976,0,66.91,90.0,82.4,97.1,91.5,293,5,92.8,93.7,93.5,90.4,59.5
706,83.60,1,Goby,53,dart,353,0.1976,1,67.01,90.0,82.4,97.1,91.5,293,5,92.8,93.7,93.5,90.4,59.5
707,90.79,1,Stonefish,64,sinker,320,0.1976,2,67.43,90.0,82.4,97.2,91.5,293,5,92.9,93.7,93.5,90.4,59.5
708,60.27,1,Sea Cucumber,38,sinker,323,0.1975,3,67.08,90.0,82.4,97.2,91.5,293,5,92.9,93.7,93.5,90.4,59.5
709,77.43,1,Bullhead,45,smooth,335,0.1975,4,67.01,90.0,82.4,97.2,91.5,293,5,92.9,93.7,93.5,90.4,59.5
710,70.68,1,Flounder,49,sinker,343,0.1975,5,67.13,90.0,82.4,97.2,91.5,293,5,92.9,93.7,93.5,90.4,59.5
711,70.69,1,Salmon,49,mixed,390,0.1975,6,67.58,90.0,82.4,97.2,91.5,293,5,92.9,93.7,93.5,90.5,59.5
712,112.47,1,Squid,72,sinker,450,0.1975,7,67.92,90.0,82.4,97.2,91.7,293,5,93.0,93.7,93.5,90.5,59.5
713,87.44,1,Blue Discus,58,dart,388,0.1975,8,67.51,90.0,82.4,97.2,91.7,293,5,93.0,93.8,93.5,90.5,59.5
714,131.12,1,Ms. Angler,87,smooth,538,0.1975,9,67.31,90.0,82.4,97.2,91.8,293,5,93.0,93.8,93.6,90.5,59.5
715,141.87,1,Blobfish,71,floater,1023,0.1975,10,68.02,90.0,82.4,97.2,92.0,293,5,93.0,93.8,93.6,90.5,59.8
716,45.73,1,Bream,32,smooth,453,0.1975,11,67.96,90.0,82.4,97.2,92.0,293,5,93.0,93.8,93.6,90.5,59.8
717,240.44,1,Pufferfish,85,floater,1835,0.1975,12,69.78,90.0,82.4,97.2,92.2,293,5,93.0,93.8,93.6,90.5,60.2
718,81.86,1,Stonefish,60,sinker,363,0.1975,13,69.78,90.0,82.4,97.2,92.2,293,5,93.0,93.8,93.6,90.5,60.2
719,80.61,1,Ghostfish,49,mixed,330,0.1975,14,69.77,90.0,82.4,97.3,92.2,293,5,93.0,93.8,93.6,90.5,60.2
720,93.89,1,Blue Discus,61,dart,475,0.1975,15,70.71,91.0,82.4,97.3,92.2,293,5,93.0,93.8,93.6,90.5,60.2
721,111.76,1,Tuna,75,smooth,398,0.1975,16,70.84,91.0,82.4,97.3,92.3,293,5,93.0,93.8,93.7,90.5,60.2
722,50.97,1,Red Snapper,37,mixed,365,0.1975,17,70.51,91.0,82.5,97.3,92.3,293,5,93.0,93.8,93.7,90.6,60.2
723,116.64,1,Ms. Angler,82,smooth,478,0.1974,18,71.06,91.0,82.5,97.3,92.5,293,5,93.0,93.8,93.7,90.6,60.2
724,77.54,1,Woodskip,53,mixed,338,0.1974,19,71.02,91.0,82.5,97.3,92.5,293,5,93.0,93.8,93.7,90.7,60.2
725,55.59,1,Bream,37,smooth,320,0.1974,20,71.08,91.0,82.5,97.3,92.5,293,5,93.0,93.8,93.8,90.7,60.2
726,65.02,1,Bream,38,smooth,320,0.1974,21,71.20,91.0,82.5,97.3,92.5,293,5,93.0,93.8,93.8,90.7,60.2
727,61.70,1,Sea Cucumber,43,sinker,318,0.1974,22,71.22,91.0,82.5,97.3,92.5,293,5,93.1,93.8,93.8,90.7,60.2
728,-6.73,0,Seaweed,5,floater,167,0.1974,0,70.51,90.0,82.4,97.3,92.5,293,5,93.1,93.8,93.8,90.7,59.7
729,131.77,1,Pufferfish,76,floater,683,0.1974,1,70.64,90.0,82.4,97.3,92.6,293,5,93.1,93.8,93.8,90.7,60.0
730,82.11,1,Pike,58,dart,340,0.1974,2,71.49,91.0,82.4,97.3,92.6,293,5,93.1,93.8,93.8,90.7,60.0
731,-6.61,0,Seaweed,4,floater,167,0.1974,0,70.43,90.0,82.2,97.3,92.6,293,5,93.1,93.8,93.8,90.7,59.5
732,51.07,1,Bream,34,smooth,328,0.1974,1,69.88,90.0,82.2,97.3,92.6,293,5,93.1,93.8,93.8,90.7,59.5
733,-27.89,0,Scorpion Carp,96,dart,394,0.1974,0,68.65,89.0,82.2,97.3,90.9,293,5,93.1,93.2,93.8,90.7,59.5
734,72.28,1,Flounder,47,sinker,385,0.1974,1,68.97,89.0,82.2,97.3,90.9,293,5,93.1,93.2,93.8,90.7,59.5
735,60.33,1,Sea Cucumber,41,sinker,315,0.1974,2,69.00,89.0,82.2,97.3,90.9,293,5,93.2,93.2,93.8,90.7,59.5
736,94.51,1,Pike,62,dart,348,0.1974,3,68.56,89.0,82.2,97.4,90.9,293,5,93.2,93.2,93.8,90.7,59.5
737,84.38,1,Spook Fish,56,dart,325,0.1973,4,68.52,89.0,82.2,97.4,90.9,293,5,93.2,93.3,93.8,90.7,59.5
738,-20.74,0,Ice Pip,92,dart,412,0.1973,0,67.50,88.0,82.2,97.4,89.3,293,5,93.2,92.7,93.8,90.7,59.5
739,116.96,1,Tuna,73,smooth,330,0.1973,1,67.59,88.0,82.2,97.4,89.5,293,5,93.2,92.7,93.9,90.7,59.5
740,55.73,1,Sea Cucumber,41,sinker,325,0.1973,2,66.77,88.0,82.2,97.4,89.5,293,5,93.2,92.7,93.9,90.7,59.5
741,77.95,1,Walleye,47,smooth,325,0.1973,3,66.61,88.0,82.2,97.4,89.5,293,5,93.2,92.7,93.9,90.7,59.5
742,-6.02,0,Seaweed,4,floater,345,0.1973,0,65.92,87.0,82.1,97.4,89.5,293,5,93.2,92.7,93.9,90.7,59.1
743,56.21,1,Sea Cucumber,38,sinker,323,0.1973,1,66.01,87.0,82.1,97.4,89.5,293,5,93.3,92.7,93.9,90.7,59.1
744,89.59,1,Pufferfish,74,floater,340,0.1973,2,66.31,87.0,82.1,97.4,89.7,293,5,93.3,92.7,93.9,90.7,59.4
745,125.84,1,Pufferfish,79,floater,678,0.1973,3,67.09,87.0,82.1,97.4,89.8,293,5,93.3,92.7,93.9,90.7,59.7
746,-5.28,0,Seaweed,4,floater,409,0.1973,0,66.62,86.0,81.9,97.4,89.8,293,5,93.3,92.7,93.9,90.7,59.3
747,80.64,1,Goby,51,dart,353,0.1973,1,67.42,86.0,81.9,97.4,89.8,293,5,93.3,92.7,93.9,90.7,59.3
748,115.08,1,Blobfish,75,floater,705,0.1973,2,67.66,86.0,81.9,97.4,90.0,293,5,93.3,92.7,93.9,90.7,59.6
749,111.31,1,Squid,79,sinker,500,0.1973,3,67.64,86.0,81.9,97.4,90.2,293,5,93.3,92.7,93.9,90.7,59.6
750,108.06,1,Stonefish,59,sinker,468,0.1973,4,68.30,86.0,81.9,97.4,90.2,293,5,93.3,92.7,93.9,90.7,59.6
751,184.76,1,Mutant Carp,82,dart,1230,0.1972,5,69.60,86.0,81.9,97.4,90.3,293,5,93.3,92.8,93.9,90.7,59.6
752,101.35,1,Spook Fish,64,dart,453,0.1972,6,70.66,87.0,81.9,97.4,90.3,293,5,93.3,92.8,93.9,90.7,59.6
753,102.03,1,Stonefish,66,sinker,320,0.1972,7,70.97,87.0,81.9,97.4,90.3,293,5,93.4,92.8,93.9,90.7,59.6
754,79.06,1,Halibut,50,sinker,375,0.1972,8,71.09,87.0,81.9,97.5,90.3,293,5,93.4,92.8,93.9,90.7,59.6
755,64.15,1,Sea Cucumber,40,sinker,380,0.1972,9,71.75,88.0,82.0,97.5,90.3,293,5,93.5,92.8,93.9,90.7,59.6
756,64.46,1,Red Snapper,39,mixed,325,0.1972,10,71.46,88.0,82.0,97.5,90.3,293,5,93.5,92.8,93.9,90.7,59.6
757,90.41,1,Tiger Trout,58,dart,403,0.1972,11,71.86,88.0,82.0,97.5,90.3,293,5,93.5,92.9,93.9,90.7,59.6
758,81.20,1,Largemouth Bass,50,mixed,343,0.1972,12,72.10,88.0,82.0,97.5,90.3,293,5,93.5,92.9,93.9,90.8,59.6
759,34.98,1,Herring,23,dart,418,0.1972,13,71.92,88.0,82.1,97.5,90.3,293,5,93.5,92.9,93.9,90.8,59.6
760,54.36,1,Bream,33,smooth,320,0.1972,14,71.19,88.0,82.1,97.5,90.3,293,5,93.5,92.9,94.0,90.8,59.6
761,71.74,1,Woodskip,45,mixed,315,0.1972,15,71.38,88.0,82.1,97.5,90.3,293,5,93.5,92.9,94.0,90.8,59.6
762,116.94,1,Ms. Angler,85,smooth,413,0.1972,16,72.08,88.0,82.1,97.5,90.5,293,5,93.5,92.9,94.0,90.8,59.6
763,150.51,0,Scorpion Carp,92,dart,1970,0.1972,0,73.63,89.0,82.1,97.5,89.1,293,5,93.5,92.3,94.0,90.8,59.6
764,27.31,1,Carp,15,mixed,358,0.1971,1,73.94,90.0,82.1,97.5,89.1,293,5,93.5,92.3,94.0,90.9,59.6
765,55.51,1,Sea Cucumber,39,sinker,323,0.1971,2,73.33,90.0,82.2,97.5,89.1,293,5,93.5,92.3,94.0,90.9,59.6
766,91.77,1,Pufferfish,82,floater,338,0.1971,3,73.49,90.0,82.2,97.5,89.2,293,5,93.5,92.3,94.0,90.9,59.9
767,46.55,1,Anchovy,30,dart,320,0.1971,4,73.04,90.0,82.2,97.5,89.2,293,5,93.5,92.4,94.0,90.9,59.9
768,145.74,1,Pufferfish,86,floater,770,0.1971,5,73.91,90.0,82.2,97.5,89.4,293,5,93.5,92.4,94.0,90.9,60.1
769,60.41,1,Sea Cucumber,43,sinker,320,0.1971,6,73.97,90.0,82.2,97.5,89.4,293,5,93.5,92.4,94.0,90.9,60.1
770,145.20,1,Glacierfish Jr.,103,mixed,450,0.1971,7,75.49,91.0,82.2,97.5,89.4,293,5,93.5,92.4,94.0,91.0,60.1
771,88.59,1,Midnight Squid,55,sinker,320,0.1971,8,75.98,91.0,82.2,97.5,89.4,293,5,93.6,92.4,94.0,91.0,60.1
772,80.40,1,Halibut,52,sinker,320,0.1971,9,76.42,91.0,82.2,97.5,89.4,293,5,93.6,92.4,94.0,91.0,60.1
773,89.22,1,Goby,58,dart,313,0.1971,10,76.74,91.0,82.2,97.5,89.4,293,5,93.6,92.4,94.0,91.0,60.1
774,44.91,1,Bream,36,smooth,333,0.1971,11,76.59,91.0,82.2,97.5,89.4,293,5,93.6,92.4,94.0,91.0,60.1
775,82.56,1,Albacore,57,mixed,323,0.1971,12,76.80,91.0,82.2,97.6,89.4,293,5,93.6,92.4,94.0,91.0,60.1
776,56.59,1,Sea Cucumber,43,sinker,388,0.1971,13,76.93,91.0,82.2,97.6,89.4,293,5,93.6,92.4,94.0,91.0,60.1
777,65.43,1,Bullhead,47,smooth,325,0.1971,14,77.65,92.0,82.2,97.6,89.4,293,5,93.6,92.4,94.1,91.0,60.1
778,83.74,1,Midnight Carp,60,mixed,328,0.1970,15,77.94,92.0,82.2,97.6,89.4,293,5,93.6,92.4,94.1,91.1,60.1
779,45.33,1,Sardine,28,dart,333,0.1970,16,78.44,93.0,82.3,97.6,89.4,293,5,93.6,92.5,94.1,91.1,60.1
780,-6.48,0,White Algae,4,floater,167,0.1970,0,77.58,92.0,82.1,97.6,89.4,293,5,93.6,92.5,94.1,91.1,59.7
781,65.94,1,Bullhead,50,smooth,410,0.1970,1,77.69,92.0,82.1,97.6,89.4,293,5,93.6,92.5,94.1,91.1,59.7
782,92.66,1,Stonefish,59,sinker,320,0.1970,2,78.22,92.0,82.1,97.6,89.4,293,5,93.7,92.5,94.1,91.1,59.7
783,91.05,1,Blobfish,78,floater,383,0.1970,3,78.52,92.0,82.1,97.6,89.6,293,5,93.7,92.5,94.1,91.1,60.0
784,74.11,1,Salmon,50,mixed,335,0.1970,4,78.55,92.0,82.1,97.6,89.6,293,5,93.7,92.5,94.1,91.1,60.0
785,47.02,1,Anchovy,28,dart,323,0.1970,5,78.43,92.0,82.1,97.6,89.6,293,5,93.7,92.5,94.1,91.1,60.0
786,66.54,1,Sea Cucumber,41,sinker,398,0.1970,6,78.33,92.0,82.1,97.6,89.6,293,5,93.7,92.5,94.1,91.1,60.0
787,-6.54,0,White Algae,4,floater,167,0.1970,0,77.66,91.0,82.0,97.6,89.6,293,5,93.7,92.5,94.1,91.1,59.6
788,52.34,1,Anchovy,30,dart,330,0.1970,1,76.36,91.0,82.0,97.6,89.6,293,5,93.7,92.5,94.1,91.1,59.6
789,79.67,1,Salmon,51,mixed,328,0.1970,2,76.52,91.0,82.0,97.7,89.6,293,5,93.7,92.5,94.1,91.2,59.6
790,-6.47,0,White Algae,4,floater,167,0.1970,0,75.49,90.0,81.9,97.7,89.6,293,5,93.7,92.5,94.1,91.2,59.2
791,120.80,1,Super Cucumber,84,sinker,420,0.1969,1,76.44,90.0,81.9,97.7,89.7,293,5,93.8,92.5,94.1,91.2,59.2
792,98.78,1,Stonefish,65,sinker,330,0.1969,2,76.70,90.0,81.9,97.7,89.7,293,5,93.8,92.5,94.1,91.2,59.2
793,-6.38,0,Seaweed,4,floater,167,0.1969,0,76.04,89.0,81.7,97.7,89.7,293,5,93.8,92.5,94.1,91.2,58.7
794,85.14,1,Lionfish,49,smooth,323,0.1969,1,76.43,89.0,81.7,97.7,89.7,293,5,93.8,92.5,94.2,91.2,58.7
795,105.58,1,Angler,77,smooth,310,0.1969,2,75.87,89.0,81.7,97.7,89.9,293,5,93.8,92.5,94.2,91.2,58.7
796,44.11,1,Smallmouth Bass,30,mixed,350,0.1969,3,75.72,89.0,81.7,97.7,89.9,293,5,93.8,92.5,94.2,91.2,58.7
797,61.99,1,Woodskip,51,mixed,340,0.1969,4,75.80,89.0,81.7,97.7,89.9,293,5,93.8,92.5,94.2,91.3,58.7
798,86.23,1,Halibut,54,sinker,385,0.1969,5,74.97,89.0,81.7,97.7,89.9,293,5,93.8,92.5,94.2,91.3,58.7
799,41.22,1,Sardine,28,dart,335,0.1969,6,74.82,89.0,81.8,97.7,89.9,293,5,93.8,92.6,94.2,91.3,58.7
800,101.68,1,Stonefish,70,sinker,320,0.1969,7,75.54,89.0,81.8,97.7,89.9,293,5,93.9,92.6,94.2,91.3,58.7
801,-6.89,0,Seaweed,5,floater,167,0.1969,0,74.47,88.0,81.6,97.7,89.9,293,5,93.9,92.6,94.2,91.3,58.3
802,191.76,1,Pufferfish,87,floater,1348,0.1969,1,75.45,88.0,81.6,97.7,90.0,293,5,93.9,92.6,94.2,91.3,58.6
803,80.44,1,Halibut,54,sinker,325,0.1969,2,74.99,88.0,81.6,97.7,90.0,293,5,93.9,92.6,94.2,91.3,58.6
804,84.80,1,Woodskip,50,mixed,330,0.1968,3,74.81,88.0,81.6,97.7,90.0,293,5,93.9,92.6,94.2,91.4,58.6
805,77.23,1,Pike,54,dart,363,0.1968,4,75.70,89.0,81.6,97.7,90.0,293,5,93.9,92.6,94.2,91.4,58.6
806,77.94,1,Bullhead,50,smooth,333,0.1968,5,75.65,89.0,81.6,97.7,90.0,293,5,93.9,92.6,94.2,91.4,58.6
807,112.80,1,Albacore,64,mixed,555,0.1968,6,75.87,89.0,81.6,97.8,90.0,293,5,93.9,92.6,94.2,91.4,58.6
808,40.91,1,Herring,25,dart,323,0.1968,7,75.67,89.0,81.6,97.8,90.0,293,5,93.9,92.7,94.2,91.4,58.6
809,77.08,1,Eel,70,smooth,353,0.1968,8,75.67,89.0,81.6,97.8,90.0,293,5,93.9,92.7,94.3,91.4,58.6
810,86.40,1,Blue Discus,54,dart,343,0.1968,9,75.83,89.0,81.6,97.8,90.0,293,5,93.9,92.7,94.3,91.4,58.6
811,83.73,1,Salmon,50,mixed,320,0.1968,10,75.96,89.0,81.6,97.8,90.0,293,5,93.9,92.7,94.3,91.5,58.6
812,116.24,1,Squid,75,sinker,510,0.1968,11,75.99,89.0,81.6,97.8,90.1,293,5,93.9,92.7,94.3,91.5,58.6
813,73.18,1,Rainbow Trout,45,mixed,323,0.1968,12,75.85,89.0,81.6,97.8,90.1,293,5,93.9,92.7,94.3,91.5,58.6
814,60.90,1,Sea Cucumber,39,sinker,323,0.1968,13,75.15,89.0,81.7,97.8,90.1,293,5,94.0,92.7,94.3,91.5,58.6
815,54.77,1,Perch,33,dart,323,0.1968,14,74.28,89.0,81.7,97.8,90.1,293,5,94.0,92.8,94.3,91.5,58.6
816,124.61,1,Radioactive Carp,76,dart,548,0.1967,15,75.07,89.0,81.7,97.8,90.3,293,5,94.0,92.8,94.3,91.5,58.6
817,83.23,1,Ghostfish,54,mixed,323,0.1967,16,73.50,89.0,81.7,97.8,90.3,293,5,94.0,92.8,94.3,91.6,58.6
818,69.94,1,Red Snapper,43,mixed,323,0.1967,17,73.38,89.0,81.7,97.8,90.3,293,5,94.0,92.8,94.3,91.6,58.6
819,62.91,1,Perch,38,dart,320,0.1967,18,73.20,89.0,81.7,97.8,90.3,293,5,94.0,92.9,94.3,91.6,58.6
820,159.36,1,Radioactive Carp,74,dart,1020,0.1967,19,73.85,89.0,81.7,97.8,90.4,293,5,94.0,92.9,94.3,91.6,58.6
821,59.06,1,Bream,37,smooth,320,0.1967,20,73.33,89.0,81.8,97.8,90.4,293,5,94.0,92.9,94.3,91.6,58.6
822,-6.88,0,Seaweed,5,floater,167,0.1967,0,72.75,88.0,81.6,97.8,90.4,293,5,94.0,92.9,94.3,91.6,58.2
823,54.90,1,Sea Cucumber,38,sinker,323,0.1967,1,72.13,88.0,81.7,97.8,90.4,293,5,94.0,92.9,94.3,91.6,58.2
824,55.09,1,Bream,35,smooth,333,0.1967,2,71.91,88.0,81.7,97.8,90.4,293,5,94.0,92.9,94.3,91.6,58.2
825,84.25,1,Slimejack,58,dart,330,0.1967,3,72.19,88.0,81.7,97.8,90.4,293,5,94.0,92.9,94.3,91.6,58.2
826,116.67,1,Stingray,78,sinker,435,0.1967,4,72.71,88.0,81.7,97.8,90.5,293,5,94.0,92.9,94.3,91.6,58.2
827,58.70,1,Sea Cucumber,39,sinker,318,0.1967,5,72.68,88.0,81.7,97.8,90.5,293,5,94.1,92.9,94.3,91.6,58.2
828,130.66,1,Super Cucumber,87,sinker,458,0.1967,6,74.05,89.0,81.7,97.8,90.7,293,5,94.1,92.9,94.3,91.6,58.2
829,94.91,1,Midnight Squid,58,sinker,393,0.1966,7,73.68,89.0,81.7,97.8,90.7,293,5,94.1,92.9,94.3,91.6,58.2
830,42.77,1,Anchovy,29,dart,333,0.1966,8,73.29,89.0,81.8,97.8,90.7,293,5,94.1,93.0,94.3,91.6,58.2
831,62.07,1,Shad,45,smooth,328,0.1966,9,73.98,90.0,81.8,97.8,90.7,293,5,94.1,93.0,94.4,91.6,58.2
832,77.31,1,Salmon,51,mixed,325,0.1966,10,74.24,90.0,81.8,97.9,90.7,293,5,94.1,93.0,94.4,91.7,58.2
833,45.33,1,Sardine,28,dart,398,0.1966,11,74.97,91.0,81.8,97.9,90.7,293,5,94.1,93.0,94.4,91.7,58.2
834,88.46,1,Eel,64,smooth,325,0.1966,12,75.13,91.0,81.8,97.9,90.7,293,5,94.1,93.0,94.4,91.7,58.2
835,77.24,1,Halibut,48,sinker,413,0.1966,13,75.30,91.0,81.8,97.9,90.7,293,5,94.1,93.0,94.4,91.7,58.2
836,57.89,1,Bullhead,43,smooth,320,0.1966,14,74.94,91.0,81.8,97.9,90.7,293,5,94.1,93.0,94.4,91.7,58.2
837,-6.49,0,White Algae,4,floater,167,0.1966,0,74.03,90.0,81.6,97.9,90.7,293,5,94.1,93.0,94.4,91.7,57.8
838,-6.43,0,White Algae,4,floater,167,0.1966,0,74.17,90.0,81.5,97.9,90.7,293,5,94.1,93.0,94.4,91.7,57.4
839,67.58,1,Bullhead,47,smooth,318,0.1966,1,73.68,90.0,81.5,97.9,90.7,293,5,94.1,93.0,94.5,91.7,57.4
840,120.12,1,Super Cucumber,85,sinker,333,0.1966,2,74.32,90.0,81.5,97.9,90.8,293,5,94.2,93.0,94.5,91.7,57.4
841,-6.76,0,Seaweed,5,floater,167,0.1965,0,73.48,89.0,81.3,97.9,90.8,293,5,94.2,93.0,94.5,91.7,57.0
842,101.78,1,Tuna,70,smooth,438,0.1965,1,74.55,90.0,81.3,97.9,90.8,293,5,94.2,93.0,94.5,91.7,57.0
843,77.04,1,Slimejack,50,dart,325,0.1965,2,74.76,90.0,81.3,97.9,90.8,293,5,94.2,93.1,94.5,91.7,57.0
844,77.03,1,Woodskip,50,mixed,360,0.1965,3,74.64,90.0,81.3,97.9,90.8,293,5,94.2,93.1,94.5,91.7,57.0
845,57.20,1,Chub,37,dart,340,0.1965,4,73.95,90.0,81.4,97.9,90.8,293,5,94.2,93.1,94.5,91.7,57.0
846,173.79,1,Ice Pip,89,dart,1053,0.1965,5,75.74,91.0,81.4,97.9,90.9,293,5,94.2,93.1,94.5,91.7,57.0
847,88.49,1,Slimejack,53,dart,425,0.1965,6,75.82,91.0,81.4,97.9,90.9,293,5,94.2,93.2,94.5,91.7,57.0
848,116.43,1,Ms. Angler,78,smooth,380,0.1965,7,75.83,91.0,81.4,97.9,91.0,293,5,94.2,93.2,94.5,91.7,57.0
849,58.45,1,Red Snapper,36,mixed,320,0.1965,8,75.30,91.0,81.4,97.9,91.0,293,5,94.2,93.2,94.5,91.8,57.0
850,73.98,1,Ghostfish,48,mixed,320,0.1965,9,74.96,91.0,81.4,97.9,91.0,293,5,94.2,93.2,94.5,91.8,57.0
851,84.37,1,Tiger Trout,58,dart,330,0.1965,10,73.96,91.0,81.4,97.9,91.0,293,5,94.2,93.2,94.5,91.8,57.0
852,74.78,1,Midnight Carp,53,mixed,330,0.1965,11,73.69,91.0,81.4,98.0,91.0,293,5,94.2,93.2,94.5,91.9,57.0
853,50.96,1,Sea Cucumber,40,sinker,323,0.1964,12,73.18,91.0,81.4,98.0,91.0,293,5,94.2,93.2,94.5,91.9,57.0
854,-6.81,0,White Algae,5,floater,167,0.1964,0,72.32,90.0,81.3,98.0,91.0,293,5,94.2,93.2,94.5,91.9,56.7
855,88.61,1,Goby,59,dart,395,0.1964,1,72.57,90.0,81.3,98.0,91.0,293,5,94.2,93.3,94.5,91.9,56.7
856,-6.57,0,Seaweed,4,floater,167,0.1964,0,71.86,89.0,81.1,98.0,91.0,293,5,94.2,93.3,94.5,91.9,56.3
857,78.11,1,Bullhead,50,smooth,335,0.1964,1,71.74,89.0,81.1,98.0,91.0,293,5,94.2,93.3,94.6,91.9,56.3
858,81.24,1,Ghostfish,52,mixed,325,0.1964,2,71.74,89.0,81.1,98.0,91.0,293,5,94.2,93.3,94.6,91.9,56.3
859,95.56,1,Tiger Trout,61,dart,388,0.1964,3,72.34,89.0,81.1,98.0,91.0,293,5,94.2,93.3,94.6,91.9,56.3
860,-6.53,0,White Algae,4,floater,167,0.1964,0,71.73,88.0,81.0,98.0,91.0,293,5,94.2,93.3,94.6,91.9,55.9
861,129.89,1,Stonefish,70,sinker,553,0.1964,1,72.31,88.0,81.0,98.0,91.0,293,5,94.2,93.3,94.6,91.9,55.9
862,101.83,1,Blobfish,81,floater,398,0.1964,2,72.16,88.0,81.0,98.0,91.1,293,5,94.2,93.3,94.6,91.9,56.2
863,82.50,1,Ghostfish,51,mixed,315,0.1964,3,71.48,88.0,81.0,98.0,91.1,293,5,94.2,93.3,94.6,92.0,56.2
864,94.50,1,Stonefish,61,sinker,315,0.1964,4,72.15,88.0,81.0,98.0,91.1,293,5,94.3,93.3,94.6,92.0,56.2
865,81.64,1,Blue Discus,58,dart,315,0.1963,5,72.42,88.0,81.0,98.0,91.1,293,5,94.3,93.3,94.6,92.0,56.2
866,96.21,1,Stingray,75,sinker,350,0.1963,6,72.46,88.0,81.0,98.0,91.2,293,5,94.3,93.3,94.6,92.0,56.2
867,50.87,1,Bream,32,smooth,323,0.1963,7,72.50,88.0,81.0,98.0,91.2,293,5,94.3,93.3,94.6,92.0,56.2
868,99.90,1,Stonefish,71,sinker,328,0.1963,8,72.05,88.0,81.0,98.0,91.4,293,5,94.3,93.3,94.6,92.0,56.2
869,51.39,1,Sea Cucumber,40,sinker,323,0.1963,9,71.95,88.0,81.1,98.0,91.4,293,5,94.4,93.3,94.6,92.0,56.2
870,90.08,1,Tuna,71,smooth,420,0.1963,10,71.40,88.0,81.1,98.0,91.5,293,5,94.4,93.3,94.6,92.0,56.2
871,45.14,1,Bream,32,smooth,325,0.1963,11,70.97,88.0,81.1,98.0,91.5,293,5,94.4,93.3,94.7,92.0,56.2
872,-7.02,0,Seaweed,5,floater,167,0.1963,0,70.09,87.0,80.9,98.0,91.5,293,5,94.4,93.3,94.7,92.0,55.8
873,123.30,1,Squid,78,sinker,448,0.1963,1,70.44,87.0,80.9,98.0,91.6,293,5,94.4,93.3,94.7,92.0,55.8
874,49.43,1,Bream,35,smooth,325,0.1963,2,70.48,87.0,81.0,98.0,91.6,293,5,94.4,93.3,94.7,92.0,55.8
875,87.94,1,Blue Discus,62,dart,318,0.1963,3,70.53,87.0,81.0,98.0,91.6,293,5,94.4,93.4,94.7,92.0,55.8
876,-6.88,0,Seaweed,5,floater,167,0.1963,0,69.90,86.0,80.8,98.0,91.6,293,5,94.4,93.4,94.7,92.0,55.5
877,88.55,1,Red Mullet,54,smooth,320,0.1962,1,70.13,86.0,80.8,98.0,91.6,293,5,94.4,93.4,94.7,92.0,55.5
878,74.24,1,Tilapia,47,mixed,320,0.1962,2,70.04,86.0,80.8,98.0,91.6,293,5,94.4,93.4,94.7,92.0,55.5
879,64.78,1,Halibut,46,sinker,318,0.1962,3,70.23,86.0,80.8,98.0,91.6,293,5,94.4,93.4,94.7,92.0,55.5
880,-6.76,0,Green Algae,5,floater,167,0.1962,0,70.23,86.0,80.7,98.0,91.6,293,5,94.4,93.4,94.7,92.0,55.1
881,82.42,1,Albacore,55,mixed,310,0.1962,1,70.39,86.0,80.7,98.1,91.6,293,5,94.4,93.4,94.7,92.0,55.1
882,72.46,1,Flounder,47,sinker,333,0.1962,2,70.19,86.0,80.7,98.1,91.6,293,5,94.4,93.4,94.7,92.0,55.1
883,99.67,1,Sandfish,63,mixed,328,0.1962,3,70.28,86.0,80.7,98.1,91.6,293,5,94.4,93.4,94.7,92.1,55.1
884,84.28,1,Blue Discus,60,dart,318,0.1962,4,70.38,86.0,80.7,98.1,91.6,293,5,94.4,93.4,94.7,92.1,55.1
885,90.69,1,Eel,72,smooth,458,0.1962,5,70.81,86.0,80.7,98.1,91.7,293,5,94.4,93.4,94.8,92.1,55.1
886,106.81,1,Sandfish,69,mixed,443,0.1962,6,71.22,86.0,80.7,98.1,91.7,293,5,94.4,93.4,94.8,92.1,55.1
887,81.23,1,Halibut,52,sinker,490,0.1962,7,72.10,87.0,80.7,98.1,91.7,293,5,94.5,93.4,94.8,92.1,55.1
888,48.89,1,Sardine,31,dart,328,0.1962,8,72.06,87.0,80.7,98.1,91.7,293,5,94.5,93.4,94.8,92.1,55.1
889,90.38,1,Midnight Squid,59,sinker,400,0.1961,9,72.17,87.0,80.7,98.1,91.7,293,5,94.5,93.4,94.8,92.1,55.1
890,79.67,1,Salmon,50,mixed,325,0.1961,10,73.03,88.0,80.7,98.1,91.7,293,5,94.5,93.4,94.8,92.2,55.1
891,83.25,1,Midnight Squid,55,sinker,330,0.1961,11,72.65,88.0,80.7,98.1,91.7,293,5,94.5,93.4,94.8,92.2,55.1
892,128.61,1,Lingcod,83,mixed,468,0.1961,12,72.95,88.0,80.7,98.1,91.8,293,5,94.5,93.4,94.8,92.2,55.1
893,87.10,1,Blobfish,72,floater,428,0.1961,13,73.89,89.0,80.7,98.1,91.9,293,5,94.5,93.4,94.8,92.2,55.4
894,109.77,1,Stonefish,67,sinker,438,0.1961,14,74.13,89.0,80.7,98.1,91.9,293,5,94.6,93.4,94.8,92.2,55.4
895,48.99,1,Bream,33,smooth,318,0.1961,15,73.57,89.0,80.7,98.1,91.9,293,5,94.6,93.4,94.8,92.2,55.4
896,70.06,1,Walleye,47,smooth,338,0.1961,16,73.83,89.0,80.7,98.1,91.9,293,5,94.6,93.4,94.8,92.2,55.4
897,98.25,1,Red Mullet,60,smooth,330,0.1961,17,74.19,89.0,80.7,98.1,91.9,293,5,94.6,93.4,94.9,92.2,55.4
898,207.62,1,Ice Pip,84,dart,1220,0.1961,18,75.40,89.0,80.7,98.1,92.0,293,5,94.6,93.5,94.9,92.2,55.4
899,60.43,1,Shad,47,smooth,325,0.1961,19,75.60,89.0,80.7,98.1,92.0,293,5,94.6,93.5,94.9,92.2,55.4
900,75.43,1,Midnight Squid,58,sinker,328,0.1960,20,75.33,89.0,80.7,98.1,92.0,293,5,94.6,93.5,94.9,92.2,55.4
901,106.19,1,Lingcod,90,mixed,323,0.1960,21,76.46,90.0,80.7,98.1,92.0,293,5,94.6,93.5,94.9,92.3,55.4
902,77.04,1,Tuna,66,smooth,320,0.1960,22,75.32,90.0,80.7,98.2,92.0,293,5,94.6,93.5,94.9,92.3,55.4
903,58.81,1,Bream,37,smooth,323,0.1960,23,75.10,90.0,80.8,98.2,92.0,293,5,94.6,93.5,94.9,92.3,55.4
904,38.41,1,Sardine,28,dart,395,0.1960,24,74.64,90.0,80.8,98.2,92.0,293,5,94.6,93.5,94.9,92.3,55.4
905,89.96,1,Tiger Trout,57,dart,525,0.1960,25,74.76,90.0,80.8,98.2,92.0,293,5,94.6,93.5,94.9,92.3,55.4
906,45.95,1,Smallmouth Bass,30,mixed,353,0.1960,26,74.44,90.0,80.8,98.2,92.0,293,5,94.6,93.5,94.9,92.3,55.4
907,77.07,1,Woodskip,48,mixed,320,0.1960,27,74.09,90.0,80.8,98.2,92.0,293,5,94.6,93.5,94.9,92.3,55.4
908,34.80,1,Herring,23,dart,403,0.1960,28,74.03,90.0,80.9,98.2,92.0,293,5,94.6,93.6,94.9,92.3,55.4
909,69.84,1,Shad,40,smooth,328,0.1960,29,73.95,90.0,80.9,98.2,92.0,293,5,94.6,93.6,95.0,92.3,55.4
910,65.76,1,Walleye,41,smooth,320,0.1960,30,73.75,90.0,80.9,98.2,92.0,293,5,94.6,93.6,95.0,92.3,55.4
911,-5.48,0,Seaweed,5,floater,389,0.1960,0,72.85,89.0,80.8,98.2,92.0,293,5,94.6,93.6,95.0,92.3,55.1
912,64.93,1,Red Snapper,40,mixed,318,0.1959,1,72.34,89.0,80.8,98.2,92.0,293,5,94.6,93.6,95.0,92.4,55.1
913,95.78,1,Blue Discus,65,dart,370,0.1959,2,72.57,89.0,80.8,98.2,92.0,293,5,94.6,93.6,95.0,92.4,55.1
914,124.82,1,Ms. Angler,88,smooth,488,0.1959,3,73.21,89.0,80.8,98.2,92.1,293,5,94.6,93.6,95.0,92.4,55.1
915,122.26,1,Catfish,79,mixed,370,0.1959,4,73.88,89.0,80.8,98.2,92.2,293,5,94.6,93.6,95.0,92.4,55.1
916,62.89,1,Walleye,48,smooth,378,0.1959,5,73.26,89.0,80.8,98.2,92.2,293,5,94.6,93.6,95.1,92.4,55.1
917,76.13,1,Red Mullet,49,smooth,353,0.1959,6,73.19,89.0,80.8,98.2,92.2,293,5,94.6,93.6,95.1,92.4,55.1
918,57.31,1,Sea Cucumber,38,sinker,395,0.1959,7,73.07,89.0,80.8,98.2,92.2,293,5,94.6,93.6,95.1,92.4,55.1
919,57.15,1,Sea Cucumber,40,sinker,328,0.1959,8,73.01,89.0,80.9,98.2,92.2,293,5,94.6,93.6,95.1,92.4,55.1
920,81.82,1,Spook Fish,62,dart,353,0.1959,9,72.23,89.0,80.9,98.2,92.2,293,5,94.6,93.7,95.1,92.4,55.1
921,82.69,1,Midnight Squid,50,sinker,365,0.1959,10,72.47,89.0,80.9,98.2,92.2,293,5,94.7,93.7,95.1,92.4,55.1
922,-6.11,0,Green Algae,4,floater,354,0.1959,0,72.48,89.0,80.7,98.2,92.2,293,5,94.7,93.7,95.1,92.4,54.7
923,48.85,1,Sardine,29,dart,330,0.1958,1,72.42,89.0,80.8,98.2,92.2,293,5,94.7,93.7,95.1,92.4,54.7
924,50.62,1,Bream,38,smooth,325,0.1958,2,72.37,89.0,80.8,98.2,92.2,293,5,94.7,93.7,95.1,92.4,54.7
925,76.12,1,Midnight Carp,52,mixed,320,0.1958,3,72.29,89.0,80.8,98.2,92.2,293,5,94.7,93.7,95.1,92.5,54.7
926,119.79,1,Blobfish,79,floater,463,0.1958,4,72.32,89.0,80.8,98.2,92.3,293,5,94.7,93.7,95.1,92.5,55.0
927,61.32,1,Shad,40,smooth,518,0.1958,5,72.35,89.0,80.8,98.2,92.3,293,5,94.7,93.7,95.1,92.5,55.0
928,115.67,1,Super Cucumber,79,sinker,415,0.1958,6,72.20,89.0,80.8,98.2,92.4,293,5,94.7,93.7,95.1,92.5,55.0
929,54.08,1,Bullhead,41,smooth,325,0.1958,7,71.79,89.0,80.8,98.2,92.4,293,5,94.7,93.7,95.2,92.5,55.0
930,57.87,1,Sea Cucumber,37,sinker,390,0.1958,8,71.94,89.0,80.9,98.2,92.4,293,5,94.7,93.7,95.2,92.5,55.0
931,66.12,1,Sea Cucumber,42,sinker,358,0.1958,9,71.98,89.0,80.9,98.2,92.4,293,5,94.7,93.7,95.2,92.5,55.0
932,60.79,1,Sea Cucumber,41,sinker,320,0.1958,10,71.82,89.0,80.9,98.2,92.4,293,5,94.8,93.7,95.2,92.5,55.0
933,47.06,1,Sardine,28,dart,373,0.1958,11,71.83,89.0,80.9,98.2,92.4,293,5,94.8,93.7,95.2,92.5,55.0
934,89.43,1,Eel,67,smooth,323,0.1957,12,71.84,89.0,80.9,98.2,92.4,293,5,94.8,93.7,95.2,92.5,55.0
935,80.78,1,Midnight Squid,53,sinker,325,0.1957,13,71.88,89.0,80.9,98.2,92.4,293,5,94.8,93.7,95.2,92.5,55.0
936,-6.66,0,Green Algae,4,floater,167,0.1957,0,71.23,88.0,80.8,98.2,92.4,293,5,94.8,93.7,95.2,92.5,54.7
937,86.60,1,Midnight Squid,56,sinker,368,0.1957,1,72.16,89.0,80.8,98.3,92.4,293,5,94.8,93.7,95.2,92.5,54.7
938,64.15,1,Bream,37,smooth,380,0.1957,2,72.87,90.0,80.8,98.3,92.4,293,5,94.8,93.7,95.2,92.5,54.7
939,51.05,1,Red Snapper,37,mixed,348,0.1957,3,72.71,90.0,80.8,98.3,92.4,293,5,94.8,93.7,95.2,92.5,54.7
940,132.84,1,Radioactive Carp,81,dart,738,0.1957,4,72.83,90.0,80.8,98.3,92.5,293,5,94.8,93.8,95.2,92.5,54.7
941,122.63,1,Blobfish,77,floater,748,0.1957,5,74.13,91.0,80.8,98.3,92.6,293,5,94.8,93.8,95.2,92.5,54.9
942,85.62,1,Goby,54,dart,323,0.1957,6,73.96,91.0,80.8,98.3,92.6,293,5,94.8,93.8,95.2,92.5,54.9
943,26.18,1,Carp,14,mixed,365,0.1957,7,73.46,91.0,80.9,98.3,92.6,293,5,94.8,93.8,95.2,92.6,54.9
944,91.65,1,Eel,73,smooth,315,0.1957,8,73.60,91.0,80.9,98.3,92.6,293,5,94.8,93.8,95.2,92.6,54.9
945,84.21,1,Tiger Trout,60,dart,393,0.1956,9,73.87,91.0,80.9,98.3,92.6,293,5,94.8,93.8,95.2,92.6,54.9
946,14.60,1,White Algae,5,floater,835,0.1956,10,72.28,91.0,80.9,98.3,92.6,293,5,94.8,93.8,95.2,92.6,55.2
947,53.90,1,Bream,36,smooth,328,0.1956,11,71.93,91.0,80.9,98.3,92.6,293,5,94.8,93.8,95.3,92.6,55.2
948,64.01,1,Red Snapper,42,mixed,328,0.1956,12,71.41,91.0,80.9,98.3,92.6,293,5,94.8,93.8,95.3,92.6,55.2
949,10.47,1,Seaweed,4,floater,915,0.1956,13,70.93,91.0,81.0,98.3,92.6,293,5,94.8,93.8,95.3,92.6,55.5
950,46.01,1,Smallmouth Bass,30,mixed,373,0.1956,14,70.65,91.0,81.0,98.3,92.6,293,5,94.8,93.8,95.3,92.6,55.5
951,111.80,1,Ms. Angler,86,smooth,313,0.1956,15,70.92,91.0,81.0,98.3,92.7,293,5,94.8,93.8,95.3,92.6,55.5
952,143.48,1,Octopus,99,sinker,405,0.1956,16,71.61,91.0,81.0,98.3,92.8,293,5,94.8,93.8,95.3,92.6,55.5
953,46.29,1,Chub,31,dart,378,0.1956,17,71.57,91.0,81.0,98.3,92.8,293,5,94.8,93.8,95.3,92.6,55.5
954,62.76,1,Sea Cucumber,43,sinker,323,0.1956,18,72.26,92.0,81.0,98.3,92.8,293,5,94.9,93.8,95.3,92.6,55.5
955,55.58,1,Sea Cucumber,40,sinker,360,0.1956,19,71.93,92.0,81.1,98.3,92.8,293,5,94.9,93.8,95.3,92.6,55.5
956,131.69,1,Radioactive Carp,85,dart,540,0.1955,20,73.31,93.0,81.1,98.3,92.9,293,5,94.9,93.9,95.3,92.6,55.5
957,149.02,1,Blobfish,73,floater,800,0.1955,21,74.02,93.0,81.1,98.3,92.9,293,5,94.9,93.9,95.3,92.6,55.8
958,108.57,1,Tiger Trout,65,dart,588,0.1955,22,74.30,93.0,81.1,98.3,92.9,293,5,94.9,93.9,95.3,92.6,55.8
959,27.26,1,Carp,15,mixed,973,0.1955,23,73.61,93.0,81.1,98.3,92.9,293,5,94.9,93.9,95.3,92.7,55.8
960,96.29,1,Blue Discus,64,dart,418,0.1955,24,74.64,94.0,81.1,98.3,92.9,293,5,94.9,93.9,95.3,92.7,55.8
961,88.35,1,Spook Fish,64,dart,358,0.1955,25,74.23,94.0,81.1,98.3,92.9,293,5,94.9,94.0,95.3,92.7,55.8
962,27.09,1,Carp,15,mixed,450,0.1955,26,73.48,94.0,81.1,98.3,92.9,293,5,94.9,94.0,95.3,92.7,55.8
963,74.10,1,Halibut,47,sinker,333,0.1955,27,73.39,94.0,81.1,98.3,92.9,293,5,94.9,94.0,95.3,92.7,55.8
964,62.36,1,Red Snapper,40,mixed,320,0.1955,28,73.07,94.0,81.2,98.3,92.9,293,5,94.9,94.0,95.3,92.7,55.8
965,14.51,1,Seaweed,4,floater,558,0.1955,29,72.40,94.0,81.2,98.3,92.9,293,5,94.9,94.0,95.3,92.7,56.0
966,69.52,1,Rainbow Trout,43,mixed,325,0.1955,30,72.13,94.0,81.2,98.3,92.9,293,5,94.9,94.0,95.3,92.8,56.0
967,135.32,1,Blobfish,77,floater,703,0.1954,31,72.98,94.0,81.2,98.3,93.0,293,5,94.9,94.0,95.3,92.8,56.3
968,69.76,1,Woodskip,46,mixed,320,0.1954,32,72.68,94.0,81.2,98.3,93.0,293,5,94.9,94.0,95.3,92.8,56.3
969,110.58,1,Radioactive Carp,76,dart,388,0.1954,33,73.27,94.0,81.2,98.3,93.1,293,5,94.9,94.0,95.3,92.8,56.3
970,88.35,1,Albacore,60,mixed,368,0.1954,34,73.25,94.0,81.2,98.3,93.1,293,5,94.9,94.0,95.3,92.9,56.3
971,84.53,1,Tiger Trout,61,dart,330,0.1954,35,73.65,94.0,81.2,98.3,93.1,293,5,94.9,94.0,95.3,92.9,56.3
972,63.13,1,Sea Cucumber,43,sinker,315,0.1954,36,74.35,95.0,81.2,98.3,93.1,293,5,94.9,94.0,95.3,92.9,56.3
973,80.81,1,Midnight Squid,54,sinker,320,0.1954,37,73.92,95.0,81.2,98.3,93.1,293,5,95.0,94.0,95.3,92.9,56.3
974,56.27,1,Bream,35,smooth,323,0.1954,38,73.99,95.0,81.2,98.3,93.1,293,5,95.0,94.0,95.3,92.9,56.3
975,-5.42,0,Seaweed,4,floater,344,0.1954,0,73.06,94.0,81.1,98.3,93.1,293,5,95.0,94.0,95.3,92.9,56.0
976,44.83,1,Sardine,27,dart,395,0.1954,1,73.57,95.0,81.1,98.3,93.1,293,5,95.0,94.1,95.3,92.9,56.0
977,171.96,1,Mutant Carp,81,dart,1040,0.1953,2,74.41,95.0,81.1,98.3,93.1,293,5,95.0,94.1,95.3,92.9,56.0
978,78.45,1,Walleye,47,smooth,345,0.1953,3,74.45,95.0,81.1,98.3,93.1,293,5,95.0,94.1,95.3,92.9,56.0
979,78.02,1,Largemouth Bass,49,mixed,358,0.1953,4,74.58,95.0,81.1,98.3,93.1,293,5,95.0,94.1,95.3,92.9,56.0
980,98.56,1,Eel,64,smooth,323,0.1953,5,75.64,96.0,81.1,98.3,93.1,293,5,95.0,94.1,95.4,92.9,56.0
981,-5.55,0,White Algae,5,floater,412,0.1953,0,74.76,95.0,81.0,98.3,93.1,293,5,95.0,94.1,95.4,92.9,55.6
982,76.72,1,Goby,54,dart,328,0.1953,1,74.80,95.0,81.0,98.4,93.1,293,5,95.0,94.1,95.4,92.9,55.6
983,77.01,1,Midnight Squid,53,sinker,330,0.1953,2,74.57,95.0,81.0,98.4,93.1,293,5,95.0,94.1,95.4,92.9,55.6
984,14.55,1,White Algae,4,floater,538,0.1953,3,73.88,95.0,81.0,98.4,93.1,293,5,95.0,94.1,95.4,92.9,55.9
985,24.95,1,Carp,15,mixed,340,0.1953,4,73.22,95.0,81.0,98.4,93.1,293,5,95.0,94.1,95.4,92.9,55.9
986,84.12,1,Flounder,52,sinker,323,0.1953,5,72.99,95.0,81.0,98.4,93.1,293,5,95.0,94.1,95.4,92.9,55.9
987,50.70,1,Bream,36,smooth,325,0.1953,6,72.69,95.0,81.1,98.4,93.1,293,5,95.0,94.1,95.4,92.9,55.9
988,35.46,1,Smallmouth Bass,27,mixed,335,0.1952,7,72.55,95.0,81.1,98.4,93.1,293,5,95.0,94.1,95.4,93.0,55.9
989,25.83,1,Carp,14,mixed,328,0.1952,8,71.91,95.0,81.1,98.4,93.1,293,5,95.0,94.1,95.4,93.0,55.9
990,71.25,1,Bullhead,43,smooth,373,0.1952,9,71.82,95.0,81.1,98.4,93.1,293,5,95.0,94.1,95.4,93.0,55.9
991,85.51,1,Sandfish,58,mixed,320,0.1952,10,71.84,95.0,81.1,98.4,93.1,293,5,95.0,94.1,95.4,93.0,55.9
992,57.65,1,Bream,36,smooth,325,0.1952,11,71.13,95.0,81.2,98.4,93.1,293,5,95.0,94.1,95.4,93.0,55.9
993,123.81,1,Pufferfish,81,floater,538,0.1952,12,71.50,95.0,81.2,98.4,93.2,293,5,95.0,94.1,95.4,93.0,56.1
994,46.43,1,Anchovy,31,dart,330,0.1952,13,70.87,95.0,81.2,98.4,93.2,293,5,95.0,94.1,95.4,93.0,56.1
995,46.75,1,Smallmouth Bass,28,mixed,353,0.1952,14,70.85,95.0,81.2,98.4,93.2,293,5,95.0,94.1,95.4,93.1,56.1
996,159.28,1,Octopus,103,sinker,405,0.1952,15,71.74,95.0,81.2,98.4,93.2,293,5,95.0,94.1,95.4,93.1,56.1
997,59.49,1,Sea Cucumber,38,sinker,335,0.1952,16,71.35,95.0,81.3,98.4,93.2,293,5,95.0,94.1,95.4,93.1,56.1
998,70.05,1,Salmon,47,mixed,323,0.1951,17,69.97,95.0,81.3,98.4,93.2,293,5,95.0,94.1,95.4,93.1,56.1
999,73.82,1,Walleye,44,smooth,345,0.1951,18,70.11,95.0,81.3,98.4,93.2,293,5,95.0,94.1,95.5,93.1,56.1
1000,104.06,1,Stonefish,68,sinker,380,0.1951,19,70.40,95.0,81.3,98.4,93.2,293,5,95.1,94.1,95.5,93.1,56.1
1001,72.74,1,Walleye,44,smooth,323,0.1951,20,70.06,95.0,81.3,98.4,93.2,293,5,95.1,94.1,95.5,93.1,56.1
1002,44.08,1,Smallmouth Bass,27,mixed,370,0.1951,21,69.73,95.0,81.3,98.4,93.2,293,5,95.1,94.1,95.5,93.1,56.1
1003,79.04,1,Shad,47,smooth,325,0.1951,22,69.93,95.0,81.3,98.4,93.2,293,5,95.1,94.1,95.5,93.1,56.1
1004,27.00,1,Carp,14,mixed,323,0.1951,23,69.82,95.0,81.3,98.4,93.2,293,5,95.1,94.1,95.5,93.2,56.1
1005,82.77,1,Ghostfish,50,mixed,330,0.1951,24,69.75,95.0,81.3,98.4,93.2,293,5,95.1,94.1,95.5,93.2,56.1
1006,36.41,1,Sunfish,28,mixed,338,0.1951,25,69.65,95.0,81.4,98.4,93.2,293,5,95.1,94.1,95.5,93.2,56.1
1007,57.29,1,Sea Cucumber,37,sinker,333,0.1951,26,69.45,95.0,81.4,98.4,93.2,293,5,95.1,94.1,95.5,93.2,56.1
1008,113.33,1,Angler,81,smooth,405,0.1951,27,70.24,95.0,81.4,98.4,93.3,293,5,95.1,94.1,95.5,93.2,56.1
1009,53.47,1,Sea Cucumber,38,sinker,330,0.1950,28,70.08,95.0,81.4,98.4,93.3,293,5,95.1,94.1,95.5,93.2,56.1
1010,52.02,1,Bream,33,smooth,333,0.1950,29,69.94,95.0,81.5,98.4,93.3,293,5,95.1,94.1,95.5,93.2,56.1
1011,51.61,1,Bream,33,smooth,323,0.1950,30,70.51,96.0,81.5,98.4,93.3,293,5,95.1,94.1,95.6,93.2,56.1
1012,-5.71,0,White Algae,4,floater,332,0.1950,0,69.80,95.0,81.4,98.4,93.3,293,5,95.1,94.1,95.6,93.2,55.8
1013,72.92,1,Flounder,49,sinker,340,0.1950,1,69.57,95.0,81.4,98.4,93.3,293,5,95.1,94.1,95.6,93.2,55.8
1014,184.52,1,Scorpion Carp,82,dart,1045,0.1950,2,70.17,95.0,81.4,98.4,93.3,293,5,95.1,94.2,95.6,93.2,55.8
1015,93.17,1,Tiger Trout,61,dart,308,0.1950,3,69.88,95.0,81.4,98.4,93.3,293,5,95.1,94.2,95.6,93.2,55.8
1016,69.26,1,Rainbow Trout,47,mixed,310,0.1950,4,69.94,95.0,81.4,98.4,93.3,293,5,95.1,94.2,95.6,93.3,55.8
1017,-6.67,0,Seaweed,4,floater,167,0.1950,0,69.12,94.0,81.2,98.4,93.3,293,5,95.1,94.2,95.6,93.3,55.5
1018,35.82,1,Smallmouth Bass,27,mixed,323,0.1950,1,68.90,94.0,81.2,98.4,93.3,293,5,95.1,94.2,95.6,93.3,55.5
1019,80.26,1,Lionfish,47,smooth,320,0.1949,2,69.13,94.0,81.2,98.4,93.3,293,5,95.1,94.2,95.6,93.3,55.5
1020,215.50,1,Pufferfish,86,floater,1018,0.1949,3,70.47,94.0,81.2,98.4,93.4,293,5,95.1,94.2,95.6,93.3,55.7
1021,73.85,1,Midnight Carp,50,mixed,383,0.1949,4,70.38,94.0,81.2,98.4,93.4,293,5,95.1,94.2,95.6,93.3,55.7
1022,98.55,1,Sandfish,59,mixed,330,0.1949,5,71.43,95.0,81.2,98.4,93.4,293,5,95.1,94.2,95.6,93.4,55.7
1023,54.61,1,Bream,33,smooth,318,0.1949,6,71.48,95.0,81.3,98.4,93.4,293,5,95.1,94.2,95.6,93.4,55.7
1024,84.67,1,Red Mullet,50,smooth,333,0.1949,7,71.83,95.0,81.3,98.4,93.4,293,5,95.1,94.2,95.6,93.4,55.7
1025,77.18,1,Shad,47,smooth,323,0.1949,8,71.84,95.0,81.3,98.4,93.4,293,5,95.1,94.2,95.7,93.4,55.7
1026,101.36,1,Blue Discus,64,dart,425,0.1949,9,71.65,95.0,81.3,98.5,93.4,293,5,95.1,94.2,95.7,93.4,55.7
1027,118.97,1,Squid,77,sinker,480,0.1949,10,72.23,95.0,81.3,98.5,93.5,293,5,95.2,94.2,95.7,93.4,55.7
1028,81.18,1,Walleye,48,smooth,335,0.1949,11,71.88,95.0,81.3,98.5,93.5,293,5,95.2,94.2,95.7,93.4,55.7
1029,80.57,1,Halibut,54,sinker,320,0.1948,12,72.15,95.0,81.3,98.5,93.5,293,5,95.2,94.2,95.7,93.4,55.7
1030,79.13,1,Lionfish,49,smooth,323,0.1948,13,72.36,95.0,81.3,98.5,93.5,293,5,95.2,94.2,95.7,93.4,55.7
1031,125.33,1,Blobfish,71,floater,510,0.1948,14,72.95,95.0,81.3,98.5,93.5,293,5,95.2,94.2,95.7,93.4,56.0
1032,77.08,1,Lionfish,46,smooth,338,0.1948,15,73.12,95.0,81.3,98.5,93.5,293,5,95.2,94.2,95.7,93.4,56.0
1033,54.50,1,Bream,36,smooth,333,0.1948,16,73.19,95.0,81.3,98.5,93.5,293,5,95.2,94.2,95.7,93.4,56.0
1034,153.43,1,Octopus,95,sinker,623,0.1948,17,73.83,95.0,81.3,98.5,93.6,293,5,95.2,94.2,95.7,93.4,56.0
1035,-6.48,0,Seaweed,4,floater,224,0.1948,0,72.96,94.0,81.2,98.5,93.6,293,5,95.2,94.2,95.7,93.4,55.7
1036,79.01,1,Rainbow Trout,49,mixed,328,0.1948,1,73.81,95.0,81.2,98.5,93.6,293,5,95.2,94.2,95.7,93.4,55.7
1037,89.92,1,Spook Fish,64,dart,370,0.1948,2,73.85,95.0,81.2,98.5,93.6,293,5,95.2,94.3,95.7,93.4,55.7
1038,115.29,1,Squid,80,sinker,313,0.1948,3,74.36,95.0,81.2,98.5,93.6,293,5,95.2,94.3,95.7,93.4,55.7
1039,144.57,1,Glacierfish Jr.,98,mixed,390,0.1947,4,75.29,95.0,81.2,98.5,93.7,293,5,95.2,94.3,95.7,93.4,55.7
1040,57.63,1,Sea Cucumber,42,sinker,320,0.1947,5,74.54,95.0,81.2,98.5,93.7,293,5,95.2,94.3,95.7,93.4,55.7
1041,64.79,1,Ghostfish,48,mixed,313,0.1947,6,73.96,95.0,81.2,98.5,93.7,293,5,95.2,94.3,95.7,93.5,55.7
1042,92.30,1,Stonefish,67,sinker,308,0.1947,7,74.03,95.0,81.2,98.5,93.7,293,5,95.3,94.3,95.7,93.5,55.7
1043,82.87,1,Goby,57,dart,360,0.1947,8,74.60,95.0,81.2,98.5,93.7,293,5,95.3,94.3,95.7,93.5,55.7
1044,75.97,1,Shad,47,smooth,323,0.1947,9,74.44,95.0,81.2,98.5,93.7,293,5,95.3,94.3,95.8,93.5,55.7
1045,95.88,1,Stonefish,68,sinker,320,0.1947,10,74.56,95.0,81.2,98.5,93.7,293,5,95.3,94.3,95.8,93.5,55.7
1046,93.46,1,Blue Discus,62,dart,403,0.1947,11,75.35,95.0,81.2,98.5,93.7,293,5,95.3,94.3,95.8,93.5,55.7
1047,84.33,1,Pike,57,dart,388,0.1947,12,75.65,95.0,81.2,98.5,93.7,293,5,95.3,94.3,95.8,93.5,55.7
1048,100.41,1,Tiger Trout,55,dart,568,0.1947,13,76.01,95.0,81.2,98.5,93.7,293,5,95.3,94.4,95.8,93.5,55.7
1049,103.71,1,Tuna,72,smooth,378,0.1946,14,76.95,95.0,81.2,98.5,93.8,293,5,95.3,94.4,95.8,93.5,55.7
1050,64.74,1,Sea Cucumber,40,sinker,325,0.1946,15,77.13,95.0,81.2,98.5,93.8,293,5,95.3,94.4,95.8,93.5,55.7
1051,52.35,1,Bream,32,smooth,315,0.1946,16,76.54,95.0,81.2,98.5,93.8,293,5,95.3,94.4,95.8,93.5,55.7
1052,131.93,1,Ms. Angler,82,smooth,493,0.1946,17,76.42,95.0,81.2,98.5,93.8,293,5,95.3,94.4,95.8,93.5,55.7
1053,55.36,1,Perch,35,dart,380,0.1946,18,76.51,95.0,81.3,98.5,93.8,293,5,95.3,94.4,95.8,93.5,55.7
1054,23.54,1,Carp,14,mixed,428,0.1946,19,76.12,95.0,81.3,98.5,93.8,293,5,95.3,94.4,95.8,93.5,55.7
1055,110.52,1,Tuna,73,smooth,343,0.1946,20,76.67,95.0,81.3,98.5,93.9,293,5,95.3,94.4,95.8,93.5,55.7
1056,134.52,1,Pufferfish,80,floater,405,0.1946,21,76.70,95.0,81.3,98.5,93.9,293,5,95.3,94.4,95.8,93.5,55.9
1057,45.52,1,Perch,35,dart,355,0.1946,22,75.66,95.0,81.3,98.5,93.9,293,5,95.3,94.4,95.8,93.5,55.9
1058,55.35,1,Sea Cucumber,41,sinker,373,0.1946,23,75.13,95.0,81.3,98.5,93.9,293,5,95.3,94.4,95.8,93.5,55.9
1059,118.81,1,Angler,79,smooth,485,0.1945,24,76.05,95.0,81.3,98.5,94.0,293,5,95.3,94.4,95.9,93.5,55.9
1060,80.56,1,Goby,57,dart,393,0.1945,25,75.89,95.0,81.3,98.5,94.0,293,5,95.3,94.4,95.9,93.5,55.9
1061,73.00,1,Salmon,46,mixed,353,0.1945,26,75.74,95.0,81.3,98.5,94.0,293,5,95.3,94.4,95.9,93.5,55.9
1062,161.40,1,Glacierfish,98,mixed,525,0.1945,27,77.08,95.0,81.3,98.5,94.0,293,5,95.3,94.4,95.9,93.5,55.9
1063,74.93,1,Halibut,53,sinker,323,0.1945,28,77.09,95.0,81.3,98.5,94.0,293,5,95.3,94.4,95.9,93.5,55.9
1064,85.05,1,Spook Fish,63,dart,315,0.1945,29,77.32,95.0,81.3,98.5,94.0,293,5,95.3,94.5,95.9,93.5,55.9
1065,-4.08,0,White Algae,4,floater,575,0.1945,0,77.13,94.0,81.2,98.5,94.0,293,5,95.3,94.5,95.9,93.5,55.6
1066,97.96,1,Stonefish,68,sinker,410,0.1945,1,77.41,94.0,81.2,98.5,94.0,293,5,95.4,94.5,95.9,93.5,55.6
1067,93.66,1,Blue Discus,62,dart,425,0.1945,2,77.00,94.0,81.2,98.6,94.0,293,5,95.4,94.5,95.9,93.5,55.6
1068,64.14,1,Woodskip,53,mixed,345,0.1945,3,76.94,94.0,81.2,98.6,94.0,293,5,95.4,94.5,95.9,93.6,55.6
1069,113.48,1,Super Cucumber,83,sinker,453,0.1944,4,76.97,94.0,81.2,98.6,94.1,293,5,95.4,94.5,95.9,93.6,55.6
1070,91.23,1,Pike,59,dart,545,0.1944,5,77.00,94.0,81.2,98.6,94.1,293,5,95.4,94.5,95.9,93.6,55.6
1071,94.33,1,Tiger Trout,60,dart,408,0.1944,6,77.10,94.0,81.2,98.6,94.1,293,5,95.4,94.5,95.9,93.6,55.6
1072,114.14,1,Blobfish,74,floater,388,0.1944,7,77.61,94.0,81.2,98.6,94.1,293,5,95.4,94.5,95.9,93.6,55.9
1073,103.39,1,Tuna,66,smooth,320,0.1944,8,77.83,94.0,81.2,98.6,94.1,293,5,95.4,94.5,95.9,93.6,55.9
1074,97.34,1,Blue Discus,64,dart,420,0.1944,9,78.24,94.0,81.2,98.6,94.1,293,5,95.4,94.6,95.9,93.6,55.9
1075,87.95,1,Blue Discus,60,dart,345,0.1944,10,79.18,95.0,81.2,98.6,94.1,293,5,95.4,94.6,95.9,93.6,55.9
1076,-6.68,0,White Algae,4,floater,167,0.1944,0,78.66,94.0,81.1,98.6,94.1,293,5,95.4,94.6,95.9,93.6,55.6
1077,71.31,1,Ghostfish,45,mixed,330,0.1944,1,77.66,94.0,81.1,98.6,94.1,293,5,95.4,94.6,95.9,93.6,55.6
1078,69.78,1,Red Snapper,41,mixed,328,0.1943,2,77.57,94.0,81.1,98.6,94.1,293,5,95.4,94.6,95.9,93.6,55.6
1079,141.02,1,Pufferfish,73,floater,650,0.1943,3,78.20,94.0,81.1,98.6,94.2,293,5,95.4,94.6,95.9,93.6,55.8
1080,-6.60,0,Seaweed,4,floater,167,0.1943,0,77.15,93.0,80.9,98.6,94.2,293,5,95.4,94.6,95.9,93.6,55.5
1081,111.00,1,Ms. Angler,78,smooth,325,0.1943,1,78.31,94.0,80.9,98.6,94.2,293,5,95.4,94.6,95.9,93.6,55.5
1082,90.21,1,Spook Fish,60,dart,318,0.1943,2,78.45,94.0,80.9,98.6,94.2,293,5,95.4,94.6,95.9,93.6,55.5
1083,78.18,1,Largemouth Bass,54,mixed,325,0.1943,3,78.46,94.0,80.9,98.6,94.2,293,5,95.4,94.6,95.9,93.7,55.5
1084,117.80,1,Blobfish,76,floater,435,0.1943,4,79.49,94.0,80.9,98.6,94.3,293,5,95.4,94.6,95.9,93.7,55.7
1085,86.32,1,Blue Discus,63,dart,318,0.1943,5,80.11,94.0,80.9,98.6,94.3,293,5,95.4,94.6,95.9,93.7,55.7
1086,101.36,1,Tuna,69,smooth,330,0.1943,6,80.28,94.0,80.9,98.6,94.3,293,5,95.4,94.6,95.9,93.7,55.7
1087,69.67,1,Ghostfish,45,mixed,323,0.1943,7,80.47,94.0,80.9,98.6,94.3,293,5,95.4,94.6,95.9,93.7,55.7
1088,-6.60,0,Green Algae,4,floater,167,0.1942,0,80.05,93.0,80.8,98.6,94.3,293,5,95.4,94.6,95.9,93.7,55.4
1089,47.53,1,Anchovy,30,dart,445,0.1942,1,80.26,93.0,80.8,98.6,94.3,293,5,95.4,94.7,95.9,93.7,55.4
1090,98.08,1,Stingray,74,sinker,318,0.1942,2,80.53,93.0,80.8,98.6,94.3,293,5,95.4,94.7,95.9,93.7,55.4
1091,56.31,1,Rainbow Trout,41,mixed,340,0.1942,3,80.24,93.0,80.8,98.6,94.3,293,5,95.4,94.7,95.9,93.7,55.4
1092,79.52,1,Tiger Trout,55,dart,320,0.1942,4,80.46,93.0,80.8,98.6,94.3,293,5,95.4,94.7,95.9,93.7,55.4
1093,89.22,1,Red Mullet,54,smooth,350,0.1942,5,80.11,93.0,80.8,98.6,94.3,293,5,95.4,94.7,95.9,93.7,55.4
1094,205.88,0,Scorpion Carp,88,dart,2000,0.1942,0,81.71,93.0,80.8,98.6,93.5,293,5,95.4,94.3,95.9,93.7,55.4
1095,42.83,1,Sardine,32,dart,320,0.1942,1,81.67,93.0,80.9,98.6,93.5,293,5,95.4,94.3,95.9,93.7,55.4
1096,197.04,0,Scorpion Carp,81,dart,2000,0.1942,0,82.05,93.0,80.9,98.6,92.8,293,5,95.4,93.9,95.9,93.7,55.4
1097,210.91,0,Ice Pip,80,dart,2000,0.1941,0,83.56,93.0,80.9,98.6,92.1,293,5,95.4,93.5,95.9,93.7,55.4
1098,60.55,1,Bream,36,smooth,330,0.1941,1,83.47,93.0,80.9,98.6,92.1,293,5,95.4,93.5,95.9,93.7,55.4
1099,93.67,1,Albacore,63,mixed,350,0.1941,2,83.66,93.0,80.9,98.6,92.1,293,5,95.4,93.5,95.9,93.8,55.4
1100,49.59,1,Sunfish,30,mixed,368,0.1941,3,83.12,93.0,80.9,98.6,92.1,293,5,95.4,93.5,95.9,93.8,55.4
1101,24.34,1,Carp,15,mixed,398,0.1941,4,82.64,93.0,81.0,98.6,92.1,293,5,95.4,93.5,95.9,93.8,55.4
1102,74.97,1,Halibut,45,sinker,320,0.1941,5,82.94,93.0,81.0,98.6,92.1,293,5,95.4,93.5,95.9,93.8,55.4
1103,120.22,1,Angler,78,smooth,415,0.1941,6,83.36,93.0,81.0,98.6,92.1,293,5,95.4,93.5,96.0,93.8,55.4
1104,73.80,1,Rainbow Trout,46,mixed,330,0.1941,7,83.82,93.0,81.0,98.6,92.1,293,5,95.4,93.5,96.0,93.8,55.4
1105,46.45,1,Sea Cucumber,37,sinker,363,0.1941,8,83.46,93.0,81.0,98.6,92.1,293,5,95.4,93.5,96.0,93.8,55.4
1106,53.49,1,Sunfish,32,mixed,320,0.1941,9,83.63,93.0,81.0,98.6,92.1,293,5,95.4,93.5,96.0,93.9,55.4
1107,97.71,1,Goby,58,dart,565,0.1940,10,84.04,93.0,81.0,98.6,92.1,293,5,95.4,93.5,96.0,93.9,55.4
1108,136.36,1,Ms. Angler,89,smooth,450,0.1940,11,84.27,93.0,81.0,98.6,92.2,293,5,95.4,93.5,96.0,93.9,55.4
1109,66.14,1,Shad,41,smooth,328,0.1940,12,84.39,93.0,81.0,98.6,92.2,293,5,95.4,93.5,96.0,93.9,55.4
1110,74.26,1,Midnight Carp,55,mixed,370,0.1940,13,84.62,93.0,81.0,98.6,92.2,293,5,95.4,93.5,96.0,93.9,55.4
1111,103.47,1,Dorado,70,mixed,320,0.1940,14,85.13,93.0,81.0,98.6,92.2,293,5,95.4,93.5,96.0,93.9,55.4
1112,44.91,1,Anchovy,27,dart,448,0.1940,15,85.64,94.0,81.0,98.6,92.2,293,5,95.4,93.5,96.0,93.9,55.4
1113,67.89,1,Bullhead,48,smooth,325,0.1940,16,85.59,94.0,81.0,98.6,92.2,293,5,95.4,93.5,96.0,93.9,55.4
1114,88.36,1,Blue Discus,63,dart,323,0.1940,17,84.63,94.0,81.0,98.6,92.2,293,5,95.4,93.6,96.0,93.9,55.4
1115,61.69,1,Walleye,42,smooth,323,0.1940,18,84.31,94.0,81.0,98.7,92.2,293,5,95.4,93.6,96.0,93.9,55.4
1116,40.87,1,Herring,25,dart,425,0.1939,19,84.03,94.0,81.1,98.7,92.2,293,5,95.4,93.6,96.0,93.9,55.4
1117,40.74,1,Herring,24,dart,348,0.1939,20,84.50,95.0,81.1,98.7,92.2,293,5,95.4,93.6,96.0,93.9,55.4
1118,49.49,1,Chub,33,dart,330,0.1939,21,84.64,95.0,81.1,98.7,92.2,293,5,95.4,93.6,96.0,93.9,55.4
1119,70.90,1,Slimejack,50,dart,415,0.1939,22,84.55,95.0,81.1,98.7,92.2,293,5,95.4,93.7,96.0,93.9,55.4
1120,81.21,1,Midnight Carp,55,mixed,320,0.1939,23,83.20,95.0,81.1,98.7,92.2,293,5,95.4,93.7,96.0,93.9,55.4
1121,47.40,1,Bream,38,smooth,320,0.1939,24,82.94,95.0,81.2,98.7,92.2,293,5,95.4,93.7,96.1,93.9,55.4
1122,174.41,0,Mutant Carp,84,dart,2000,0.1939,0,83.70,95.0,81.2,98.7,91.5,293,5,95.4,93.3,96.1,93.9,55.4
1123,49.09,1,Sea Cucumber,38,sinker,523,0.1939,1,83.64,95.0,81.2,98.7,91.5,293,5,95.5,93.3,96.1,93.9,55.4
1124,38.85,1,Sardine,27,dart,328,0.1939,2,83.18,95.0,81.2,98.7,91.5,293,5,95.5,93.3,96.1,93.9,55.4
1125,47.50,1,Smallmouth Bass,27,mixed,325,0.1939,3,82.89,95.0,81.3,98.7,91.5,293,5,95.5,93.3,96.1,94.0,55.4
1126,103.69,1,Mutant Carp,76,dart,395,0.1938,4,82.91,95.0,81.3,98.7,91.5,293,5,95.5,93.3,96.1,94.0,55.4
1127,121.30,1,Sandfish,69,mixed,580,0.1938,5,82.93,95.0,81.3,98.7,91.5,293,5,95.5,93.3,96.1,94.0,55.4
1128,54.74,1,Perch,37,dart,318,0.1938,6,82.67,95.0,81.3,98.7,91.5,293,5,95.5,93.4,96.1,94.0,55.4
1129,56.48,1,Sea Cucumber,43,sinker,513,0.1938,7,82.43,95.0,81.3,98.7,91.5,293,5,95.5,93.4,96.1,94.0,55.4
1130,74.16,1,Tilapia,45,mixed,350,0.1938,8,82.38,95.0,81.3,98.7,91.5,293,5,95.5,93.4,96.1,94.0,55.4
1131,44.70,1,Bream,33,smooth,325,0.1938,9,81.57,95.0,81.3,98.7,91.5,293,5,95.5,93.4,96.1,94.0,55.4
1132,44.56,1,Bream,32,smooth,340,0.1938,10,81.25,95.0,81.4,98.7,91.5,293,5,95.5,93.4,96.1,94.0,55.4
1133,80.63,1,Midnight Squid,57,sinker,393,0.1938,11,81.51,95.0,81.4,98.7,91.5,293,5,95.5,93.4,96.1,94.0,55.4
1134,63.13,1,Bream,38,smooth,323,0.1938,12,80.61,95.0,81.4,98.7,91.5,293,5,95.5,93.4,96.1,94.0,55.4
1135,28.46,1,Carp,15,mixed,385,0.1937,13,80.96,96.0,81.4,98.7,91.5,293,5,95.5,93.4,96.1,94.0,55.4
1136,-6.68,0,Seaweed,4,floater,167,0.1937,0,80.10,95.0,81.3,98.7,91.5,293,5,95.5,93.4,96.1,94.0,55.1
1137,74.39,1,Goby,50,dart,320,0.1937,1,79.94,95.0,81.3,98.7,91.5,293,5,95.5,93.4,96.1,94.0,55.1
1138,134.64,1,Radioactive Carp,80,dart,633,0.1937,2,80.14,95.0,81.3,98.7,91.6,293,5,95.5,93.4,96.1,94.0,55.1
1139,126.35,1,Pufferfish,86,floater,410,0.1937,3,79.95,95.0,81.3,98.7,91.7,293,5,95.5,93.4,96.1,94.0,55.4
1140,122.86,1,Blobfish,78,floater,520,0.1937,4,80.61,95.0,81.3,98.7,91.7,293,5,95.5,93.4,96.1,94.0,55.6
1141,69.60,1,Largemouth Bass,51,mixed,325,0.1937,5,80.65,95.0,81.3,98.7,91.7,293,5,95.5,93.4,96.1,94.1,55.6
1142,52.00,1,Red Snapper,37,mixed,338,0.1937,6,80.25,95.0,81.3,98.7,91.7,293,5,95.5,93.4,96.1,94.1,55.6
1143,86.71,1,Blue Discus,59,dart,303,0.1937,7,80.29,95.0,81.3,98.7,91.7,293,5,95.5,93.4,96.1,94.1,55.6
1144,49.91,1,Chub,32,dart,403,0.1936,8,80.03,95.0,81.3,98.7,91.7,293,5,95.5,93.5,96.1,94.1,55.6
1145,83.76,1,Albacore,60,mixed,400,0.1936,9,79.91,95.0,81.3,98.7,91.7,293,5,95.5,93.5,96.1,94.1,55.6
1146,44.46,1,Smallmouth Bass,26,mixed,550,0.1936,10,79.42,95.0,81.4,98.7,91.7,293,5,95.5,93.5,96.1,94.1,55.6
1147,55.12,1,Bream,37,smooth,365,0.1936,11,79.13,95.0,81.4,98.7,91.7,293,5,95.5,93.5,96.1,94.1,55.6
1148,75.03,1,Ghostfish,53,mixed,358,0.1936,12,78.87,95.0,81.4,98.7,91.7,293,5,95.5,93.5,96.1,94.2,55.6
1149,88.41,1,Slimejack,55,dart,443,0.1936,13,78.72,95.0,81.4,98.7,91.7,293,5,95.5,93.5,96.1,94.2,55.6
1150,69.22,1,Rainbow Trout,41,mixed,328,0.1936,14,78.76,95.0,81.4,98.7,91.7,293,5,95.5,93.5,96.1,94.2,55.6
1151,52.56,1,Red Snapper,40,mixed,340,0.1936,15,78.77,95.0,81.4,98.7,91.7,293,5,95.5,93.5,96.1,94.2,55.6
1152,143.16,1,Lingcod,84,mixed,628,0.1936,16,78.88,95.0,81.4,98.7,91.8,293,5,95.5,93.5,96.1,94.2,55.6
1153,67.47,1,Woodskip,51,mixed,343,0.1935,17,79.00,95.0,81.4,98.7,91.8,293,5,95.5,93.5,96.1,94.3,55.6
1154,-25.54,0,Pufferfish,85,floater,362,0.1935,0,78.51,94.0,81.4,98.7,91.1,293,5,95.5,93.5,96.1,94.3,55.3
1155,-6.81,0,White Algae,4,floater,167,0.1935,0,77.34,93.0,81.3,98.7,91.1,293,5,95.5,93.5,96.1,94.3,55.0
1156,81.41,1,Tiger Trout,57,dart,318,0.1935,1,76.80,93.0,81.3,98.7,91.1,293,5,95.5,93.5,96.1,94.3,55.0
1157,59.85,1,Shad,41,smooth,328,0.1935,2,76.95,93.0,81.3,98.7,91.1,293,5,95.5,93.5,96.1,94.3,55.0
1158,136.34,1,Glacierfish,100,mixed,420,0.1935,3,77.76,93.0,81.3,98.7,91.2,293,5,95.5,93.5,96.1,94.3,55.0
1159,95.80,1,Stonefish,65,sinker,370,0.1935,4,77.53,93.0,81.3,98.7,91.2,293,5,95.5,93.5,96.1,94.3,55.0
1160,46.07,1,Sardine,29,dart,323,0.1935,5,77.18,93.0,81.3,98.7,91.2,293,5,95.5,93.5,96.1,94.3,55.0
1161,83.18,1,Lionfish,54,smooth,315,0.1935,6,77.28,93.0,81.3,98.7,91.2,293,5,95.5,93.5,96.2,94.3,55.0
1162,71.75,1,Halibut,46,sinker,415,0.1934,7,76.39,93.0,81.3,98.7,91.2,293,5,95.5,93.5,96.2,94.3,55.0
1163,114.57,1,Squid,79,sinker,363,0.1934,8,76.78,93.0,81.3,98.7,91.2,293,5,95.5,93.5,96.2,94.3,55.0
1164,51.00,1,Bream,36,smooth,323,0.1934,9,76.44,93.0,81.4,98.7,91.2,293,5,95.5,93.5,96.2,94.3,55.0
1165,55.56,1,Sea Cucumber,41,sinker,430,0.1934,10,77.04,94.0,81.4,98.7,91.2,293,5,95.6,93.5,96.2,94.3,55.0
1166,103.36,1,Sandfish,65,mixed,425,0.1934,11,77.09,94.0,81.4,98.7,91.2,293,5,95.6,93.5,96.2,94.3,55.0
1167,54.37,1,Chub,35,dart,350,0.1934,12,76.70,94.0,81.4,98.7,91.2,293,5,95.6,93.6,96.2,94.3,55.0
1168,26.11,1,Carp,14,mixed,318,0.1934,13,76.32,94.0,81.4,98.7,91.2,293,5,95.6,93.6,96.2,94.3,55.0
1169,65.22,1,Rainbow Trout,44,mixed,320,0.1934,14,75.84,94.0,81.4,98.7,91.2,293,5,95.6,93.6,96.2,94.4,55.0
1170,83.68,1,Midnight Squid,55,sinker,320,0.1934,15,75.76,94.0,81.4,98.7,91.2,293,5,95.6,93.6,96.2,94.4,55.0
1171,51.20,1,Sea Cucumber,38,sinker,348,0.1933,16,75.33,94.0,81.4,98.7,91.2,293,5,95.6,93.6,96.2,94.4,55.0
1172,129.76,1,Crimsonfish,91,mixed,428,0.1933,17,75.49,94.0,81.4,98.7,91.3,293,5,95.6,93.6,96.2,94.4,55.0
1173,49.13,1,Smallmouth Bass,26,mixed,403,0.1933,18,74.95,94.0,81.5,98.7,91.3,293,5,95.6,93.6,96.2,94.4,55.0
1174,62.28,1,Shad,42,smooth,325,0.1933,19,74.60,94.0,81.5,98.7,91.3,293,5,95.6,93.6,96.2,94.4,55.0
1175,84.78,1,Pike,54,dart,373,0.1933,20,74.56,94.0,81.5,98.7,91.3,293,5,95.6,93.6,96.2,94.4,55.0
1176,44.97,1,Smallmouth Bass,27,mixed,358,0.1933,21,75.08,95.0,81.5,98.7,91.3,293,5,95.6,93.6,96.2,94.4,55.0
1177,142.76,1,Ms. Angler,87,smooth,553,0.1933,22,75.79,95.0,81.5,98.7,91.4,293,5,95.6,93.6,96.2,94.4,55.0
1178,104.98,1,Tuna,70,smooth,363,0.1933,23,76.15,95.0,81.5,98.7,91.4,293,5,95.6,93.6,96.2,94.4,55.0
1179,120.80,1,Angler,83,smooth,313,0.1933,24,75.94,95.0,81.5,98.7,91.4,293,5,95.6,93.6,96.2,94.4,55.0
1180,37.00,1,Smallmouth Bass,28,mixed,465,0.1932,25,76.38,96.0,81.5,98.7,91.4,293,5,95.6,93.6,96.2,94.4,55.0
1181,108.32,1,Stonefish,63,sinker,575,0.1932,26,76.35,96.0,81.5,98.7,91.4,293,5,95.6,93.6,96.2,94.4,55.0
1182,48.75,1,Chub,33,dart,318,0.1932,27,75.94,96.0,81.6,98.7,91.4,293,5,95.6,93.6,96.2,94.4,55.0
1183,69.99,0,Scorpion Carp,87,dart,1195,0.1932,0,75.86,96.0,81.6,98.7,90.8,293,5,95.6,93.3,96.2,94.4,55.0
1184,-6.79,0,White Algae,4,floater,167,0.1932,0,74.61,95.0,81.4,98.7,90.8,293,5,95.6,93.3,96.2,94.4,54.7
1185,84.42,1,Spook Fish,59,dart,325,0.1932,1,74.59,95.0,81.4,98.7,90.8,293,5,95.6,93.3,96.2,94.4,54.7
1186,122.53,1,Angler,91,smooth,313,0.1932,2,74.80,95.0,81.4,98.7,90.8,293,5,95.6,93.3,96.2,94.4,54.7
1187,90.99,1,Stonefish,61,sinker,403,0.1932,3,75.02,95.0,81.4,98.8,90.8,293,5,95.6,93.3,96.2,94.4,54.7
1188,30.50,1,Carp,16,mixed,355,0.1932,4,75.39,96.0,81.5,98.8,90.8,293,5,95.6,93.3,96.2,94.5,54.7
1189,97.85,1,Albacore,63,mixed,320,0.1931,5,75.89,96.0,81.5,98.8,90.8,293,5,95.6,93.3,96.2,94.5,54.7
1190,77.74,1,Halibut,52,sinker,323,0.1931,6,75.69,96.0,81.5,98.8,90.8,293,5,95.7,93.3,96.2,94.5,54.7
1191,66.55,1,Salmon,45,mixed,325,0.1931,7,75.79,96.0,81.5,98.8,90.8,293,5,95.7,93.3,96.2,94.5,54.7
1192,211.40,1,Ice Pip,89,dart,1428,0.1931,8,77.11,96.0,81.5,98.8,90.9,293,5,95.7,93.3,96.2,94.5,54.7
1193,58.80,1,Bream,34,smooth,328,0.1931,9,76.81,96.0,81.5,98.8,90.9,293,5,95.7,93.3,96.3,94.5,54.7
1194,43.66,1,Smallmouth Bass,27,mixed,340,0.1931,10,75.18,96.0,81.5,98.8,90.9,293,5,95.7,93.3,96.3,94.5,54.7
1195,94.60,1,Slimejack,58,dart,478,0.1931,11,75.70,96.0,81.5,98.8,90.9,293,5,95.7,93.3,96.3,94.5,54.7
1196,140.23,1,Super Cucumber,86,sinker,470,0.1931,12,75.13,96.0,81.5,98.8,91.0,293,5,95.7,93.3,96.3,94.5,54.7
1197,90.69,1,Red Mullet,57,smooth,323,0.1930,13,73.93,96.0,81.5,98.8,91.0,293,5,95.7,93.3,96.3,94.5,54.7
1198,115.67,1,Catfish,68,mixed,565,0.1930,14,74.48,96.0,81.5,98.8,91.0,293,5,95.7,93.3,96.3,94.6,54.7
1199,61.74,1,Red Snapper,38,mixed,403,0.1930,15,74.16,96.0,81.6,98.8,91.0,293,5,95.7,93.3,96.3,94.6,54.7
1200,52.57,1,Bream,35,smooth,330,0.1930,16,74.19,96.0,81.6,98.8,91.0,293,5,95.7,93.3,96.3,94.6,54.7
1201,79.21,1,Goby,53,dart,328,0.1930,17,74.74,96.0,81.6,98.8,91.0,293,5,95.7,93.4,96.3,94.6,54.7
1202,26.56,1,Carp,13,mixed,325,0.1930,18,74.26,96.0,81.6,98.8,91.0,293,5,95.7,93.4,96.3,94.6,54.7
1203,-7.00,0,Seaweed,5,floater,167,0.1930,0,72.98,95.0,81.5,98.8,91.0,293,5,95.7,93.4,96.3,94.6,54.5
1204,97.00,1,Albacore,63,mixed,353,0.1930,1,73.22,95.0,81.5,98.8,91.0,293,5,95.7,93.4,96.3,94.6,54.5
1205,44.08,1,Herring,27,dart,410,0.1930,2,73.19,95.0,81.5,98.8,91.0,293,5,95.7,93.4,96.3,94.6,54.5
1206,109.25,1,Stingray,86,sinker,305,0.1929,3,73.75,95.0,81.5,98.8,91.0,293,5,95.7,93.4,96.3,94.6,54.5
1207,-6.73,0,Seaweed,4,floater,167,0.1929,0,72.71,94.0,81.4,98.8,91.0,293,5,95.7,93.4,96.3,94.6,54.2
1208,60.14,1,Sea Cucumber,39,sinker,330,0.1929,1,71.94,94.0,81.4,98.8,91.0,293,5,95.7,93.4,96.3,94.6,54.2
1209,78.90,1,Goby,58,dart,325,0.1929,2,72.07,94.0,81.4,98.8,91.0,293,5,95.7,93.4,96.3,94.6,54.2
1210,48.19,1,Sunfish,32,mixed,325,0.1929,3,71.81,94.0,81.4,98.8,91.0,293,5,95.7,93.4,96.3,94.6,54.2
1211,50.22,1,Bream,32,smooth,378,0.1929,4,71.28,94.0,81.5,98.8,91.0,293,5,95.7,93.4,96.3,94.6,54.2
1212,75.05,1,Flounder,48,sinker,413,0.1929,5,71.58,94.0,81.5,98.8,91.0,293,5,95.7,93.4,96.3,94.6,54.2
1213,51.95,1,Sea Cucumber,36,sinker,325,0.1929,6,71.42,94.0,81.5,98.8,91.0,293,5,95.7,93.4,96.3,94.6,54.2
1214,44.65,1,Sunfish,31,mixed,380,0.1929,7,70.98,94.0,81.5,98.8,91.0,293,5,95.7,93.4,96.3,94.7,54.2
1215,132.61,1,Radioactive Carp,76,dart,640,0.1928,8,71.69,94.0,81.5,98.8,91.1,293,5,95.7,93.4,96.3,94.7,54.2
1216,120.61,1,Lava Eel,81,mixed,318,0.1928,9,72.49,94.0,81.5,98.8,91.2,293,5,95.7,93.4,96.3,94.7,54.2
1217,44.01,1,Sardine,27,dart,328,0.1928,10,72.52,94.0,81.6,98.8,91.2,293,5,95.7,93.5,96.3,94.7,54.2
1218,97.74,1,Stonefish,70,sinker,380,0.1928,11,73.00,94.0,81.6,98.8,91.2,293,5,95.8,93.5,96.3,94.7,54.2
1219,30.99,1,Carp,16,mixed,328,0.1928,12,72.61,94.0,81.6,98.8,91.2,293,5,95.8,93.5,96.3,94.7,54.2
1220,53.98,1,Perch,33,dart,453,0.1928,13,72.33,94.0,81.6,98.8,91.2,293,5,95.8,93.5,96.3,94.7,54.2
1221,62.70,1,Sea Cucumber,41,sinker,328,0.1928,14,72.49,94.0,81.6,98.8,91.2,293,5,95.8,93.5,96.3,94.7,54.2
1222,120.03,1,Sandfish,69,mixed,470,0.1928,15,71.94,94.0,81.6,98.8,91.2,293,5,95.8,93.5,96.3,94.7,54.2
1223,25.44,1,Carp,13,mixed,350,0.1927,16,71.71,94.0,81.6,98.8,91.2,293,5,95.8,93.5,96.3,94.7,54.2
1224,82.95,1,Blue Discus,54,dart,373,0.1927,17,72.15,94.0,81.6,98.8,91.2,293,5,95.8,93.5,96.3,94.7,54.2
1225,51.12,1,Perch,35,dart,338,0.1927,18,72.18,94.0,81.7,98.8,91.2,293,5,95.8,93.5,96.3,94.7,54.2
1226,107.74,1,Pufferfish,80,floater,425,0.1927,19,72.22,94.0,81.7,98.8,91.2,293,5,95.8,93.5,96.3,94.7,54.4
1227,87.43,1,Albacore,54,mixed,320,0.1927,20,71.88,94.0,81.7,98.8,91.2,293,5,95.8,93.5,96.3,94.8,54.4
1228,102.35,1,Tuna,70,smooth,313,0.1927,21,72.36,94.0,81.7,98.8,91.2,293,5,95.8,93.5,96.3,94.8,54.4
1229,106.47,1,Stonefish,67,sinker,403,0.1927,22,72.86,94.0,81.7,98.8,91.2,293,5,95.8,93.5,96.3,94.8,54.4
1230,58.21,1,Sea Cucumber,39,sinker,323,0.1927,23,72.70,94.0,81.7,98.8,91.2,293,5,95.8,93.5,96.3,94.8,54.4
1231,80.18,1,Red Mullet,51,smooth,323,0.1927,24,73.06,94.0,81.7,98.8,91.2,293,5,95.8,93.5,96.3,94.8,54.4
1232,55.28,1,Bream,36,smooth,323,0.1926,25,73.16,94.0,81.7,98.8,91.2,293,5,95.8,93.5,96.4,94.8,54.4
1233,66.25,1,Sea Cucumber,41,sinker,383,0.1926,26,73.02,94.0,81.7,98.8,91.2,293,5,95.8,93.5,96.4,94.8,54.4
1234,56.90,1,Red Snapper,38,mixed,320,0.1926,27,72.96,94.0,81.7,98.8,91.2,293,5,95.8,93.5,96.4,94.8,54.4
1235,108.54,1,Void Salmon,73,mixed,330,0.1926,28,73.76,94.0,81.7,98.8,91.3,293,5,95.8,93.5,96.4,94.8,54.4
1236,85.91,1,Slimejack,56,dart,353,0.1926,29,74.68,95.0,81.7,98.8,91.3,293,5,95.8,93.6,96.4,94.8,54.4
1237,50.55,1,Bream,38,smooth,335,0.1926,30,74.45,95.0,81.8,98.8,91.3,293,5,95.8,93.6,96.4,94.8,54.4
1238,62.24,1,Shad,43,smooth,323,0.1926,31,73.72,95.0,81.8,98.8,91.3,293,5,95.8,93.6,96.4,94.8,54.4
1239,71.38,1,Flounder,45,sinker,440,0.1926,32,73.17,95.0,81.8,98.8,91.3,293,5,95.8,93.6,96.4,94.8,54.4
1240,223.97,0,Ice Pip,91,dart,2000,0.1925,0,74.18,95.0,81.8,98.8,90.7,293,5,95.8,93.2,96.4,94.8,54.4
1241,-6.74,0,White Algae,4,floater,167,0.1925,0,73.42,94.0,81.7,98.8,90.7,293,5,95.8,93.2,96.4,94.8,54.1
1242,73.33,1,Midnight Squid,51,sinker,323,0.1925,1,73.63,94.0,81.7,98.8,90.7,293,5,95.8,93.2,96.4,94.8,54.1
1243,79.35,1,Midnight Squid,58,sinker,318,0.1925,2,73.56,94.0,81.7,98.8,90.7,293,5,95.9,93.2,96.4,94.8,54.1
1244,75.79,1,Halibut,48,sinker,348,0.1925,3,73.82,94.0,81.7,98.8,90.7,293,5,95.9,93.2,96.4,94.8,54.1
1245,70.16,1,Bullhead,45,smooth,380,0.1925,4,73.68,94.0,81.7,98.8,90.7,293,5,95.9,93.2,96.4,94.8,54.1
1246,79.76,1,Halibut,54,sinker,318,0.1925,5,74.04,94.0,81.7,98.8,90.7,293,5,95.9,93.2,96.4,94.8,54.1
1247,145.36,1,Glacierfish Jr.,96,mixed,498,0.1925,6,74.94,94.0,81.7,98.8,90.7,293,5,95.9,93.2,96.4,94.8,54.1
1248,156.26,1,Crimsonfish,98,mixed,458,0.1924,7,75.75,94.0,81.7,98.8,90.8,293,5,95.9,93.2,96.4,94.8,54.1
1249,68.21,1,Walleye,45,smooth,350,0.1924,8,75.55,94.0,81.7,98.8,90.8,293,5,95.9,93.2,96.4,94.8,54.1
1250,-6.81,0,Green Algae,4,floater,167,0.1924,0,74.79,93.0,81.5,98.8,90.8,293,5,95.9,93.2,96.4,94.8,53.8
1251,53.07,1,Bream,37,smooth,323,0.1924,1,74.79,93.0,81.6,98.8,90.8,293,5,95.9,93.2,96.4,94.8,53.8
1252,45.93,1,Smallmouth Bass,26,mixed,328,0.1924,2,73.82,93.0,81.6,98.8,90.8,293,5,95.9,93.2,96.4,94.9,53.8
1253,58.90,1,Bream,37,smooth,350,0.1924,3,73.73,93.0,81.6,98.8,90.8,293,5,95.9,93.2,96.4,94.9,53.8
1254,-12.71,0,Radioactive Carp,84,dart,470,0.1924,0,73.86,93.0,81.6,98.8,90.2,293,5,95.9,92.9,96.4,94.9,53.8
1255,108.51,1,Tuna,71,smooth,355,0.1924,1,75.02,94.0,81.6,98.8,90.3,293,5,95.9,92.9,96.5,94.9,53.8
1256,67.08,1,Sea Cucumber,42,sinker,330,0.1924,2,74.87,94.0,81.6,98.8,90.3,293,5,95.9,92.9,96.5,94.9,53.8
1257,60.04,1,Sea Cucumber,37,sinker,333,0.1923,3,74.87,94.0,81.6,98.8,90.3,293,5,95.9,92.9,96.5,94.9,53.8
1258,158.45,1,Ice Pip,82,dart,940,0.1923,4,75.10,94.0,81.6,98.8,90.3,293,5,95.9,92.9,96.5,94.9,53.8
1259,41.51,1,Smallmouth Bass,27,mixed,333,0.1923,5,74.55,94.0,81.7,98.8,90.3,293,5,95.9,92.9,96.5,94.9,53.8
1260,72.08,1,Halibut,47,sinker,318,0.1923,6,74.81,94.0,81.7,98.8,90.3,293,5,95.9,92.9,96.5,94.9,53.8
1261,101.36,1,Tuna,64,smooth,318,0.1923,7,74.99,94.0,81.7,98.8,90.3,293,5,95.9,92.9,96.5,94.9,53.8
1262,178.57,0,Radioactive Carp,86,dart,2000,0.1923,0,76.06,94.0,81.7,98.8,89.7,293,5,95.9,92.5,96.5,94.9,53.8
1263,52.18,1,Sea Cucumber,39,sinker,325,0.1923,1,75.44,94.0,81.7,98.8,89.7,293,5,96.0,92.5,96.5,94.9,53.8
1264,64.33,1,Bream,37,smooth,335,0.1923,2,75.57,94.0,81.7,98.8,89.7,293,5,96.0,92.5,96.5,94.9,53.8
1265,106.72,1,Tiger Trout,64,dart,495,0.1922,3,76.08,94.0,81.7,98.8,89.7,293,5,96.0,92.6,96.5,94.9,53.8
1266,-7.15,0,White Algae,5,floater,167,0.1922,0,74.98,93.0,81.6,98.8,89.7,293,5,96.0,92.6,96.5,94.9,53.6
1267,82.32,1,Walleye,49,smooth,328,0.1922,1,75.26,93.0,81.6,98.8,89.7,293,5,96.0,92.6,96.5,94.9,53.6
1268,102.13,1,Spook Fish,63,dart,545,0.1922,2,76.02,93.0,81.6,98.8,89.7,293,5,96.0,92.6,96.5,94.9,53.6
1269,70.97,1,Halibut,51,sinker,318,0.1922,3,76.08,93.0,81.6,98.9,89.7,293,5,96.0,92.6,96.5,94.9,53.6
1270,52.44,1,Sea Cucumber,36,sinker,480,0.1922,4,75.76,93.0,81.6,98.9,89.7,293,5,96.0,92.6,96.5,94.9,53.6
1271,161.21,1,Radioactive Carp,81,dart,905,0.1922,5,76.86,93.0,81.6,98.9,89.8,293,5,96.0,92.6,96.5,94.9,53.6
1272,64.89,1,Sea Cucumber,40,sinker,403,0.1922,6,76.21,93.0,81.7,98.9,89.8,293,5,96.0,92.6,96.5,94.9,53.6
1273,80.07,1,Midnight Carp,51,mixed,533,0.1921,7,76.52,93.0,81.7,98.9,89.8,293,5,96.0,92.6,96.5,94.9,53.6
1274,71.78,1,Slimejack,51,dart,325,0.1921,8,76.62,93.0,81.7,98.9,89.8,293,5,96.0,92.6,96.5,94.9,53.6
1275,26.10,1,Carp,16,mixed,420,0.1921,9,76.03,93.0,81.7,98.9,89.8,293,5,96.0,92.6,96.5,94.9,53.6
1276,57.28,1,Bream,35,smooth,320,0.1921,10,76.16,93.0,81.7,98.9,89.8,293,5,96.0,92.6,96.5,94.9,53.6
1277,87.10,1,Stonefish,61,sinker,330,0.1921,11,75.60,93.0,81.7,98.9,89.8,293,5,96.0,92.6,96.5,94.9,53.6
1278,74.95,1,Shad,46,smooth,330,0.1921,12,75.30,93.0,81.7,98.9,89.8,293,5,96.0,92.6,96.5,94.9,53.6
1279,93.18,1,Albacore,61,mixed,340,0.1921,13,75.02,93.0,81.7,98.9,89.8,293,5,96.0,92.6,96.5,94.9,53.6
1280,164.29,1,Octopus,98,sinker,473,0.1921,14,76.30,93.0,81.7,98.9,89.9,293,5,96.0,92.6,96.5,94.9,53.6
1281,82.53,1,Red Mullet,53,smooth,320,0.1921,15,76.04,93.0,81.7,98.9,89.9,293,5,96.0,92.6,96.5,94.9,53.6
1282,96.53,1,Sandfish,62,mixed,345,0.1920,16,76.52,93.0,81.7,98.9,89.9,293,5,96.0,92.6,96.5,94.9,53.6
1283,14.76,1,Seaweed,4,floater,448,0.1920,17,75.96,93.0,81.7,98.9,89.9,293,5,96.0,92.6,96.5,94.9,53.8
1284,205.11,1,Ice Pip,89,dart,1330,0.1920,18,78.08,94.0,81.7,98.9,89.9,293,5,96.0,92.7,96.5,94.9,53.8
1285,71.84,1,Shad,45,smooth,333,0.1920,19,77.96,94.0,81.7,98.9,89.9,293,5,96.0,92.7,96.6,94.9,53.8
1286,105.34,1,Eel,67,smooth,325,0.1920,20,77.78,94.0,81.7,98.9,89.9,293,5,96.0,92.7,96.6,94.9,53.8
1287,-1.32,0,Ice Pip,85,dart,622,0.1920,0,76.86,93.0,81.7,98.9,89.4,293,5,96.0,92.3,96.6,94.9,53.8
1288,78.89,1,Tilapia,52,mixed,323,0.1920,1,77.35,93.0,81.7,98.9,89.4,293,5,96.0,92.3,96.6,95.0,53.8
1289,181.45,1,Mutant Carp,85,dart,1065,0.1920,2,78.18,93.0,81.7,98.9,89.4,293,5,96.0,92.4,96.6,95.0,53.8
1290,14.21,1,Green Algae,4,floater,360,0.1919,3,77.55,93.0,81.8,98.9,89.4,293,5,96.0,92.4,96.6,95.0,54.0
1291,50.80,1,Sea Cucumber,38,sinker,340,0.1919,4,77.39,93.0,81.8,98.9,89.4,293,5,96.0,92.4,96.6,95.0,54.0
1292,92.55,1,Pike,60,dart,525,0.1919,5,76.20,93.0,81.8,98.9,89.4,293,5,96.0,92.4,96.6,95.0,54.0
1293,113.23,1,Dorado,73,mixed,513,0.1919,6,76.74,93.0,81.8,98.9,89.5,293,5,96.0,92.4,96.6,95.0,54.0
1294,45.17,1,Sunfish,29,mixed,323,0.1919,7,76.76,93.0,81.8,98.9,89.5,293,5,96.0,92.4,96.6,95.0,54.0
1295,100.10,1,Stonefish,64,sinker,318,0.1919,8,76.81,93.0,81.8,98.9,89.5,293,5,96.1,92.4,96.6,95.0,54.0
1296,14.84,1,Green Algae,4,floater,585,0.1919,9,75.56,93.0,81.8,98.9,89.5,293,5,96.1,92.4,96.6,95.0,54.3
1297,69.16,1,Rainbow Trout,47,mixed,360,0.1919,10,75.34,93.0,81.8,98.9,89.5,293,5,96.1,92.4,96.6,95.0,54.3
1298,29.39,1,Carp,16,mixed,340,0.1918,11,74.48,93.0,81.9,98.9,89.5,293,5,96.1,92.4,96.6,95.0,54.3
1299,102.71,1,Angler,77,smooth,315,0.1918,12,74.89,93.0,81.9,98.9,89.6,293,5,96.1,92.4,96.6,95.0,54.3
1300,77.57,1,Midnight Carp,50,mixed,328,0.1918,13,75.14,93.0,81.9,98.9,89.6,293,5,96.1,92.4,96.6,95.1,54.3
1301,14.81,1,White Algae,4,floater,583,0.1918,14,74.50,93.0,81.9,98.9,89.6,293,5,96.1,92.4,96.6,95.1,54.5
1302,81.59,1,Goby,60,dart,345,0.1918,15,75.05,93.0,81.9,98.9,89.6,293,5,96.1,92.4,96.6,95.1,54.5
1303,63.40,1,Shad,41,smooth,318,0.1918,16,75.75,94.0,81.9,98.9,89.6,293,5,96.1,92.4,96.6,95.1,54.5
1304,78.87,1,Ghostfish,53,mixed,318,0.1918,17,75.57,94.0,81.9,98.9,89.6,293,5,96.1,92.4,96.6,95.1,54.5
1305,141.52,1,Radioactive Carp,74,dart,780,0.1918,18,76.55,94.0,81.9,98.9,89.6,293,5,96.1,92.4,96.6,95.1,54.5
1306,77.04,1,Red Mullet,51,smooth,323,0.1917,19,76.22,94.0,81.9,98.9,89.6,293,5,96.1,92.4,96.6,95.1,54.5
1307,50.97,1,Perch,32,dart,323,0.1917,20,76.80,95.0,81.9,98.9,89.6,293,5,96.1,92.5,96.6,95.1,54.5
1308,57.45,1,Bream,36,smooth,325,0.1917,21,76.77,95.0,82.0,98.9,89.6,293,5,96.1,92.5,96.6,95.1,54.5
1309,90.83,1,Eel,75,smooth,318,0.1917,22,76.89,95.0,82.0,98.9,89.7,293,5,96.1,92.5,96.6,95.1,54.5
1310,46.03,1,Sardine,28,dart,363,0.1917,23,76.87,95.0,82.0,98.9,89.7,293,5,96.1,92.5,96.6,95.1,54.5
1311,45.90,1,Anchovy,28,dart,455,0.1917,24,76.83,95.0,82.0,98.9,89.7,293,5,96.1,92.5,96.6,95.1,54.5
1312,122.17,1,Pufferfish,77,floater,748,0.1917,25,77.30,95.0,82.0,98.9,89.8,293,5,96.1,92.5,96.6,95.1,54.7
1313,70.49,1,Woodskip,46,mixed,528,0.1917,26,77.48,95.0,82.0,98.9,89.8,293,5,96.1,92.5,96.6,95.1,54.7
1314,15.72,1,Seaweed,5,floater,468,0.1916,27,77.19,95.0,82.0,98.9,89.8,293,5,96.1,92.5,96.6,95.1,55.0
1315,26.62,1,Carp,16,mixed,460,0.1916,28,76.13,95.0,82.1,98.9,89.8,293,5,96.1,92.5,96.6,95.1,55.0
1316,82.64,1,Midnight Squid,55,sinker,325,0.1916,29,75.76,95.0,82.1,98.9,89.8,293,5,96.1,92.5,96.6,95.1,55.0
1317,38.75,1,Smallmouth Bass,28,mixed,500,0.1916,30,75.70,95.0,82.1,98.9,89.8,293,5,96.1,92.5,96.6,95.1,55.0
1318,59.93,1,Bullhead,42,smooth,613,0.1916,31,75.32,95.0,82.1,98.9,89.8,293,5,96.1,92.5,96.6,95.1,55.0
1319,72.42,1,Shad,42,smooth,648,0.1916,32,75.74,95.0,82.1,98.9,89.8,293,5,96.1,92.5,96.7,95.1,55.0
1320,69.54,1,Red Mullet,52,smooth,348,0.1916,33,75.89,95.0,82.1,98.9,89.8,293,5,96.1,92.5,96.7,95.1,55.0
1321,84.11,1,Ghostfish,54,mixed,325,0.1916,34,76.11,95.0,82.1,98.9,89.8,293,5,96.1,92.5,96.7,95.1,55.0
1322,44.35,1,Sardine,27,dart,320,0.1915,35,75.35,95.0,82.1,98.9,89.8,293,5,96.1,92.6,96.7,95.1,55.0
1323,116.01,1,Squid,70,sinker,445,0.1915,36,76.26,95.0,82.1,98.9,89.8,293,5,96.1,92.6,96.7,95.1,55.0
1324,42.37,1,Sunfish,27,mixed,320,0.1915,37,75.85,95.0,82.1,98.9,89.8,293,5,96.1,92.6,96.7,95.2,55.0
1325,87.19,1,Tiger Trout,65,dart,353,0.1915,38,76.21,95.0,82.1,98.9,89.8,293,5,96.1,92.6,96.7,95.2,55.0
1326,58.39,1,Sea Cucumber,38,sinker,325,0.1915,39,75.72,95.0,82.2,98.9,89.8,293,5,96.1,92.6,96.7,95.2,55.0
1327,100.45,1,Tiger Trout,65,dart,345,0.1915,40,75.85,95.0,82.2,98.9,89.8,293,5,96.1,92.6,96.7,95.2,55.0
1328,53.28,1,Bream,32,smooth,325,0.1915,41,75.36,95.0,82.2,98.9,89.8,293,5,96.1,92.6,96.7,95.2,55.0
1329,81.56,1,Bullhead,50,smooth,333,0.1915,42,75.11,95.0,82.2,98.9,89.8,293,5,96.1,92.6,96.7,95.2,55.0
1330,75.44,1,Midnight Squid,51,sinker,325,0.1914,43,75.28,95.0,82.2,98.9,89.8,293,5,96.1,92.6,96.7,95.2,55.0
1331,-30.69,0,Lava Eel,98,mixed,372,0.1914,0,74.17,94.0,82.2,98.9,89.2,293,5,96.1,92.6,96.7,94.8,55.0
1332,67.49,1,Salmon,50,mixed,418,0.1914,1,74.30,94.0,82.2,98.9,89.2,293,5,96.1,92.6,96.7,94.8,55.0
1333,52.41,1,Bream,31,smooth,400,0.1914,2,74.16,94.0,82.2,98.9,89.2,293,5,96.1,92.6,96.7,94.8,55.0
1334,71.95,1,Largemouth Bass,49,mixed,340,0.1914,3,74.31,94.0,82.2,98.9,89.2,293,5,96.1,92.6,96.7,94.9,55.0
1335,72.96,1,Shad,45,smooth,320,0.1914,4,73.95,94.0,82.2,98.9,89.2,293,5,96.1,92.6,96.7,94.9,55.0
1336,13.52,1,White Algae,4,floater,505,0.1914,5,73.23,94.0,82.2,98.9,89.2,293,5,96.1,92.6,96.7,94.9,55.2
1337,38.68,1,Herring,26,dart,555,0.1914,6,73.11,94.0,82.3,98.9,89.2,293,5,96.1,92.6,96.7,94.9,55.2
1338,95.95,1,Stonefish,61,sinker,368,0.1913,7,73.45,94.0,82.3,98.9,89.2,293,5,96.1,92.6,96.7,94.9,55.2
1339,132.92,1,Ms. Angler,80,smooth,455,0.1913,8,74.06,94.0,82.3,98.9,89.3,293,5,96.1,92.6,96.7,94.9,55.2
1340,55.36,1,Bream,37,smooth,618,0.1913,9,72.38,94.0,82.3,98.9,89.3,293,5,96.1,92.6,96.7,94.9,55.2
1341,46.88,1,Sunfish,31,mixed,328,0.1913,10,72.91,95.0,82.3,98.9,89.3,293,5,96.1,92.6,96.7,94.9,55.2
1342,68.26,1,Flounder,48,sinker,443,0.1913,11,72.86,95.0,82.3,98.9,89.3,293,5,96.1,92.6,96.7,94.9,55.2
1343,117.05,1,Void Salmon,78,mixed,373,0.1913,12,73.24,95.0,82.3,98.9,89.3,293,5,96.1,92.6,96.7,94.9,55.2
1344,49.24,1,Chub,32,dart,328,0.1913,13,72.97,95.0,82.3,98.9,89.3,293,5,96.1,92.7,96.7,94.9,55.2
1345,66.21,1,Shad,45,smooth,450,0.1912,14,72.93,95.0,82.3,98.9,89.3,293,5,96.1,92.7,96.8,94.9,55.2
1346,125.40,1,Eel,74,smooth,495,0.1912,15,73.39,95.0,82.3,98.9,89.4,293,5,96.1,92.7,96.8,94.9,55.2
1347,14.12,1,White Algae,4,floater,588,0.1912,16,72.08,95.0,82.4,98.9,89.4,293,5,96.1,92.7,96.8,94.9,55.4
1348,78.38,1,Spook Fish,55,dart,350,0.1912,17,71.30,95.0,82.4,98.9,89.4,293,5,96.1,92.7,96.8,94.9,55.4
1349,56.54,1,Bream,34,smooth,330,0.1912,18,71.18,95.0,82.4,98.9,89.4,293,5,96.1,92.7,96.8,94.9,55.4
1350,60.27,1,Chub,37,dart,383,0.1912,19,71.85,96.0,82.4,98.9,89.4,293,5,96.1,92.7,96.8,94.9,55.4
1351,67.21,1,Bullhead,43,smooth,330,0.1912,20,71.99,96.0,82.4,98.9,89.4,293,5,96.1,92.7,96.8,94.9,55.4
1352,85.17,1,Pike,56,dart,315,0.1912,21,72.39,96.0,82.4,98.9,89.4,293,5,96.1,92.7,96.8,94.9,55.4
1353,43.13,1,Smallmouth Bass,26,mixed,330,0.1911,22,72.23,96.0,82.4,98.9,89.4,293,5,96.1,92.7,96.8,94.9,55.4
1354,94.58,1,Tuna,74,smooth,318,0.1911,23,73.30,97.0,82.4,98.9,89.5,293,5,96.1,92.7,96.8,94.9,55.4
1355,14.75,1,Seaweed,5,floater,738,0.1911,24,72.36,97.0,82.5,98.9,89.5,293,5,96.1,92.7,96.8,94.9,55.6
1356,54.83,1,Red Snapper,40,mixed,350,0.1911,25,72.24,97.0,82.5,98.9,89.5,293,5,96.1,92.7,96.8,94.9,55.6
1357,81.81,1,Albacore,59,mixed,428,0.1911,26,72.46,97.0,82.5,98.9,89.5,293,5,96.1,92.7,96.8,94.9,55.6
1358,66.10,1,Walleye,43,smooth,318,0.1911,27,71.54,97.0,82.5,98.9,89.5,293,5,96.1,92.7,96.8,94.9,55.6
1359,74.29,1,Tilapia,50,mixed,323,0.1911,28,71.86,97.0,82.5,98.9,89.5,293,5,96.1,92.7,96.8,95.0,55.6
1360,81.48,1,Blue Discus,58,dart,413,0.1911,29,71.96,97.0,82.5,99.0,89.5,293,5,96.1,92.8,96.8,95.0,55.6
1361,130.14,1,Catfish,80,mixed,420,0.1910,30,72.24,97.0,82.5,99.0,89.5,293,5,96.1,92.8,96.8,95.0,55.6
1362,91.23,1,Spook Fish,59,dart,370,0.1910,31,71.37,97.0,82.5,99.0,89.5,293,5,96.1,92.8,96.8,95.0,55.6
1363,118.29,1,Ms. Angler,82,smooth,520,0.1910,32,72.03,97.0,82.5,99.0,89.6,293,5,96.1,92.8,96.8,95.0,55.6
1364,55.86,1,Sea Cucumber,37,sinker,328,0.1910,33,71.95,97.0,82.5,99.0,89.6,293,5,96.2,92.8,96.8,95.0,55.6
1365,133.19,1,Super Cucumber,76,sinker,635,0.1910,34,72.21,97.0,82.5,99.0,89.7,293,5,96.2,92.8,96.8,95.0,55.6
1366,49.39,1,Smallmouth Bass,29,mixed,320,0.1910,35,72.78,98.0,82.5,99.0,89.7,293,5,96.2,92.8,96.8,95.0,55.6
1367,77.26,1,Salmon,51,mixed,328,0.1910,36,72.73,98.0,82.5,99.0,89.7,293,5,96.2,92.8,96.8,95.0,55.6
1368,76.88,1,Largemouth Bass,52,mixed,368,0.1910,37,72.47,98.0,82.5,99.0,89.7,293,5,96.2,92.8,96.8,95.0,55.6
1369,89.36,1,Goby,58,dart,318,0.1909,38,72.66,98.0,82.5,99.0,89.7,293,5,96.2,92.8,96.8,95.0,55.6
1370,41.75,1,Herring,24,dart,325,0.1909,39,72.55,98.0,82.6,99.0,89.7,293,5,96.2,92.8,96.8,95.0,55.6
1371,32.77,1,Carp,16,mixed,345,0.1909,40,71.27,98.0,82.6,99.0,89.7,293,5,96.2,92.8,96.8,95.0,55.6
1372,76.04,1,Halibut,54,sinker,320,0.1909,41,71.38,98.0,82.6,99.0,89.7,293,5,96.2,92.8,96.8,95.0,55.6
1373,84.38,1,Tiger Trout,55,dart,323,0.1909,42,71.42,98.0,82.6,99.0,89.7,293,5,96.2,92.9,96.8,95.0,55.6
1374,147.09,1,Crimsonfish,92,mixed,555,0.1909,43,72.18,98.0,82.6,99.0,89.7,293,5,96.2,92.9,96.8,95.1,55.6
1375,65.86,1,Midnight Squid,50,sinker,333,0.1909,44,72.57,98.0,82.6,99.0,89.7,293,5,96.2,92.9,96.8,95.1,55.6
1376,114.40,1,Ms. Angler,86,smooth,360,0.1908,45,73.14,98.0,82.6,99.0,89.8,293,5,96.2,92.9,96.8,95.1,55.6
1377,62.18,1,Sea Cucumber,43,sinker,333,0.1908,46,72.89,98.0,82.6,99.0,89.8,293,5,96.2,92.9,96.8,95.1,55.6
1378,109.77,1,Tuna,74,smooth,318,0.1908,47,73.24,98.0,82.6,99.0,89.8,293,5,96.2,92.9,96.8,95.1,55.6
1379,57.25,1,Bream,37,smooth,320,0.1908,48,72.88,98.0,82.6,99.0,89.8,293,5,96.2,92.9,96.9,95.1,55.6
1380,74.59,1,Goby,50,dart,365,0.1908,49,71.99,98.0,82.6,99.0,89.8,293,5,96.2,92.9,96.9,95.1,55.6
1381,71.32,1,Shad,45,smooth,330,0.1908,50,71.87,98.0,82.6,99.0,89.8,293,5,96.2,92.9,96.9,95.1,55.6
1382,80.39,1,Goby,52,dart,320,0.1908,51,71.71,98.0,82.6,99.0,89.8,293,5,96.2,92.9,96.9,95.1,55.6
1383,79.02,1,Halibut,50,sinker,355,0.1908,52,72.36,98.0,82.6,99.0,89.8,293,5,96.2,92.9,96.9,95.1,55.6
1384,39.42,1,Herring,26,dart,320,0.1907,53,70.70,98.0,82.6,99.0,89.8,293,5,96.2,92.9,96.9,95.1,55.6
1385,-38.96,0,Scorpion Carp,98,dart,279,0.1907,0,69.59,97.0,82.6,99.0,89.3,293,5,96.2,92.6,96.9,95.1,55.6
1386,88.47,1,Spook Fish,57,dart,430,0.1907,1,69.42,97.0,82.6,99.0,89.3,293,5,96.2,92.6,96.9,95.1,55.6
1387,43.09,1,Herring,26,dart,395,0.1907,2,69.87,98.0,82.7,99.0,89.3,293,5,96.2,92.7,96.9,95.1,55.6
1388,107.94,1,Squid,73,sinker,405,0.1907,3,70.16,98.0,82.7,99.0,89.4,293,5,96.2,92.7,96.9,95.1,55.6
1389,90.12,1,Slimejack,57,dart,423,0.1907,4,69.24,98.0,82.7,99.0,89.4,293,5,96.2,92.7,96.9,95.1,55.6
1390,111.87,1,Sandfish,71,mixed,450,0.1907,5,70.22,98.0,82.7,99.0,89.4,293,5,96.2,92.7,96.9,95.1,55.6
1391,84.05,1,Blue Discus,56,dart,335,0.1906,6,70.55,98.0,82.7,99.0,89.4,293,5,96.2,92.7,96.9,95.1,55.6
1392,10.43,0,White Algae,5,floater,2000,0.1906,0,69.73,98.0,82.5,99.0,89.4,293,5,96.2,92.7,96.9,95.1,55.3
1393,56.61,1,Bream,34,smooth,330,0.1906,1,69.17,98.0,82.6,99.0,89.4,293,5,96.2,92.7,96.9,95.1,55.3
1394,50.18,1,Sunfish,32,mixed,328,0.1906,2,69.22,98.0,82.6,99.0,89.4,293,5,96.2,92.7,96.9,95.1,55.3
1395,39.07,1,Herring,23,dart,320,0.1906,3,68.60,98.0,82.6,99.0,89.4,293,5,96.2,92.7,96.9,95.1,55.3
1396,-17.27,0,Mutant Carp,81,dart,390,0.1906,0,68.28,97.0,82.6,99.0,89.0,293,5,96.2,92.4,96.9,95.1,55.3
1397,91.04,1,Pike,59,dart,515,0.1906,1,68.50,97.0,82.6,99.0,89.0,293,5,96.2,92.5,96.9,95.1,55.3
1398,52.92,1,Smallmouth Bass,30,mixed,335,0.1906,2,68.74,97.0,82.6,99.0,89.0,293,5,96.2,92.5,96.9,95.1,55.3
1399,52.62,1,Sardine,32,dart,318,0.1905,3,68.24,97.0,82.7,99.0,89.0,293,5,96.2,92.5,96.9,95.1,55.3
1400,80.49,1,Pike,55,dart,310,0.1905,4,68.27,97.0,82.7,99.0,89.0,293,5,96.2,92.5,96.9,95.1,55.3
1401,-6.10,0,White Algae,4,floater,250,0.1905,0,68.06,96.0,82.5,99.0,89.0,293,5,96.2,92.5,96.9,95.1,55.1
1402,45.39,1,Herring,26,dart,323,0.1905,1,67.70,96.0,82.6,99.0,89.0,293,5,96.2,92.5,96.9,95.1,55.1
1403,80.43,1,Midnight Squid,54,sinker,328,0.1905,2,67.87,96.0,82.6,99.0,89.0,293,5,96.2,92.5,96.9,95.1,55.1
1404,67.72,1,Red Snapper,43,mixed,325,0.1905,3,67.75,96.0,82.6,99.0,89.0,293,5,96.2,92.5,96.9,95.1,55.1
1405,86.91,1,Pike,55,dart,405,0.1905,4,67.21,96.0,82.6,99.0,89.0,293,5,96.2,92.6,96.9,95.1,55.1
1406,124.03,1,Radioactive Carp,75,dart,573,0.1905,5,67.68,96.0,82.6,99.0,89.0,293,5,96.2,92.6,96.9,95.1,55.1
1407,122.43,1,Blobfish,77,floater,423,0.1904,6,68.39,96.0,82.6,99.0,89.1,293,5,96.2,92.6,96.9,95.1,55.3
1408,77.34,1,Bullhead,46,smooth,323,0.1904,7,68.59,96.0,82.6,99.0,89.1,293,5,96.2,92.6,96.9,95.1,55.3
1409,57.92,1,Sea Cucumber,36,sinker,315,0.1904,8,68.26,96.0,82.6,99.0,89.1,293,5,96.3,92.6,96.9,95.1,55.3
1410,57.82,1,Sea Cucumber,37,sinker,320,0.1904,9,68.38,96.0,82.6,99.0,89.1,293,5,96.3,92.6,96.9,95.1,55.3
1411,58.65,1,Sea Cucumber,37,sinker,343,0.1904,10,68.51,96.0,82.6,99.0,89.1,293,5,96.3,92.6,96.9,95.1,55.3
1412,131.53,1,Son of Crimsonfish,86,mixed,453,0.1904,11,68.60,96.0,82.6,99.0,89.1,293,5,96.3,92.6,96.9,95.1,55.3
1413,97.70,1,Spook Fish,64,dart,398,0.1904,12,68.87,96.0,82.6,99.0,89.1,293,5,96.3,92.6,96.9,95.1,55.3
1414,26.79,1,Carp,14,mixed,375,0.1903,13,68.98,96.0,82.7,99.0,89.1,293,5,96.3,92.6,96.9,95.2,55.3
1415,100.57,1,Radioactive Carp,73,dart,420,0.1903,14,69.72,96.0,82.7,99.0,89.2,293,5,96.3,92.6,96.9,95.2,55.3
1416,90.60,1,Stonefish,59,sinker,390,0.1903,15,69.80,96.0,82.7,99.0,89.2,293,5,96.3,92.6,96.9,95.2,55.3
1417,69.69,1,Goby,49,dart,350,0.1903,16,70.11,96.0,82.7,99.0,89.2,293,5,96.3,92.7,96.9,95.2,55.3
1418,79.48,1,Red Mullet,54,smooth,325,0.1903,17,70.31,96.0,82.7,99.0,89.2,293,5,96.3,92.7,96.9,95.2,55.3
1419,12.07,1,White Algae,4,floater,1130,0.1903,18,69.70,96.0,82.7,99.0,89.2,293,5,96.3,92.7,96.9,95.2,55.5
1420,187.12,1,Pufferfish,82,floater,943,0.1903,19,70.88,96.0,82.7,99.0,89.2,293,5,96.3,92.7,96.9,95.2,55.7
1421,67.15,1,Rainbow Trout,43,mixed,325,0.1902,20,70.71,96.0,82.7,99.0,89.2,293,5,96.3,92.7,96.9,95.2,55.7
1422,72.53,1,Slimejack,50,dart,333,0.1902,21,70.99,96.0,82.7,99.0,89.2,293,5,96.3,92.7,96.9,95.2,55.7
1423,118.04,1,Ms. Angler,93,smooth,405,0.1902,22,71.01,96.0,82.7,99.0,89.3,293,5,96.3,92.7,96.9,95.2,55.7
1424,99.57,1,Sandfish,66,mixed,320,0.1902,23,71.58,96.0,82.7,99.0,89.3,293,5,96.3,92.7,96.9,95.2,55.7
1425,61.76,1,Flounder,49,sinker,373,0.1902,24,71.33,96.0,82.7,99.0,89.3,293,5,96.3,92.7,96.9,95.2,55.7
1426,-3.73,0,Green Algae,4,floater,727,0.1902,0,70.71,95.0,82.6,99.0,89.3,293,5,96.3,92.7,96.9,95.2,55.5
1427,57.60,1,Chub,37,dart,325,0.1902,1,70.28,95.0,82.6,99.0,89.3,293,5,96.3,92.7,96.9,95.2,55.5
1428,73.40,1,Bullhead,43,smooth,338,0.1902,2,70.48,95.0,82.6,99.0,89.3,293,5,96.3,92.7,96.9,95.2,55.5
1429,66.19,1,Sea Cucumber,41,sinker,360,0.1901,3,70.33,95.0,82.6,99.0,89.3,293,5,96.3,92.7,96.9,95.2,55.5
1430,24.28,1,Carp,13,mixed,370,0.1901,4,69.82,95.0,82.6,99.0,89.3,293,5,96.3,92.7,96.9,95.2,55.5
1431,171.04,1,Lava Eel,95,mixed,900,0.1901,5,71.83,96.0,82.6,99.0,89.4,293,5,96.3,92.7,96.9,95.2,55.5
1432,80.62,1,Pike,55,dart,328,0.1901,6,71.97,96.0,82.6,99.0,89.4,293,5,96.3,92.7,96.9,95.2,55.5
1433,113.58,1,Ms. Angler,83,smooth,415,0.1901,7,72.58,96.0,82.6,99.0,89.4,293,5,96.3,92.7,96.9,95.2,55.5
1434,-6.64,0,Green Algae,5,floater,182,0.1901,0,71.79,95.0,82.5,99.0,89.4,293,5,96.3,92.7,96.9,95.2,55.2
1435,80.92,1,Slimejack,58,dart,315,0.1901,1,71.87,95.0,82.5,99.0,89.4,293,5,96.3,92.7,96.9,95.2,55.2
1436,77.40,1,Woodskip,52,mixed,328,0.1900,2,72.51,95.0,82.5,99.0,89.4,293,5,96.3,92.7,96.9,95.2,55.2
1437,82.23,1,Spook Fish,59,dart,313,0.1900,3,72.95,95.0,82.5,99.0,89.4,293,5,96.3,92.8,96.9,95.2,55.2
1438,51.16,1,Perch,33,dart,328,0.1900,4,72.50,95.0,82.5,99.0,89.4,293,5,96.3,92.8,96.9,95.2,55.2
1439,52.21,1,Perch,35,dart,323,0.1900,5,71.69,95.0,82.6,99.0,89.4,293,5,96.3,92.8,96.9,95.2,55.2
1440,57.74,1,Sea Cucumber,37,sinker,325,0.1900,6,71.71,95.0,82.6,99.0,89.4,293,5,96.3,92.8,96.9,95.2,55.2
1441,91.17,1,Midnight Squid,55,sinker,335,0.1900,7,72.16,95.0,82.6,99.0,89.4,293,5,96.3,92.8,96.9,95.2,55.2
1442,64.27,1,Flounder,47,sinker,335,0.1900,8,72.12,95.0,82.6,99.0,89.4,293,5,96.4,92.8,96.9,95.2,55.2
1443,-6.39,0,Seaweed,4,floater,167,0.1899,0,70.88,94.0,82.5,99.0,89.4,293,5,96.4,92.8,96.9,95.2,54.9
1444,86.48,1,Largemouth Bass,53,mixed,365,0.1899,1,71.25,94.0,82.5,99.0,89.4,293,5,96.4,92.8,96.9,95.3,54.9
1445,192.38,1,Glacierfish Jr.,108,mixed,798,0.1899,2,72.52,94.0,82.5,99.0,89.4,293,5,96.4,92.8,96.9,95.3,54.9
1446,62.00,1,Red Snapper,43,mixed,330,0.1899,3,71.88,94.0,82.5,99.0,89.4,293,5,96.4,92.8,96.9,95.3,54.9
1447,64.82,1,Flounder,51,sinker,333,0.1899,4,72.39,94.0,82.5,99.0,89.4,293,5,96.4,92.8,96.9,95.3,54.9
1448,45.17,1,Anchovy,28,dart,330,0.1899,5,72.06,94.0,82.5,99.0,89.4,293,5,96.4,92.8,96.9,95.3,54.9
1449,67.57,1,Halibut,46,sinker,363,0.1899,6,72.17,94.0,82.5,99.0,89.4,293,5,96.4,92.8,96.9,95.3,54.9
1450,86.42,1,Lionfish,51,smooth,323,0.1899,7,72.43,94.0,82.5,99.0,89.4,293,5,96.4,92.8,96.9,95.3,54.9
1451,62.36,1,Sea Cucumber,41,sinker,310,0.1898,8,72.38,94.0,82.5,99.0,89.4,293,5,96.4,92.8,96.9,95.3,54.9
1452,60.06,1,Bream,38,smooth,323,0.1898,9,72.13,94.0,82.5,99.0,89.4,293,5,96.4,92.8,96.9,95.3,54.9
1453,81.68,1,Albacore,54,mixed,320,0.1898,10,72.51,94.0,82.5,99.0,89.4,293,5,96.4,92.8,96.9,95.3,54.9
1454,59.95,1,Largemouth Bass,46,mixed,425,0.1898,11,72.17,94.0,82.5,99.0,89.4,293,5,96.4,92.8,96.9,95.3,54.9
1455,42.88,1,Herring,24,dart,333,0.1898,12,72.45,94.0,82.5,99.0,89.4,293,5,96.4,92.9,96.9,95.3,54.9
1456,103.78,1,Stonefish,70,sinker,413,0.1898,13,72.94,94.0,82.5,99.0,89.4,293,5,96.4,92.9,96.9,95.3,54.9
1457,104.63,1,Catfish,68,mixed,318,0.1898,14,73.17,94.0,82.5,99.0,89.4,293,5,96.4,92.9,96.9,95.3,54.9
1458,56.98,1,Bream,34,smooth,343,0.1897,15,73.08,94.0,82.6,99.0,89.4,293,5,96.4,92.9,97.0,95.3,54.9
1459,102.21,1,Ms. Angler,89,smooth,315,0.1897,16,73.36,94.0,82.6,99.0,89.5,293,5,96.4,92.9,97.0,95.3,54.9
1460,47.90,1,Anchovy,29,dart,328,0.1897,17,73.02,94.0,82.6,99.0,89.5,293,5,96.4,92.9,97.0,95.3,54.9
1461,93.45,1,Tiger Trout,61,dart,363,0.1897,18,72.65,94.0,82.6,99.0,89.5,293,5,96.4,92.9,97.0,95.3,54.9
1462,44.64,1,Smallmouth Bass,27,mixed,320,0.1897,19,72.19,94.0,82.6,99.0,89.5,293,5,96.4,92.9,97.0,95.3,54.9
1463,94.43,1,Goby,59,dart,413,0.1897,20,71.95,94.0,82.6,99.0,89.5,293,5,96.4,92.9,97.0,95.3,54.9
1464,63.03,1,Sea Cucumber,40,sinker,320,0.1897,21,72.02,94.0,82.6,99.0,89.5,293,5,96.4,92.9,97.0,95.3,54.9
1465,109.89,1,Stingray,78,sinker,305,0.1896,22,71.79,94.0,82.6,99.0,89.5,293,5,96.4,92.9,97.0,95.3,54.9
1466,74.53,1,Red Mullet,50,smooth,333,0.1896,23,72.04,94.0,82.6,99.1,89.5,293,5,96.4,92.9,97.0,95.3,54.9
1467,89.80,1,Goby,52,dart,623,0.1896,24,72.16,94.0,82.6,99.1,89.5,293,5,96.4,92.9,97.0,95.3,54.9
1468,58.19,1,Red Snapper,38,mixed,320,0.1896,25,71.98,94.0,82.7,99.1,89.5,293,5,96.4,92.9,97.0,95.4,54.9
1469,128.17,1,Ms. Angler,83,smooth,600,0.1896,26,72.37,94.0,82.7,99.1,89.6,293,5,96.4,92.9,97.0,95.4,54.9
1470,51.53,1,Perch,33,dart,318,0.1896,27,72.46,94.0,82.7,99.1,89.6,293,5,96.4,93.0,97.0,95.4,54.9
1471,145.91,1,Son of Crimsonfish,87,mixed,853,0.1896,28,73.59,94.0,82.7,99.1,89.6,293,5,96.4,93.0,97.0,95.4,54.9
1472,76.46,1,Tilapia,49,mixed,323,0.1895,29,73.60,94.0,82.7,99.1,89.6,293,5,96.4,93.0,97.0,95.4,54.9
1473,129.64,1,Ms. Angler,90,smooth,513,0.1895,30,74.05,94.0,82.7,99.1,89.7,293,5,96.4,93.0,97.0,95.4,54.9
1474,80.18,1,Stonefish,62,sinker,318,0.1895,31,73.38,94.0,82.7,99.1,89.7,293,5,96.4,93.0,97.0,95.4,54.9
1475,87.73,1,Pike,56,dart,323,0.1895,32,73.60,94.0,82.7,99.1,89.7,293,5,96.4,93.0,97.0,95.4,54.9
1476,106.61,1,Albacore,65,mixed,400,0.1895,33,73.52,94.0,82.7,99.1,89.7,293,5,96.4,93.0,97.0,95.4,54.9
1477,62.24,1,Sea Cucumber,42,sinker,318,0.1895,34,73.52,94.0,82.7,99.1,89.7,293,5,96.5,93.0,97.0,95.4,54.9
1478,71.21,1,Flounder,47,sinker,363,0.1895,35,73.14,94.0,82.7,99.1,89.7,293,5,96.5,93.0,97.0,95.4,54.9
1479,58.80,1,Bream,35,smooth,328,0.1895,36,73.15,94.0,82.7,99.1,89.7,293,5,96.5,93.0,97.0,95.4,54.9
1480,124.59,1,Blobfish,81,floater,465,0.1894,37,73.65,94.0,82.7,99.1,89.7,293,5,96.5,93.0,97.0,95.4,55.1
1481,93.56,1,Pike,62,dart,378,0.1894,38,73.88,94.0,82.7,99.1,89.7,293,5,96.5,93.0,97.0,95.4,55.1
1482,114.96,1,Pufferfish,81,floater,350,0.1894,39,74.22,94.0,82.7,99.1,89.8,293,5,96.5,93.0,97.0,95.4,55.3
1483,52.67,1,Sea Cucumber,38,sinker,393,0.1894,40,73.96,94.0,82.7,99.1,89.8,293,5,96.5,93.0,97.0,95.4,55.3
1484,74.62,1,Goby,50,dart,318,0.1894,41,74.31,94.0,82.7,99.1,89.8,293,5,96.5,93.0,97.0,95.4,55.3
1485,64.06,1,Flounder,48,sinker,365,0.1894,42,75.34,95.0,82.7,99.1,89.8,293,5,96.5,93.0,97.0,95.4,55.3
1486,93.29,1,Albacore,59,mixed,373,0.1894,43,75.39,95.0,82.7,99.1,89.8,293,5,96.5,93.0,97.0,95.4,55.3
1487,48.22,1,Sunfish,30,mixed,340,0.1893,44,75.44,95.0,82.8,99.1,89.8,293,5,96.5,93.0,97.0,95.4,55.3
1488,-5.03,0,Seaweed,4,floater,454,0.1893,0,74.31,94.0,82.6,99.1,89.8,293,5,96.5,93.0,97.0,95.4,55.1
1489,54.70,1,Bream,33,smooth,320,0.1893,1,73.96,94.0,82.7,99.1,89.8,293,5,96.5,93.0,97.0,95.4,55.1
1490,43.10,1,Herring,27,dart,335,0.1893,2,73.27,94.0,82.7,99.1,89.8,293,5,96.5,93.1,97.0,95.4,55.1
1491,47.82,1,Sea Cucumber,37,sinker,500,0.1893,3,72.91,94.0,82.7,99.1,89.8,293,5,96.5,93.1,97.0,95.4,55.1
1492,85.36,1,Pike,62,dart,323,0.1893,4,73.66,94.0,82.7,99.1,89.8,293,5,96.5,93.1,97.0,95.4,55.1
1493,65.45,1,Midnight Squid,49,sinker,353,0.1893,5,73.74,94.0,82.7,99.1,89.8,293,5,96.5,93.1,97.0,95.4,55.1
1494,129.05,1,Octopus,95,sinker,348,0.1892,6,74.53,94.0,82.7,99.1,89.8,293,5,96.5,93.1,97.0,95.4,55.1
1495,11.96,1,Green Algae,4,floater,645,0.1892,7,74.26,94.0,82.7,99.1,89.8,293,5,96.5,93.1,97.0,95.4,55.3
1496,51.29,1,Sea Cucumber,40,sinker,590,0.1892,8,74.95,95.0,82.8,99.1,89.8,293,5,96.5,93.1,97.0,95.4,55.3
1497,58.73,1,Bream,36,smooth,333,0.1892,9,74.62,95.0,82.8,99.1,89.8,293,5,96.5,93.1,97.0,95.4,55.3
1498,66.62,1,Flounder,50,sinker,340,0.1892,10,74.76,95.0,82.8,99.1,89.8,293,5,96.5,93.1,97.0,95.4,55.3
1499,-3.19,0,White Algae,5,floater,734,0.1892,0,74.20,94.0,82.7,99.1,89.8,293,5,96.5,93.1,97.0,95.4,55.0
1500,95.46,1,Ms. Angler,78,smooth,373,0.1892,1,74.35,94.0,82.7,99.1,89.9,293,5,96.5,93.1,97.0,95.4,55.0
1501,76.88,1,Largemouth Bass,53,mixed,320,0.1891,2,75.18,95.0,82.7,99.1,89.9,293,5,96.5,93.1,97.0,95.4,55.0
1502,62.94,1,Sea Cucumber,40,sinker,333,0.1891,3,75.36,95.0,82.7,99.1,89.9,293,5,96.6,93.1,97.0,95.4,55.0
1503,67.99,1,Bullhead,47,smooth,318,0.1891,4,75.23,95.0,82.7,99.1,89.9,293,5,96.6,93.1,97.0,95.4,55.0
1504,102.60,1,Stonefish,64,sinker,435,0.1891,5,75.58,95.0,82.7,99.1,89.9,293,5,96.6,93.1,97.0,95.4,55.0
1505,83.74,1,Dorado,74,mixed,298,0.1891,6,75.55,95.0,82.7,99.1,89.9,293,5,96.6,93.1,97.0,95.5,55.0
1506,52.74,1,Chub,32,dart,398,0.1891,7,74.84,95.0,82.7,99.1,89.9,293,5,96.6,93.1,97.0,95.5,55.0
1507,81.47,1,Slimejack,54,dart,348,0.1891,8,74.43,95.0,82.7,99.1,89.9,293,5,96.6,93.1,97.0,95.5,55.0
1508,57.95,1,Sea Cucumber,41,sinker,385,0.1890,9,74.23,95.0,82.7,99.1,89.9,293,5,96.6,93.1,97.0,95.5,55.0
1509,-3.82,0,Seaweed,4,floater,789,0.1890,0,73.62,94.0,82.6,99.1,89.9,293,5,96.6,93.1,97.0,95.5,54.8
1510,-6.72,0,Green Algae,5,floater,167,0.1890,0,72.97,93.0,82.5,99.1,89.9,293,5,96.6,93.1,97.0,95.5,54.5
1511,71.86,1,Shad,44,smooth,338,0.1890,1,73.10,93.0,82.5,99.1,89.9,293,5,96.6,93.1,97.1,95.5,54.5
1512,88.64,1,Octopus,94,sinker,335,0.1890,2,72.67,93.0,82.5,99.1,90.0,293,5,96.6,93.1,97.1,95.5,54.5
1513,73.34,1,Tilapia,50,mixed,325,0.1890,3,72.43,93.0,82.5,99.1,90.0,293,5,96.6,93.1,97.1,95.5,54.5
1514,-3.12,0,White Algae,4,floater,889,0.1890,0,72.13,92.0,82.4,99.1,90.0,293,5,96.6,93.1,97.1,95.5,54.3
1515,-45.07,0,Son of Crimsonfish,103,mixed,267,0.1889,0,70.67,91.0,82.4,99.1,90.0,293,5,96.6,93.1,97.1,95.2,54.3
1516,80.26,1,Bullhead,49,smooth,323,0.1889,1,70.57,91.0,82.4,99.1,90.0,293,5,96.6,93.1,97.1,95.2,54.3
1517,57.29,1,Red Snapper,38,mixed,325,0.1889,2,70.45,91.0,82.4,99.1,90.0,293,5,96.6,93.1,97.1,95.2,54.3
1518,98.47,1,Catfish,77,mixed,483,0.1889,3,70.64,91.0,82.4,99.1,90.0,293,5,96.6,93.1,97.1,95.2,54.3
1519,142.25,1,Catfish,70,mixed,883,0.1889,4,71.94,91.0,82.4,99.1,90.0,293,5,96.6,93.1,97.1,95.2,54.3
1520,55.64,1,Bream,33,smooth,320,0.1889,5,70.62,91.0,82.4,99.1,90.0,293,5,96.6,93.1,97.1,95.2,54.3
1521,-6.50,0,White Algae,4,floater,167,0.1889,0,69.89,90.0,82.3,99.1,90.0,293,5,96.6,93.1,97.1,95.2,54.1
1522,65.08,1,Sea Cucumber,42,sinker,315,0.1888,1,69.81,90.0,82.3,99.1,90.0,293,5,96.6,93.1,97.1,95.2,54.1
1523,80.24,1,Midnight Carp,54,mixed,323,0.1888,2,69.44,90.0,82.3,99.1,90.0,293,5,96.6,93.1,97.1,95.2,54.1
1524,76.58,1,Bullhead,46,smooth,333,0.1888,3,69.21,90.0,82.3,99.1,90.0,293,5,96.6,93.1,97.1,95.2,54.1
1525,86.35,1,Goby,56,dart,365,0.1888,4,69.45,90.0,82.3,99.1,90.0,293,5,96.6,93.1,97.1,95.2,54.1
1526,64.22,1,Sea Cucumber,43,sinker,323,0.1888,5,70.13,91.0,82.3,99.1,90.0,293,5,96.6,93.1,97.1,95.2,54.1
1527,42.31,1,Herring,26,dart,353,0.1888,6,69.98,91.0,82.4,99.1,90.0,293,5,96.6,93.2,97.1,95.2,54.1
1528,44.68,1,Anchovy,27,dart,353,0.1888,7,69.69,91.0,82.4,99.1,90.0,293,5,96.6,93.2,97.1,95.2,54.1
1529,114.54,1,Dorado,79,mixed,313,0.1887,8,70.17,91.0,82.4,99.1,90.1,293,5,96.6,93.2,97.1,95.3,54.1
1530,62.17,1,Red Snapper,38,mixed,325,0.1887,9,70.55,91.0,82.4,99.1,90.1,293,5,96.6,93.2,97.1,95.3,54.1
1531,47.19,1,Sunfish,32,mixed,378,0.1887,10,69.31,91.0,82.4,99.1,90.1,293,5,96.6,93.2,97.1,95.3,54.1
1532,26.14,1,Carp,14,mixed,380,0.1887,11,68.77,91.0,82.4,99.1,90.1,293,5,96.6,93.2,97.1,95.3,54.1
1533,70.62,1,Sea Cucumber,38,sinker,813,0.1887,12,68.34,91.0,82.5,99.1,90.1,293,5,96.6,93.2,97.1,95.3,54.1
1534,83.60,1,Red Mullet,60,smooth,320,0.1887,13,69.24,92.0,82.5,99.1,90.1,293,5,96.6,93.2,97.1,95.3,54.1
1535,85.30,1,Red Mullet,55,smooth,333,0.1887,14,69.29,92.0,82.5,99.1,90.1,293,5,96.6,93.2,97.1,95.3,54.1
1536,47.17,1,Bream,34,smooth,413,0.1886,15,68.98,92.0,82.5,99.1,90.1,293,5,96.6,93.2,97.1,95.3,54.1
1537,45.20,1,Anchovy,29,dart,318,0.1886,16,68.61,92.0,82.5,99.1,90.1,293,5,96.6,93.2,97.1,95.3,54.1
1538,84.12,1,Spook Fish,57,dart,348,0.1886,17,68.94,92.0,82.5,99.1,90.1,293,5,96.6,93.2,97.1,95.3,54.1
1539,47.09,1,Sunfish,27,mixed,415,0.1886,18,68.89,92.0,82.5,99.1,90.1,293,5,96.6,93.2,97.1,95.3,54.1
1540,112.85,1,Catfish,79,mixed,330,0.1886,19,69.44,92.0,82.5,99.1,90.1,293,5,96.6,93.2,97.1,95.3,54.1
1541,-17.79,0,Sea Cucumber,36,sinker,199,0.1886,0,68.35,91.0,82.4,99.1,90.1,293,5,96.3,93.2,97.1,95.3,54.1
1542,66.87,1,Sea Cucumber,39,sinker,525,0.1886,1,68.38,91.0,82.5,99.1,90.1,293,5,96.3,93.2,97.1,95.3,54.1
1543,127.36,1,Squid,71,sinker,508,0.1885,2,69.72,92.0,82.5,99.1,90.2,293,5,96.3,93.2,97.1,95.3,54.1
1544,57.40,1,Sea Cucumber,37,sinker,400,0.1885,3,69.43,92.0,82.5,99.1,90.2,293,5,96.4,93.2,97.1,95.3,54.1
1545,-5.38,0,White Algae,4,floater,377,0.1885,0,67.45,91.0,82.4,99.1,90.2,293,5,96.4,93.2,97.1,95.3,53.8
1546,95.75,1,Eel,73,smooth,343,0.1885,1,67.79,91.0,82.4,99.1,90.2,293,5,96.4,93.2,97.1,95.3,53.8
1547,78.57,1,Spook Fish,56,dart,323,0.1885,2,67.92,91.0,82.4,99.1,90.2,293,5,96.4,93.2,97.1,95.3,53.8
1548,99.35,1,Blue Discus,65,dart,445,0.1885,3,68.47,91.0,82.4,99.1,90.2,293,5,96.4,93.3,97.1,95.3,53.8
1549,147.23,1,Octopus,87,sinker,568,0.1884,4,69.26,91.0,82.4,99.1,90.3,293,5,96.4,93.3,97.1,95.3,53.8
1550,94.48,1,Albacore,58,mixed,370,0.1884,5,69.34,91.0,82.4,99.1,90.3,293,5,96.4,93.3,97.1,95.3,53.8
1551,43.12,1,Sunfish,31,mixed,330,0.1884,6,69.15,91.0,82.4,99.1,90.3,293,5,96.4,93.3,97.1,95.3,53.8
1552,45.69,1,Bream,31,smooth,320,0.1884,7,69.01,91.0,82.4,99.1,90.3,293,5,96.4,93.3,97.1,95.3,53.8
1553,65.85,1,Walleye,40,smooth,353,0.1884,8,68.85,91.0,82.4,99.1,90.3,293,5,96.4,93.3,97.1,95.3,53.8
1554,96.67,1,Stonefish,66,sinker,388,0.1884,9,69.22,91.0,82.4,99.1,90.3,293,5,96.4,93.3,97.1,95.3,53.8
1555,69.23,1,Halibut,45,sinker,348,0.1884,10,69.48,91.0,82.4,99.1,90.3,293,5,96.4,93.3,97.1,95.3,53.8
1556,-34.21,0,Lava Eel,98,mixed,280,0.1883,0,68.10,90.0,82.4,99.1,89.9,293,5,96.4,93.3,97.1,95.1,53.8
1557,-6.73,0,Green Algae,4,floater,167,0.1883,0,66.99,89.0,82.3,99.1,89.9,293,5,96.4,93.3,97.1,95.1,53.6
1558,-7.20,0,White Algae,5,floater,167,0.1883,0,66.34,88.0,82.2,99.1,89.9,293,5,96.4,93.3,97.1,95.1,53.3
1559,93.30,1,Tiger Trout,62,dart,370,0.1883,1,66.25,88.0,82.2,99.1,89.9,293,5,96.4,93.3,97.1,95.1,53.3
1560,68.49,1,Bullhead,49,smooth,318,0.1883,2,66.46,88.0,82.2,99.1,89.9,293,5,96.4,93.3,97.2,95.1,53.3
1561,90.11,1,Eel,69,smooth,320,0.1883,3,66.43,88.0,82.2,99.1,89.9,293,5,96.4,93.3,97.2,95.1,53.3
1562,115.15,1,Pufferfish,85,floater,535,0.1883,4,67.13,88.0,82.2,99.1,89.9,293,5,96.4,93.3,97.2,95.1,53.5
1563,41.58,1,Smallmouth Bass,28,mixed,320,0.1882,5,66.60,88.0,82.2,99.1,89.9,293,5,96.4,93.3,97.2,95.1,53.5
1564,28.00,1,Carp,15,mixed,323,0.1882,6,66.25,88.0,82.3,99.1,89.9,293,5,96.4,93.3,97.2,95.1,53.5
1565,68.49,1,Salmon,48,mixed,338,0.1882,7,65.84,88.0,82.3,99.1,89.9,293,5,96.4,93.3,97.2,95.1,53.5
1566,124.22,1,Son of Crimsonfish,87,mixed,470,0.1882,8,66.34,88.0,82.3,99.1,90.0,293,5,96.4,93.3,97.2,95.1,53.5
1567,86.66,1,Sandfish,67,mixed,335,0.1882,9,66.30,88.0,82.3,99.1,90.0,293,5,96.4,93.3,97.2,95.1,53.5
1568,122.28,1,Blobfish,78,floater,538,0.1882,10,66.95,88.0,82.3,99.1,90.0,293,5,96.4,93.3,97.2,95.1,53.7
1569,52.72,1,Perch,37,dart,325,0.1882,11,66.19,88.0,82.3,99.1,90.0,293,5,96.4,93.3,97.2,95.1,53.7
1570,106.93,1,Squid,75,sinker,313,0.1881,12,66.75,88.0,82.3,99.1,90.0,293,5,96.4,93.3,97.2,95.1,53.7
1571,75.74,1,Halibut,49,sinker,315,0.1881,13,66.04,88.0,82.3,99.1,90.0,293,5,96.4,93.3,97.2,95.1,53.7
1572,98.99,1,Blue Discus,63,dart,498,0.1881,14,66.27,88.0,82.3,99.1,90.0,293,5,96.4,93.3,97.2,95.1,53.7
1573,73.50,1,Bullhead,44,smooth,333,0.1881,15,65.71,88.0,82.3,99.1,90.0,293,5,96.4,93.3,97.2,95.1,53.7
1574,50.10,1,Anchovy,28,dart,355,0.1881,16,65.41,88.0,82.3,99.1,90.0,293,5,96.4,93.3,97.2,95.1,53.7
1575,48.32,1,Sunfish,28,mixed,328,0.1881,17,65.01,88.0,82.3,99.1,90.0,293,5,96.4,93.3,97.2,95.2,53.7
1576,128.43,1,Angler,87,smooth,675,0.1881,18,65.23,88.0,82.3,99.1,90.1,293,5,96.4,93.3,97.2,95.2,53.7
1577,63.93,1,Sea Cucumber,43,sinker,315,0.1880,19,65.25,88.0,82.3,99.1,90.1,293,5,96.4,93.3,97.2,95.2,53.7
1578,16.72,1,White Algae,5,floater,588,0.1880,20,64.70,88.0,82.4,99.1,90.1,293,5,96.4,93.3,97.2,95.2,53.9
1579,78.18,1,Midnight Squid,53,sinker,345,0.1880,21,64.90,88.0,82.4,99.1,90.1,293,5,96.4,93.3,97.2,95.2,53.9
1580,102.42,1,Tuna,76,smooth,410,0.1880,22,64.67,88.0,82.4,99.1,90.1,293,5,96.4,93.3,97.2,95.2,53.9
1581,-34.56,0,Crimsonfish,97,mixed,250,0.1880,0,63.39,87.0,82.4,99.1,89.7,293,5,96.4,93.3,97.2,94.9,53.9
1582,58.17,1,Bream,35,smooth,318,0.1880,1,62.83,87.0,82.4,99.1,89.7,293,5,96.4,93.3,97.2,94.9,53.9
1583,50.86,1,Sardine,30,dart,325,0.1879,2,62.81,87.0,82.4,99.1,89.7,293,5,96.4,93.4,97.2,94.9,53.9
1584,57.42,1,Sea Cucumber,37,sinker,325,0.1879,3,62.64,87.0,82.4,99.1,89.7,293,5,96.4,93.4,97.2,94.9,53.9
1585,51.36,1,Sea Cucumber,37,sinker,335,0.1879,4,62.51,87.0,82.4,99.1,89.7,293,5,96.4,93.4,97.2,94.9,53.9
1586,44.15,1,Anchovy,29,dart,320,0.1879,5,62.02,87.0,82.5,99.1,89.7,293,5,96.4,93.4,97.2,94.9,53.9
1587,34.91,1,Herring,23,dart,328,0.1879,6,61.88,87.0,82.5,99.1,89.7,293,5,96.4,93.4,97.2,94.9,53.9
1588,45.58,1,Smallmouth Bass,29,mixed,358,0.1879,7,62.39,88.0,82.5,99.1,89.7,293,5,96.4,93.4,97.2,94.9,53.9
1589,125.83,1,Blobfish,82,floater,795,0.1879,8,63.10,88.0,82.5,99.1,89.8,293,5,96.4,93.4,97.2,94.9,54.1
1590,74.34,1,Walleye,45,smooth,323,0.1878,9,63.41,88.0,82.5,99.1,89.8,293,5,96.4,93.4,97.2,94.9,54.1
1591,57.69,1,Bream,34,smooth,350,0.1878,10,63.51,88.0,82.5,99.1,89.8,293,5,96.4,93.4,97.2,94.9,54.1
1592,87.87,1,Spook Fish,61,dart,413,0.1878,11,63.54,88.0,82.5,99.1,89.8,293,5,96.4,93.4,97.2,94.9,54.1
1593,61.81,1,Bream,38,smooth,325,0.1878,12,63.50,88.0,82.6,99.1,89.8,293,5,96.4,93.4,97.2,94.9,54.1
1594,72.76,1,Woodskip,47,mixed,375,0.1878,13,62.94,88.0,82.6,99.1,89.8,293,5,96.4,93.4,97.2,94.9,54.1
1595,85.80,1,Spook Fish,60,dart,513,0.1878,14,63.68,88.0,82.6,99.1,89.8,293,5,96.4,93.4,97.2,94.9,54.1
1596,-23.26,0,Radioactive Carp,86,dart,330,0.1878,0,62.93,87.0,82.6,99.1,89.4,293,5,96.4,93.2,97.2,94.9,54.1
1597,106.47,1,Dorado,82,mixed,468,0.1877,1,63.41,87.0,82.6,99.1,89.4,293,5,96.4,93.2,97.2,94.9,54.1
1598,61.25,1,Salmon,47,mixed,435,0.1877,2,63.36,87.0,82.6,99.1,89.4,293,5,96.4,93.2,97.2,94.9,54.1
1599,77.88,1,Tilapia,47,mixed,320,0.1877,3,64.17,88.0,82.6,99.1,89.4,293,5,96.4,93.2,97.2,95.0,54.1
1600,144.35,1,Octopus,86,sinker,495,0.1877,4,64.65,88.0,82.6,99.1,89.4,293,5,96.5,93.2,97.2,95.0,54.1
1601,57.81,1,Sea Cucumber,41,sinker,313,0.1877,5,64.46,88.0,82.6,99.1,89.4,293,5,96.5,93.2,97.2,95.0,54.1
1602,14.28,1,White Algae,4,floater,373,0.1877,6,63.98,88.0,82.6,99.1,89.4,293,5,96.5,93.2,97.2,95.0,54.3
1603,54.07,1,Sea Cucumber,36,sinker,330,0.1876,7,63.84,88.0,82.6,99.1,89.4,293,5,96.5,93.2,97.2,95.0,54.3
1604,60.10,1,Bullhead,41,smooth,323,0.1876,8,63.41,88.0,82.6,99.1,89.4,293,5,96.5,93.2,97.2,95.0,54.3
1605,248.29,1,Mutant Carp,82,dart,1970,0.1876,9,65.06,88.0,82.6,99.1,89.5,293,5,96.5,93.2,97.2,95.0,54.3
1606,58.61,1,Sea Cucumber,40,sinker,315,0.1876,10,65.12,88.0,82.6,99.1,89.5,293,5,96.5,93.2,97.2,95.0,54.3
1607,104.06,1,Eel,67,smooth,313,0.1876,11,65.34,88.0,82.6,99.1,89.5,293,5,96.5,93.2,97.2,95.0,54.3
1608,82.55,1,Midnight Squid,59,sinker,320,0.1876,12,65.59,88.0,82.6,99.1,89.5,293,5,96.5,93.2,97.2,95.0,54.3
1609,108.66,1,Stonefish,69,sinker,468,0.1876,13,66.71,89.0,82.6,99.1,89.5,293,5,96.5,93.2,97.2,95.0,54.3
1610,53.69,1,Bream,34,smooth,323,0.1875,14,67.32,90.0,82.6,99.1,89.5,293,5,96.5,93.2,97.2,95.0,54.3
1611,108.03,1,Eel,67,smooth,315,0.1875,15,67.68,90.0,82.6,99.1,89.5,293,5,96.5,93.2,97.3,95.0,54.3
1612,39.71,1,Smallmouth Bass,27,mixed,325,0.1875,16,67.19,90.0,82.7,99.1,89.5,293,5,96.5,93.2,97.3,95.0,54.3
1613,40.86,1,Herring,27,dart,335,0.1875,17,66.87,90.0,82.7,99.1,89.5,293,5,96.5,93.2,97.3,95.0,54.3
1614,112.87,1,Angler,83,smooth,348,0.1875,18,68.03,91.0,82.7,99.1,89.5,293,5,96.5,93.2,97.3,95.0,54.3
1615,53.10,1,Bream,33,smooth,320,0.1875,19,69.01,92.0,82.7,99.1,89.5,293,5,96.5,93.2,97.3,95.0,54.3
1616,105.38,1,Tuna,75,smooth,363,0.1875,20,69.26,92.0,82.7,99.1,89.6,293,5,96.5,93.2,97.3,95.0,54.3
1617,51.28,1,Bream,32,smooth,318,0.1874,21,69.20,92.0,82.7,99.1,89.6,293,5,96.5,93.2,97.3,95.0,54.3
1618,55.76,1,Bream,34,smooth,328,0.1874,22,68.77,92.0,82.8,99.1,89.6,293,5,96.5,93.2,97.3,95.0,54.3
1619,55.84,1,Chub,35,dart,388,0.1874,23,67.91,92.0,82.8,99.1,89.6,293,5,96.5,93.2,97.3,95.0,54.3
